di,dj,DVcap_true_mps,Tmax_true_days,node_idx,node_name,R_budget,harmonic_closeness,betweenness,strength,is_articulation
1,1,51.1579,6.8304,1,"Lyapunov L1",0.583333,0.041051,0,0.0297882,0
1,1,51.1579,6.8304,2,"Lyapunov L2",0,0,0,0,0
1,1,51.1579,6.8304,3,"Cycler 21",0.583333,0.116364,0.0454545,0.0976852,0
1,1,51.1579,6.8304,4,"Cycler 11a",0.583333,0.120851,0.0757576,0.110789,0
1,1,51.1579,6.8304,5,"Cycler 11b",0.583333,0.100878,0.0757576,0.0871894,0
1,1,51.1579,6.8304,6,"Cycler 32",0.583333,0.0843159,0.121212,0.0724998,0
1,1,51.1579,6.8304,7,"Resonant 2to1 Stable",0,0,0,0,0
1,1,51.1579,6.8304,8,"Resonant 2to1 Unstable",0.583333,0.0964036,0,0.0578157,0
1,1,51.1579,6.8304,9,"Resonant 3to1 Stable",0,0,0,0,0
1,1,51.1579,6.8304,10,"Resonant 3to1 Unstable",0,0,0,0,0
1,1,51.1579,6.8304,11,"Resonant 5to2 Stable",0,0,0,0,0
1,1,51.1579,6.8304,12,"Resonant 5to2 Unstable",0.583333,0.0473733,0,0.0146405,0
1,1,51.1579,6.8304,13,"Distant Prograde Orbit",0.583333,0.0598429,0,0.0422414,0
1,2,51.1579,7.6842,1,"Lyapunov L1",0.583333,0.0457353,0,0.0337675,0
1,2,51.1579,7.6842,2,"Lyapunov L2",0.0833333,0.0017596,0,0.0017596,0
1,2,51.1579,7.6842,3,"Cycler 21",0.583333,0.120428,0.0151515,0.101691,0
1,2,51.1579,7.6842,4,"Cycler 11a",0.583333,0.126818,0.0757576,0.117427,0
1,2,51.1579,7.6842,5,"Cycler 11b",0.583333,0.10851,0.0454545,0.0942611,0
1,2,51.1579,7.6842,6,"Cycler 32",0.583333,0.0939709,0.121212,0.0814644,0
1,2,51.1579,7.6842,7,"Resonant 2to1 Stable",0,0,0,0,0
1,2,51.1579,7.6842,8,"Resonant 2to1 Unstable",0.583333,0.099788,0,0.0599085,0
1,2,51.1579,7.6842,9,"Resonant 3to1 Stable",0,0,0,0,0
1,2,51.1579,7.6842,10,"Resonant 3to1 Unstable",0,0,0,0,0
1,2,51.1579,7.6842,11,"Resonant 5to2 Stable",0,0,0,0,0
1,2,51.1579,7.6842,12,"Resonant 5to2 Unstable",0.583333,0.0541992,0,0.0187322,0
1,2,51.1579,7.6842,13,"Distant Prograde Orbit",0.666667,0.069484,0,0.0498052,1
1,3,51.1579,8.5380,1,"Lyapunov L1",0.666667,0.0577286,0,0.0415714,0
1,3,51.1579,8.5380,2,"Lyapunov L2",0.666667,0.0153797,0,0.00999582,0
1,3,51.1579,8.5380,3,"Cycler 21",0.666667,0.127491,0,0.108256,0
1,3,51.1579,8.5380,4,"Cycler 11a",0.666667,0.133832,0.106061,0.123253,0
1,3,51.1579,8.5380,5,"Cycler 11b",0.666667,0.119711,0.106061,0.104626,0
1,3,51.1579,8.5380,6,"Cycler 32",0.666667,0.104807,0.166667,0.0913507,0
1,3,51.1579,8.5380,7,"Resonant 2to1 Stable",0,0,0,0,0
1,3,51.1579,8.5380,8,"Resonant 2to1 Unstable",0.666667,0.104231,0,0.0622626,0
1,3,51.1579,8.5380,9,"Resonant 3to1 Stable",0,0,0,0,0
1,3,51.1579,8.5380,10,"Resonant 3to1 Unstable",0,0,0,0,0
1,3,51.1579,8.5380,11,"Resonant 5to2 Stable",0,0,0,0,0
1,3,51.1579,8.5380,12,"Resonant 5to2 Unstable",0.666667,0.0603531,0,0.0218872,0
1,3,51.1579,8.5380,13,"Distant Prograde Orbit",0.666667,0.0769613,0,0.0550678,0
1,4,51.1579,9.3918,1,"Lyapunov L1",0.666667,0.0608069,0,0.0446986,0
1,4,51.1579,9.3918,2,"Lyapunov L2",0.666667,0.0180324,0,0.0117893,0
1,4,51.1579,9.3918,3,"Cycler 21",0.666667,0.130708,0,0.112142,0
1,4,51.1579,9.3918,4,"Cycler 11a",0.666667,0.138017,0.0909091,0.127464,0
1,4,51.1579,9.3918,5,"Cycler 11b",0.666667,0.125745,0.0909091,0.10974,0
1,4,51.1579,9.3918,6,"Cycler 32",0.666667,0.11231,0.136364,0.0991925,0
1,4,51.1579,9.3918,7,"Resonant 2to1 Stable",0,0,0,0,0
1,4,51.1579,9.3918,8,"Resonant 2to1 Unstable",0.666667,0.106638,0,0.0653065,0
1,4,51.1579,9.3918,9,"Resonant 3to1 Stable",0,0,0,0,0
1,4,51.1579,9.3918,10,"Resonant 3to1 Unstable",0,0,0,0,0
1,4,51.1579,9.3918,11,"Resonant 5to2 Stable",0,0,0,0,0
1,4,51.1579,9.3918,12,"Resonant 5to2 Unstable",0.666667,0.0688342,0,0.0254759,0
1,4,51.1579,9.3918,13,"Distant Prograde Orbit",0.666667,0.0854916,0.030303,0.0627311,0
1,5,51.1579,10.2456,1,"Lyapunov L1",0.666667,0.0623803,0,0.0473985,0
1,5,51.1579,10.2456,2,"Lyapunov L2",0.666667,0.0208842,0,0.0153111,0
1,5,51.1579,10.2456,3,"Cycler 21",0.666667,0.132939,0,0.112841,0
1,5,51.1579,10.2456,4,"Cycler 11a",0.666667,0.141817,0.0909091,0.129237,0
1,5,51.1579,10.2456,5,"Cycler 11b",0.666667,0.129425,0.0909091,0.113246,0
1,5,51.1579,10.2456,6,"Cycler 32",0.666667,0.123974,0.136364,0.111297,0
1,5,51.1579,10.2456,7,"Resonant 2to1 Stable",0,0,0,0,0
1,5,51.1579,10.2456,8,"Resonant 2to1 Unstable",0.666667,0.109277,0,0.0682467,0
1,5,51.1579,10.2456,9,"Resonant 3to1 Stable",0,0,0,0,0
1,5,51.1579,10.2456,10,"Resonant 3to1 Unstable",0,0,0,0,0
1,5,51.1579,10.2456,11,"Resonant 5to2 Stable",0,0,0,0,0
1,5,51.1579,10.2456,12,"Resonant 5to2 Unstable",0.666667,0.0888111,0,0.0369933,0
1,5,51.1579,10.2456,13,"Distant Prograde Orbit",0.666667,0.0908805,0,0.0669386,0
1,6,51.1579,11.0994,1,"Lyapunov L1",0.666667,0.0633645,0,0.0495952,0
1,6,51.1579,11.0994,2,"Lyapunov L2",0.666667,0.0214898,0,0.0156747,0
1,6,51.1579,11.0994,3,"Cycler 21",0.666667,0.135956,0,0.114837,0
1,6,51.1579,11.0994,4,"Cycler 11a",0.666667,0.145475,0.0909091,0.130251,0
1,6,51.1579,11.0994,5,"Cycler 11b",0.666667,0.132385,0.0909091,0.113792,0
1,6,51.1579,11.0994,6,"Cycler 32",0.666667,0.179129,0.136364,0.166827,0
1,6,51.1579,11.0994,7,"Resonant 2to1 Stable",0,0,0,0,0
1,6,51.1579,11.0994,8,"Resonant 2to1 Unstable",0.666667,0.111405,0,0.0693672,0
1,6,51.1579,11.0994,9,"Resonant 3to1 Stable",0,0,0,0,0
1,6,51.1579,11.0994,10,"Resonant 3to1 Unstable",0,0,0,0,0
1,6,51.1579,11.0994,11,"Resonant 5to2 Stable",0,0,0,0,0
1,6,51.1579,11.0994,12,"Resonant 5to2 Unstable",0.666667,0.162642,0,0.0949473,0
1,6,51.1579,11.0994,13,"Distant Prograde Orbit",0.666667,0.0984502,0,0.0687475,0
1,7,51.1579,11.9532,1,"Lyapunov L1",0.666667,0.0637045,0,0.0525737,0
1,7,51.1579,11.9532,2,"Lyapunov L2",0.666667,0.025487,0,0.0183557,0
1,7,51.1579,11.9532,3,"Cycler 21",0.666667,0.136384,0,0.115872,0
1,7,51.1579,11.9532,4,"Cycler 11a",0.666667,0.146001,0.0909091,0.131483,0
1,7,51.1579,11.9532,5,"Cycler 11b",0.666667,0.13276,0.0909091,0.114619,0
1,7,51.1579,11.9532,6,"Cycler 32",0.666667,0.179815,0.136364,0.16922,0
1,7,51.1579,11.9532,7,"Resonant 2to1 Stable",0,0,0,0,0
1,7,51.1579,11.9532,8,"Resonant 2to1 Unstable",0.666667,0.111944,0,0.0706531,0
1,7,51.1579,11.9532,9,"Resonant 3to1 Stable",0,0,0,0,0
1,7,51.1579,11.9532,10,"Resonant 3to1 Unstable",0,0,0,0,0
1,7,51.1579,11.9532,11,"Resonant 5to2 Stable",0,0,0,0,0
1,7,51.1579,11.9532,12,"Resonant 5to2 Unstable",0.666667,0.163278,0,0.0964292,0
1,7,51.1579,11.9532,13,"Distant Prograde Orbit",0.666667,0.0990859,0,0.069888,0
1,8,51.1579,12.8070,1,"Lyapunov L1",0.666667,0.072684,0,0.0601186,0
1,8,51.1579,12.8070,2,"Lyapunov L2",0.666667,0.0307925,0,0.0224245,0
1,8,51.1579,12.8070,3,"Cycler 21",0.666667,0.139966,0,0.119503,0
1,8,51.1579,12.8070,4,"Cycler 11a",0.666667,0.150648,0.0909091,0.135449,0
1,8,51.1579,12.8070,5,"Cycler 11b",0.666667,0.138871,0.0909091,0.121313,0
1,8,51.1579,12.8070,6,"Cycler 32",0.666667,0.184501,0.136364,0.173495,0
1,8,51.1579,12.8070,7,"Resonant 2to1 Stable",0,0,0,0,0
1,8,51.1579,12.8070,8,"Resonant 2to1 Unstable",0.666667,0.114405,0,0.0734728,0
1,8,51.1579,12.8070,9,"Resonant 3to1 Stable",0,0,0,0,0
1,8,51.1579,12.8070,10,"Resonant 3to1 Unstable",0,0,0,0,0
1,8,51.1579,12.8070,11,"Resonant 5to2 Stable",0,0,0,0,0
1,8,51.1579,12.8070,12,"Resonant 5to2 Unstable",0.666667,0.166838,0,0.0972102,0
1,8,51.1579,12.8070,13,"Distant Prograde Orbit",0.666667,0.103231,0,0.0758167,0
1,9,51.1579,13.6608,1,"Lyapunov L1",0.666667,0.0789329,0,0.0672197,0
1,9,51.1579,13.6608,2,"Lyapunov L2",0.666667,0.0375822,0,0.0273433,0
1,9,51.1579,13.6608,3,"Cycler 21",0.666667,0.150004,0,0.128875,0
1,9,51.1579,13.6608,4,"Cycler 11a",0.666667,0.154517,0.0909091,0.140215,0
1,9,51.1579,13.6608,5,"Cycler 11b",0.666667,0.147113,0.0757576,0.128452,0
1,9,51.1579,13.6608,6,"Cycler 32",0.666667,0.194064,0.106061,0.18304,0
1,9,51.1579,13.6608,7,"Resonant 2to1 Stable",0,0,0,0,0
1,9,51.1579,13.6608,8,"Resonant 2to1 Unstable",0.666667,0.117304,0,0.0763384,0
1,9,51.1579,13.6608,9,"Resonant 3to1 Stable",0,0,0,0,0
1,9,51.1579,13.6608,10,"Resonant 3to1 Unstable",0,0,0,0,0
1,9,51.1579,13.6608,11,"Resonant 5to2 Stable",0,0,0,0,0
1,9,51.1579,13.6608,12,"Resonant 5to2 Unstable",0.666667,0.173653,0,0.0986413,0
1,9,51.1579,13.6608,13,"Distant Prograde Orbit",0.666667,0.109116,0,0.0817567,0
1,10,51.1579,14.5146,1,"Lyapunov L1",0.666667,0.0830684,0,0.0737865,0
1,10,51.1579,14.5146,2,"Lyapunov L2",0.666667,0.0412985,0,0.032327,0
1,10,51.1579,14.5146,3,"Cycler 21",0.666667,0.154796,0.0151515,0.134228,0
1,10,51.1579,14.5146,4,"Cycler 11a",0.666667,0.157852,0.0909091,0.143931,0
1,10,51.1579,14.5146,5,"Cycler 11b",0.666667,0.150498,0.0606061,0.132377,0
1,10,51.1579,14.5146,6,"Cycler 32",0.666667,0.196521,0.106061,0.186081,0
1,10,51.1579,14.5146,7,"Resonant 2to1 Stable",0,0,0,0,0
1,10,51.1579,14.5146,8,"Resonant 2to1 Unstable",0.666667,0.119861,0,0.0808982,0
1,10,51.1579,14.5146,9,"Resonant 3to1 Stable",0,0,0,0,0
1,10,51.1579,14.5146,10,"Resonant 3to1 Unstable",0,0,0,0,0
1,10,51.1579,14.5146,11,"Resonant 5to2 Stable",0,0,0,0,0
1,10,51.1579,14.5146,12,"Resonant 5to2 Unstable",0.666667,0.175452,0,0.100451,0
1,10,51.1579,14.5146,13,"Distant Prograde Orbit",0.666667,0.116698,0,0.0889593,0
1,11,51.1579,15.3684,1,"Lyapunov L1",0.666667,0.0856143,0,0.0782403,0
1,11,51.1579,15.3684,2,"Lyapunov L2",0.666667,0.0443264,0,0.0352182,0
1,11,51.1579,15.3684,3,"Cycler 21",0.666667,0.157381,0.0151515,0.137176,0
1,11,51.1579,15.3684,4,"Cycler 11a",0.666667,0.160895,0.0909091,0.148139,0
1,11,51.1579,15.3684,5,"Cycler 11b",0.666667,0.152555,0.0606061,0.135037,0
1,11,51.1579,15.3684,6,"Cycler 32",0.666667,0.196617,0.106061,0.187025,0
1,11,51.1579,15.3684,7,"Resonant 2to1 Stable",0,0,0,0,0
1,11,51.1579,15.3684,8,"Resonant 2to1 Unstable",0.666667,0.122547,0,0.0839297,0
1,11,51.1579,15.3684,9,"Resonant 3to1 Stable",0,0,0,0,0
1,11,51.1579,15.3684,10,"Resonant 3to1 Unstable",0,0,0,0,0
1,11,51.1579,15.3684,11,"Resonant 5to2 Stable",0,0,0,0,0
1,11,51.1579,15.3684,12,"Resonant 5to2 Unstable",0.666667,0.175537,0,0.101977,0
1,11,51.1579,15.3684,13,"Distant Prograde Orbit",0.666667,0.124824,0,0.096468,0
1,12,51.1579,16.2222,1,"Lyapunov L1",0.666667,0.0907649,0,0.0885667,0
1,12,51.1579,16.2222,2,"Lyapunov L2",0.666667,0.0472407,0,0.037388,0
1,12,51.1579,16.2222,3,"Cycler 21",0.666667,0.15808,0,0.138817,0
1,12,51.1579,16.2222,4,"Cycler 11a",0.666667,0.162272,0.0909091,0.150189,0
1,12,51.1579,16.2222,5,"Cycler 11b",0.666667,0.153173,0.0454545,0.137173,0
1,12,51.1579,16.2222,6,"Cycler 32",0.666667,0.19753,0.106061,0.189672,0
1,12,51.1579,16.2222,7,"Resonant 2to1 Stable",0,0,0,0,0
1,12,51.1579,16.2222,8,"Resonant 2to1 Unstable",0.666667,0.125989,0,0.088862,0
1,12,51.1579,16.2222,9,"Resonant 3to1 Stable",0,0,0,0,0
1,12,51.1579,16.2222,10,"Resonant 3to1 Unstable",0,0,0,0,0
1,12,51.1579,16.2222,11,"Resonant 5to2 Stable",0,0,0,0,0
1,12,51.1579,16.2222,12,"Resonant 5to2 Unstable",0.666667,0.176333,0,0.111495,0
1,12,51.1579,16.2222,13,"Distant Prograde Orbit",0.666667,0.126713,0,0.102258,0
1,13,51.1579,17.0760,1,"Lyapunov L1",0.75,0.100629,0,0.0953556,0
1,13,51.1579,17.0760,2,"Lyapunov L2",0.666667,0.0522466,0,0.0407033,0
1,13,51.1579,17.0760,3,"Cycler 21",0.75,0.160607,0,0.139248,0
1,13,51.1579,17.0760,4,"Cycler 11a",0.75,0.167752,0.106061,0.153804,0
1,13,51.1579,17.0760,5,"Cycler 11b",0.75,0.15678,0.030303,0.139516,0
1,13,51.1579,17.0760,6,"Cycler 32",0.75,0.202553,0.19697,0.19473,0
1,13,51.1579,17.0760,7,"Resonant 2to1 Stable",0,0,0,0,0
1,13,51.1579,17.0760,8,"Resonant 2to1 Unstable",0.75,0.128992,0,0.0919631,0
1,13,51.1579,17.0760,9,"Resonant 3to1 Stable",0,0,0,0,0
1,13,51.1579,17.0760,10,"Resonant 3to1 Unstable",0.666667,0.015406,0,0.00381217,0
1,13,51.1579,17.0760,11,"Resonant 5to2 Stable",0,0,0,0,0
1,13,51.1579,17.0760,12,"Resonant 5to2 Unstable",0.75,0.180792,0.106061,0.11796,0
1,13,51.1579,17.0760,13,"Distant Prograde Orbit",0.75,0.133029,0,0.107605,0
1,14,51.1579,17.9298,1,"Lyapunov L1",0.75,0.104224,0,0.0995556,0
1,14,51.1579,17.9298,2,"Lyapunov L2",0.75,0.060289,0,0.0467196,0
1,14,51.1579,17.9298,3,"Cycler 21",0.75,0.161761,0,0.139933,0
1,14,51.1579,17.9298,4,"Cycler 11a",0.75,0.168146,0.106061,0.155634,0
1,14,51.1579,17.9298,5,"Cycler 11b",0.75,0.159358,0.030303,0.143081,0
1,14,51.1579,17.9298,6,"Cycler 32",0.75,0.204483,0.212121,0.197188,0
1,14,51.1579,17.9298,7,"Resonant 2to1 Stable",0,0,0,0,0
1,14,51.1579,17.9298,8,"Resonant 2to1 Unstable",0.75,0.129223,0,0.0940063,0
1,14,51.1579,17.9298,9,"Resonant 3to1 Stable",0,0,0,0,0
1,14,51.1579,17.9298,10,"Resonant 3to1 Unstable",0.75,0.018135,0,0.00413686,0
1,14,51.1579,17.9298,11,"Resonant 5to2 Stable",0,0,0,0,0
1,14,51.1579,17.9298,12,"Resonant 5to2 Unstable",0.75,0.1824,0.121212,0.12175,0
1,14,51.1579,17.9298,13,"Distant Prograde Orbit",0.75,0.134912,0,0.110047,0
1,15,51.1579,18.7836,1,"Lyapunov L1",0.75,0.105334,0,0.100859,0
1,15,51.1579,18.7836,2,"Lyapunov L2",0.75,0.0620569,0,0.0497283,0
1,15,51.1579,18.7836,3,"Cycler 21",0.75,0.162077,0,0.143373,0
1,15,51.1579,18.7836,4,"Cycler 11a",0.75,0.168289,0.106061,0.155814,0
1,15,51.1579,18.7836,5,"Cycler 11b",0.75,0.160269,0.0151515,0.144178,0
1,15,51.1579,18.7836,6,"Cycler 32",0.75,0.20501,0.212121,0.197891,0
1,15,51.1579,18.7836,7,"Resonant 2to1 Stable",0,0,0,0,0
1,15,51.1579,18.7836,8,"Resonant 2to1 Unstable",0.75,0.129338,0,0.094652,0
1,15,51.1579,18.7836,9,"Resonant 3to1 Stable",0,0,0,0,0
1,15,51.1579,18.7836,10,"Resonant 3to1 Unstable",0.75,0.0187349,0,0.0042823,0
1,15,51.1579,18.7836,11,"Resonant 5to2 Stable",0,0,0,0,0
1,15,51.1579,18.7836,12,"Resonant 5to2 Unstable",0.75,0.182851,0.121212,0.124192,0
1,15,51.1579,18.7836,13,"Distant Prograde Orbit",0.75,0.135506,0,0.110732,0
1,16,51.1579,19.6374,1,"Lyapunov L1",0.75,0.112527,0,0.108268,0
1,16,51.1579,19.6374,2,"Lyapunov L2",0.75,0.0686847,0,0.0554946,0
1,16,51.1579,19.6374,3,"Cycler 21",0.75,0.163764,0,0.145296,0
1,16,51.1579,19.6374,4,"Cycler 11a",0.75,0.175236,0.106061,0.162816,0
1,16,51.1579,19.6374,5,"Cycler 11b",0.75,0.160269,0,0.144318,0
1,16,51.1579,19.6374,6,"Cycler 32",0.75,0.205488,0.212121,0.198418,0
1,16,51.1579,19.6374,7,"Resonant 2to1 Stable",0,0,0,0,0
1,16,51.1579,19.6374,8,"Resonant 2to1 Unstable",0.75,0.130152,0,0.0949014,0
1,16,51.1579,19.6374,9,"Resonant 3to1 Stable",0,0,0,0,0
1,16,51.1579,19.6374,10,"Resonant 3to1 Unstable",0.75,0.0187555,0,0.00430246,0
1,16,51.1579,19.6374,11,"Resonant 5to2 Stable",0,0,0,0,0
1,16,51.1579,19.6374,12,"Resonant 5to2 Unstable",0.75,0.183241,0.121212,0.124548,0
1,16,51.1579,19.6374,13,"Distant Prograde Orbit",0.75,0.136197,0,0.111424,0
1,17,51.1579,20.4912,1,"Lyapunov L1",0.75,0.113973,0,0.109714,0
1,17,51.1579,20.4912,2,"Lyapunov L2",0.75,0.07247,0,0.0582486,0
1,17,51.1579,20.4912,3,"Cycler 21",0.75,0.164593,0,0.146124,0
1,17,51.1579,20.4912,4,"Cycler 11a",0.75,0.17726,0.106061,0.16484,0
1,17,51.1579,20.4912,5,"Cycler 11b",0.75,0.160269,0,0.144318,0
1,17,51.1579,20.4912,6,"Cycler 32",0.75,0.206223,0.212121,0.199154,0
1,17,51.1579,20.4912,7,"Resonant 2to1 Stable",0,0,0,0,0
1,17,51.1579,20.4912,8,"Resonant 2to1 Unstable",0.75,0.130562,0,0.0949014,0
1,17,51.1579,20.4912,9,"Resonant 3to1 Stable",0,0,0,0,0
1,17,51.1579,20.4912,10,"Resonant 3to1 Unstable",0.75,0.018784,0,0.00430346,0
1,17,51.1579,20.4912,11,"Resonant 5to2 Stable",0,0,0,0,0
1,17,51.1579,20.4912,12,"Resonant 5to2 Unstable",0.75,0.183834,0.121212,0.125098,0
1,17,51.1579,20.4912,13,"Distant Prograde Orbit",0.75,0.136761,0,0.112537,0
1,18,51.1579,21.3450,1,"Lyapunov L1",0.75,0.115014,0,0.110221,0
1,18,51.1579,21.3450,2,"Lyapunov L2",0.75,0.0779791,0,0.066601,0
1,18,51.1579,21.3450,3,"Cycler 21",0.75,0.17229,0,0.150562,0
1,18,51.1579,21.3450,4,"Cycler 11a",0.75,0.185307,0.106061,0.171807,0
1,18,51.1579,21.3450,5,"Cycler 11b",0.75,0.169117,0,0.14886,0
1,18,51.1579,21.3450,6,"Cycler 32",0.75,0.265806,0.212121,0.258824,0
1,18,51.1579,21.3450,7,"Resonant 2to1 Stable",0,0,0,0,0
1,18,51.1579,21.3450,8,"Resonant 2to1 Unstable",0.75,0.134298,0,0.0963697,0
1,18,51.1579,21.3450,9,"Resonant 3to1 Stable",0,0,0,0,0
1,18,51.1579,21.3450,10,"Resonant 3to1 Unstable",0.75,0.0190465,0,0.00430346,0
1,18,51.1579,21.3450,11,"Resonant 5to2 Stable",0,0,0,0,0
1,18,51.1579,21.3450,12,"Resonant 5to2 Unstable",0.75,0.248944,0.121212,0.180912,0
1,18,51.1579,21.3450,13,"Distant Prograde Orbit",0.75,0.148908,0,0.120433,0
1,19,51.1579,22.1988,1,"Lyapunov L1",0.75,0.1164,0,0.111606,0
1,19,51.1579,22.1988,2,"Lyapunov L2",0.75,0.0878479,0,0.07286,0
1,19,51.1579,22.1988,3,"Cycler 21",0.75,0.178506,0,0.158217,0
1,19,51.1579,22.1988,4,"Cycler 11a",0.75,0.186954,0.106061,0.173605,0
1,19,51.1579,22.1988,5,"Cycler 11b",0.75,0.171519,0,0.151834,0
1,19,51.1579,22.1988,6,"Cycler 32",0.75,0.273964,0.212121,0.267285,0
1,19,51.1579,22.1988,7,"Resonant 2to1 Stable",0,0,0,0,0
1,19,51.1579,22.1988,8,"Resonant 2to1 Unstable",0.75,0.13507,0,0.101563,0
1,19,51.1579,22.1988,9,"Resonant 3to1 Stable",0,0,0,0,0
1,19,51.1579,22.1988,10,"Resonant 3to1 Unstable",0.75,0.0191761,0,0.00431814,0
1,19,51.1579,22.1988,11,"Resonant 5to2 Stable",0,0,0,0,0
1,19,51.1579,22.1988,12,"Resonant 5to2 Unstable",0.75,0.255273,0.121212,0.181661,0
1,19,51.1579,22.1988,13,"Distant Prograde Orbit",0.75,0.152778,0,0.124171,0
1,20,51.1579,23.0527,1,"Lyapunov L1",0.75,0.117199,0,0.112922,0
1,20,51.1579,23.0527,2,"Lyapunov L2",0.75,0.0902349,0,0.0759014,0
1,20,51.1579,23.0527,3,"Cycler 21",0.75,0.179409,0,0.159373,0
1,20,51.1579,23.0527,4,"Cycler 11a",0.75,0.187293,0.106061,0.173981,0
1,20,51.1579,23.0527,5,"Cycler 11b",0.75,0.174024,0,0.154386,0
1,20,51.1579,23.0527,6,"Cycler 32",0.75,0.275496,0.212121,0.269006,0
1,20,51.1579,23.0527,7,"Resonant 2to1 Stable",0,0,0,0,0
1,20,51.1579,23.0527,8,"Resonant 2to1 Unstable",0.75,0.135285,0,0.102394,0
1,20,51.1579,23.0527,9,"Resonant 3to1 Stable",0,0,0,0,0
1,20,51.1579,23.0527,10,"Resonant 3to1 Unstable",0.75,0.0191898,0,0.00431814,0
1,20,51.1579,23.0527,11,"Resonant 5to2 Stable",0,0,0,0,0
1,20,51.1579,23.0527,12,"Resonant 5to2 Unstable",0.75,0.256381,0.121212,0.183859,0
1,20,51.1579,23.0527,13,"Distant Prograde Orbit",0.75,0.155048,0,0.126438,0
1,21,51.1579,23.9065,1,"Lyapunov L1",0.75,0.117474,0,0.115519,0
1,21,51.1579,23.9065,2,"Lyapunov L2",0.75,0.0903741,0,0.0761328,0
1,21,51.1579,23.9065,3,"Cycler 21",0.75,0.180002,0,0.160041,0
1,21,51.1579,23.9065,4,"Cycler 11a",0.75,0.194903,0.106061,0.180226,0
1,21,51.1579,23.9065,5,"Cycler 11b",0.75,0.17463,0,0.15554,0
1,21,51.1579,23.9065,6,"Cycler 32",0.75,0.281606,0.181818,0.277711,0
1,21,51.1579,23.9065,7,"Resonant 2to1 Stable",0,0,0,0,0
1,21,51.1579,23.9065,8,"Resonant 2to1 Unstable",0.75,0.138543,0,0.106756,0
1,21,51.1579,23.9065,9,"Resonant 3to1 Stable",0,0,0,0,0
1,21,51.1579,23.9065,10,"Resonant 3to1 Unstable",0.75,0.0192709,0,0.00431814,0
1,21,51.1579,23.9065,11,"Resonant 5to2 Stable",0,0,0,0,0
1,21,51.1579,23.9065,12,"Resonant 5to2 Unstable",0.75,0.261226,0.121212,0.189146,0
1,21,51.1579,23.9065,13,"Distant Prograde Orbit",0.75,0.156215,0,0.127756,0
1,22,51.1579,24.7603,1,"Lyapunov L1",0.75,0.118816,0,0.116837,0
1,22,51.1579,24.7603,2,"Lyapunov L2",0.75,0.0912669,0,0.0771076,0
1,22,51.1579,24.7603,3,"Cycler 21",0.75,0.180002,0,0.160391,0
1,22,51.1579,24.7603,4,"Cycler 11a",0.75,0.194903,0.106061,0.180226,0
1,22,51.1579,24.7603,5,"Cycler 11b",0.75,0.17463,0,0.15606,0
1,22,51.1579,24.7603,6,"Cycler 32",0.75,0.282029,0.181818,0.278218,0
1,22,51.1579,24.7603,7,"Resonant 2to1 Stable",0,0,0,0,0
1,22,51.1579,24.7603,8,"Resonant 2to1 Unstable",0.75,0.138543,0,0.106968,0
1,22,51.1579,24.7603,9,"Resonant 3to1 Stable",0,0,0,0,0
1,22,51.1579,24.7603,10,"Resonant 3to1 Unstable",0.75,0.0192941,0,0.00432491,0
1,22,51.1579,24.7603,11,"Resonant 5to2 Stable",0,0,0,0,0
1,22,51.1579,24.7603,12,"Resonant 5to2 Unstable",0.75,0.262007,0.121212,0.191138,0
1,22,51.1579,24.7603,13,"Distant Prograde Orbit",0.75,0.156994,0,0.128658,0
1,23,51.1579,25.6141,1,"Lyapunov L1",0.75,0.122258,0,0.120268,0
1,23,51.1579,25.6141,2,"Lyapunov L2",0.75,0.0923913,0,0.0783141,0
1,23,51.1579,25.6141,3,"Cycler 21",0.75,0.180774,0,0.161512,0
1,23,51.1579,25.6141,4,"Cycler 11a",0.75,0.194903,0.106061,0.180226,0
1,23,51.1579,25.6141,5,"Cycler 11b",0.75,0.17463,0,0.156291,0
1,23,51.1579,25.6141,6,"Cycler 32",0.75,0.283158,0.181818,0.279347,0
1,23,51.1579,25.6141,7,"Resonant 2to1 Stable",0,0,0,0,0
1,23,51.1579,25.6141,8,"Resonant 2to1 Unstable",0.75,0.138882,0,0.107629,0
1,23,51.1579,25.6141,9,"Resonant 3to1 Stable",0,0,0,0,0
1,23,51.1579,25.6141,10,"Resonant 3to1 Unstable",0.75,0.0193057,0,0.00432491,0
1,23,51.1579,25.6141,11,"Resonant 5to2 Stable",0,0,0,0,0
1,23,51.1579,25.6141,12,"Resonant 5to2 Unstable",0.75,0.262433,0.121212,0.192959,0
1,23,51.1579,25.6141,13,"Distant Prograde Orbit",0.75,0.157354,0,0.12943,0
1,24,51.1579,26.4679,1,"Lyapunov L1",0.75,0.122525,0,0.120534,0
1,24,51.1579,26.4679,2,"Lyapunov L2",0.75,0.0926423,0,0.0787538,0
1,24,51.1579,26.4679,3,"Cycler 21",0.75,0.180774,0,0.161518,0
1,24,51.1579,26.4679,4,"Cycler 11a",0.75,0.194903,0.106061,0.180226,0
1,24,51.1579,26.4679,5,"Cycler 11b",0.75,0.17463,0,0.156291,0
1,24,51.1579,26.4679,6,"Cycler 32",0.75,0.283158,0.181818,0.279347,0
1,24,51.1579,26.4679,7,"Resonant 2to1 Stable",0,0,0,0,0
1,24,51.1579,26.4679,8,"Resonant 2to1 Unstable",0.75,0.138882,0,0.107788,0
1,24,51.1579,26.4679,9,"Resonant 3to1 Stable",0,0,0,0,0
1,24,51.1579,26.4679,10,"Resonant 3to1 Unstable",0.75,0.0193061,0,0.00432491,0
1,24,51.1579,26.4679,11,"Resonant 5to2 Stable",0,0,0,0,0
1,24,51.1579,26.4679,12,"Resonant 5to2 Unstable",0.75,0.262449,0.121212,0.193328,0
1,24,51.1579,26.4679,13,"Distant Prograde Orbit",0.75,0.157354,0,0.12943,0
1,25,51.1579,27.3217,1,"Lyapunov L1",0.75,0.123935,0,0.121944,0
1,25,51.1579,27.3217,2,"Lyapunov L2",0.75,0.092899,0,0.0790228,0
1,25,51.1579,27.3217,3,"Cycler 21",0.75,0.181928,0,0.162671,0
1,25,51.1579,27.3217,4,"Cycler 11a",0.75,0.194903,0.106061,0.180226,0
1,25,51.1579,27.3217,5,"Cycler 11b",0.75,0.17463,0,0.156291,0
1,25,51.1579,27.3217,6,"Cycler 32",0.75,0.286442,0.181818,0.282631,0
1,25,51.1579,27.3217,7,"Resonant 2to1 Stable",0,0,0,0,0
1,25,51.1579,27.3217,8,"Resonant 2to1 Unstable",0.75,0.138882,0,0.112089,0
1,25,51.1579,27.3217,9,"Resonant 3to1 Stable",0,0,0,0,0
1,25,51.1579,27.3217,10,"Resonant 3to1 Unstable",0.75,0.0193241,0,0.00432491,0
1,25,51.1579,27.3217,11,"Resonant 5to2 Stable",0,0,0,0,0
1,25,51.1579,27.3217,12,"Resonant 5to2 Unstable",0.75,0.264664,0.121212,0.196128,0
1,25,51.1579,27.3217,13,"Distant Prograde Orbit",0.75,0.162871,0,0.134228,0
2,1,66.0789,6.8304,1,"Lyapunov L1",0.583333,0.041051,0,0.0314007,0
2,1,66.0789,6.8304,2,"Lyapunov L2",0.333333,0.00531979,0,0.00531979,0
2,1,66.0789,6.8304,3,"Cycler 21",0.666667,0.117656,0.0454545,0.100623,0
2,1,66.0789,6.8304,4,"Cycler 11a",0.666667,0.122142,0.0757576,0.113692,0
2,1,66.0789,6.8304,5,"Cycler 11b",0.583333,0.100878,0.0757576,0.0871894,0
2,1,66.0789,6.8304,6,"Cycler 32",0.666667,0.0856344,0.121212,0.0738953,0
2,1,66.0789,6.8304,7,"Resonant 2to1 Stable",0,0,0,0,0
2,1,66.0789,6.8304,8,"Resonant 2to1 Unstable",0.583333,0.0964036,0,0.0592005,0
2,1,66.0789,6.8304,9,"Resonant 3to1 Stable",0,0,0,0,0
2,1,66.0789,6.8304,10,"Resonant 3to1 Unstable",0,0,0,0,0
2,1,66.0789,6.8304,11,"Resonant 5to2 Stable",0,0,0,0,0
2,1,66.0789,6.8304,12,"Resonant 5to2 Unstable",0.583333,0.0473733,0,0.0194342,0
2,1,66.0789,6.8304,13,"Distant Prograde Orbit",0.666667,0.0612619,0,0.0450453,0
2,2,66.0789,7.6842,1,"Lyapunov L1",0.666667,0.0471358,0,0.035347,0
2,2,66.0789,7.6842,2,"Lyapunov L2",0.666667,0.012632,0,0.00824992,0
2,2,66.0789,7.6842,3,"Cycler 21",0.666667,0.122071,0.0151515,0.105189,0
2,2,66.0789,7.6842,4,"Cycler 11a",0.666667,0.128387,0.0909091,0.119128,0
2,2,66.0789,7.6842,5,"Cycler 11b",0.666667,0.110145,0.0606061,0.0958959,0
2,2,66.0789,7.6842,6,"Cycler 32",0.666667,0.0956135,0.136364,0.083107,0
2,2,66.0789,7.6842,7,"Resonant 2to1 Stable",0,0,0,0,0
2,2,66.0789,7.6842,8,"Resonant 2to1 Unstable",0.666667,0.101297,0,0.0614928,0
2,2,66.0789,7.6842,9,"Resonant 3to1 Stable",0,0,0,0,0
2,2,66.0789,7.6842,10,"Resonant 3to1 Unstable",0,0,0,0,0
2,2,66.0789,7.6842,11,"Resonant 5to2 Stable",0,0,0,0,0
2,2,66.0789,7.6842,12,"Resonant 5to2 Unstable",0.666667,0.0556718,0,0.0222977,0
2,2,66.0789,7.6842,13,"Distant Prograde Orbit",0.666667,0.069484,0,0.0513895,0
2,3,66.0789,8.5380,1,"Lyapunov L1",0.666667,0.0577286,0,0.0415714,0
2,3,66.0789,8.5380,2,"Lyapunov L2",0.666667,0.0155583,0,0.010112,0
2,3,66.0789,8.5380,3,"Cycler 21",0.666667,0.127491,0,0.11033,0
2,3,66.0789,8.5380,4,"Cycler 11a",0.666667,0.133926,0.106061,0.12337,0
2,3,66.0789,8.5380,5,"Cycler 11b",0.666667,0.119711,0.106061,0.104626,0
2,3,66.0789,8.5380,6,"Cycler 32",0.666667,0.104807,0.136364,0.0913507,0
2,3,66.0789,8.5380,7,"Resonant 2to1 Stable",0,0,0,0,0
2,3,66.0789,8.5380,8,"Resonant 2to1 Unstable",0.666667,0.104316,0,0.0641882,0
2,3,66.0789,8.5380,9,"Resonant 3to1 Stable",0,0,0,0,0
2,3,66.0789,8.5380,10,"Resonant 3to1 Unstable",0,0,0,0,0
2,3,66.0789,8.5380,11,"Resonant 5to2 Stable",0,0,0,0,0
2,3,66.0789,8.5380,12,"Resonant 5to2 Unstable",0.666667,0.0603531,0,0.0239611,0
2,3,66.0789,8.5380,13,"Distant Prograde Orbit",0.666667,0.0769613,0,0.0569934,0
2,4,66.0789,9.3918,1,"Lyapunov L1",0.666667,0.0608069,0,0.0446986,0
2,4,66.0789,9.3918,2,"Lyapunov L2",0.666667,0.0180324,0,0.0117893,0
2,4,66.0789,9.3918,3,"Cycler 21",0.666667,0.130708,0,0.114371,0
2,4,66.0789,9.3918,4,"Cycler 11a",0.666667,0.138017,0.0909091,0.127464,0
2,4,66.0789,9.3918,5,"Cycler 11b",0.666667,0.125745,0.0909091,0.11105,0
2,4,66.0789,9.3918,6,"Cycler 32",0.666667,0.11231,0.136364,0.0991925,0
2,4,66.0789,9.3918,7,"Resonant 2to1 Stable",0,0,0,0,0
2,4,66.0789,9.3918,8,"Resonant 2to1 Unstable",0.666667,0.106638,0,0.0674389,0
2,4,66.0789,9.3918,9,"Resonant 3to1 Stable",0,0,0,0,0
2,4,66.0789,9.3918,10,"Resonant 3to1 Unstable",0,0,0,0,0
2,4,66.0789,9.3918,11,"Resonant 5to2 Stable",0,0,0,0,0
2,4,66.0789,9.3918,12,"Resonant 5to2 Unstable",0.666667,0.0688342,0,0.0290151,0
2,4,66.0789,9.3918,13,"Distant Prograde Orbit",0.666667,0.0854916,0.030303,0.0648635,0
2,5,66.0789,10.2456,1,"Lyapunov L1",0.666667,0.0623803,0,0.0473985,0
2,5,66.0789,10.2456,2,"Lyapunov L2",0.666667,0.0208842,0,0.0153111,0
2,5,66.0789,10.2456,3,"Cycler 21",0.666667,0.132939,0,0.11507,0
2,5,66.0789,10.2456,4,"Cycler 11a",0.666667,0.141817,0.0909091,0.129237,0
2,5,66.0789,10.2456,5,"Cycler 11b",0.666667,0.129425,0.0909091,0.113376,0
2,5,66.0789,10.2456,6,"Cycler 32",0.666667,0.123974,0.136364,0.111297,0
2,5,66.0789,10.2456,7,"Resonant 2to1 Stable",0,0,0,0,0
2,5,66.0789,10.2456,8,"Resonant 2to1 Unstable",0.666667,0.109277,0,0.0685065,0
2,5,66.0789,10.2456,9,"Resonant 3to1 Stable",0,0,0,0,0
2,5,66.0789,10.2456,10,"Resonant 3to1 Unstable",0,0,0,0,0
2,5,66.0789,10.2456,11,"Resonant 5to2 Stable",0,0,0,0,0
2,5,66.0789,10.2456,12,"Resonant 5to2 Unstable",0.666667,0.0888111,0,0.0393521,0
2,5,66.0789,10.2456,13,"Distant Prograde Orbit",0.666667,0.0908805,0,0.0671984,0
2,6,66.0789,11.0994,1,"Lyapunov L1",0.666667,0.0633645,0,0.0495952,0
2,6,66.0789,11.0994,2,"Lyapunov L2",0.666667,0.0214898,0,0.0156747,0
2,6,66.0789,11.0994,3,"Cycler 21",0.666667,0.135956,0,0.115078,0
2,6,66.0789,11.0994,4,"Cycler 11a",0.666667,0.145475,0.0909091,0.130251,0
2,6,66.0789,11.0994,5,"Cycler 11b",0.666667,0.132385,0.0909091,0.113792,0
2,6,66.0789,11.0994,6,"Cycler 32",0.666667,0.179129,0.136364,0.166827,0
2,6,66.0789,11.0994,7,"Resonant 2to1 Stable",0,0,0,0,0
2,6,66.0789,11.0994,8,"Resonant 2to1 Unstable",0.666667,0.111405,0,0.0693672,0
2,6,66.0789,11.0994,9,"Resonant 3to1 Stable",0,0,0,0,0
2,6,66.0789,11.0994,10,"Resonant 3to1 Unstable",0,0,0,0,0
2,6,66.0789,11.0994,11,"Resonant 5to2 Stable",0,0,0,0,0
2,6,66.0789,11.0994,12,"Resonant 5to2 Unstable",0.666667,0.162642,0,0.095188,0
2,6,66.0789,11.0994,13,"Distant Prograde Orbit",0.666667,0.0984502,0,0.0687475,0
2,7,66.0789,11.9532,1,"Lyapunov L1",0.666667,0.0637045,0,0.0527085,0
2,7,66.0789,11.9532,2,"Lyapunov L2",0.666667,0.025487,0,0.0184905,0
2,7,66.0789,11.9532,3,"Cycler 21",0.666667,0.136384,0,0.115872,0
2,7,66.0789,11.9532,4,"Cycler 11a",0.666667,0.146001,0.0909091,0.131483,0
2,7,66.0789,11.9532,5,"Cycler 11b",0.666667,0.13276,0.0909091,0.114619,0
2,7,66.0789,11.9532,6,"Cycler 32",0.666667,0.179815,0.136364,0.16922,0
2,7,66.0789,11.9532,7,"Resonant 2to1 Stable",0,0,0,0,0
2,7,66.0789,11.9532,8,"Resonant 2to1 Unstable",0.666667,0.111944,0,0.0706531,0
2,7,66.0789,11.9532,9,"Resonant 3to1 Stable",0,0,0,0,0
2,7,66.0789,11.9532,10,"Resonant 3to1 Unstable",0,0,0,0,0
2,7,66.0789,11.9532,11,"Resonant 5to2 Stable",0,0,0,0,0
2,7,66.0789,11.9532,12,"Resonant 5to2 Unstable",0.666667,0.163278,0,0.0964292,0
2,7,66.0789,11.9532,13,"Distant Prograde Orbit",0.666667,0.0990859,0,0.069888,0
2,8,66.0789,12.8070,1,"Lyapunov L1",0.666667,0.072684,0,0.0601186,0
2,8,66.0789,12.8070,2,"Lyapunov L2",0.666667,0.0307925,0,0.0237698,0
2,8,66.0789,12.8070,3,"Cycler 21",0.666667,0.139966,0,0.119503,0
2,8,66.0789,12.8070,4,"Cycler 11a",0.666667,0.150648,0.0909091,0.135449,0
2,8,66.0789,12.8070,5,"Cycler 11b",0.666667,0.138871,0.0909091,0.121313,0
2,8,66.0789,12.8070,6,"Cycler 32",0.666667,0.184501,0.136364,0.173495,0
2,8,66.0789,12.8070,7,"Resonant 2to1 Stable",0,0,0,0,0
2,8,66.0789,12.8070,8,"Resonant 2to1 Unstable",0.666667,0.114405,0,0.0748181,0
2,8,66.0789,12.8070,9,"Resonant 3to1 Stable",0,0,0,0,0
2,8,66.0789,12.8070,10,"Resonant 3to1 Unstable",0,0,0,0,0
2,8,66.0789,12.8070,11,"Resonant 5to2 Stable",0,0,0,0,0
2,8,66.0789,12.8070,12,"Resonant 5to2 Unstable",0.666667,0.166838,0,0.0972102,0
2,8,66.0789,12.8070,13,"Distant Prograde Orbit",0.666667,0.103231,0,0.0758167,0
2,9,66.0789,13.6608,1,"Lyapunov L1",0.666667,0.0789329,0,0.0672197,0
2,9,66.0789,13.6608,2,"Lyapunov L2",0.666667,0.0375822,0,0.029148,0
2,9,66.0789,13.6608,3,"Cycler 21",0.666667,0.150004,0,0.128875,0
2,9,66.0789,13.6608,4,"Cycler 11a",0.666667,0.154517,0.0909091,0.140215,0
2,9,66.0789,13.6608,5,"Cycler 11b",0.666667,0.147113,0.0757576,0.128452,0
2,9,66.0789,13.6608,6,"Cycler 32",0.666667,0.194064,0.106061,0.18304,0
2,9,66.0789,13.6608,7,"Resonant 2to1 Stable",0,0,0,0,0
2,9,66.0789,13.6608,8,"Resonant 2to1 Unstable",0.666667,0.117304,0,0.078143,0
2,9,66.0789,13.6608,9,"Resonant 3to1 Stable",0,0,0,0,0
2,9,66.0789,13.6608,10,"Resonant 3to1 Unstable",0,0,0,0,0
2,9,66.0789,13.6608,11,"Resonant 5to2 Stable",0,0,0,0,0
2,9,66.0789,13.6608,12,"Resonant 5to2 Unstable",0.666667,0.173653,0,0.0986413,0
2,9,66.0789,13.6608,13,"Distant Prograde Orbit",0.666667,0.109116,0,0.0817567,0
2,10,66.0789,14.5146,1,"Lyapunov L1",0.666667,0.0830684,0,0.0737865,0
2,10,66.0789,14.5146,2,"Lyapunov L2",0.666667,0.0412985,0,0.0323405,0
2,10,66.0789,14.5146,3,"Cycler 21",0.666667,0.154796,0.0151515,0.134228,0
2,10,66.0789,14.5146,4,"Cycler 11a",0.666667,0.157852,0.0909091,0.143931,0
2,10,66.0789,14.5146,5,"Cycler 11b",0.666667,0.150498,0.0606061,0.132377,0
2,10,66.0789,14.5146,6,"Cycler 32",0.666667,0.196521,0.106061,0.186081,0
2,10,66.0789,14.5146,7,"Resonant 2to1 Stable",0,0,0,0,0
2,10,66.0789,14.5146,8,"Resonant 2to1 Unstable",0.666667,0.119861,0,0.0809117,0
2,10,66.0789,14.5146,9,"Resonant 3to1 Stable",0,0,0,0,0
2,10,66.0789,14.5146,10,"Resonant 3to1 Unstable",0,0,0,0,0
2,10,66.0789,14.5146,11,"Resonant 5to2 Stable",0,0,0,0,0
2,10,66.0789,14.5146,12,"Resonant 5to2 Unstable",0.666667,0.175452,0,0.100451,0
2,10,66.0789,14.5146,13,"Distant Prograde Orbit",0.666667,0.116698,0,0.0889593,0
2,11,66.0789,15.3684,1,"Lyapunov L1",0.666667,0.0856143,0,0.0782403,0
2,11,66.0789,15.3684,2,"Lyapunov L2",0.666667,0.0443264,0,0.0353008,0
2,11,66.0789,15.3684,3,"Cycler 21",0.666667,0.157381,0.0151515,0.137176,0
2,11,66.0789,15.3684,4,"Cycler 11a",0.666667,0.160895,0.0909091,0.148139,0
2,11,66.0789,15.3684,5,"Cycler 11b",0.666667,0.152555,0.0606061,0.135037,0
2,11,66.0789,15.3684,6,"Cycler 32",0.666667,0.196617,0.106061,0.187025,0
2,11,66.0789,15.3684,7,"Resonant 2to1 Stable",0,0,0,0,0
2,11,66.0789,15.3684,8,"Resonant 2to1 Unstable",0.666667,0.122547,0,0.0840123,0
2,11,66.0789,15.3684,9,"Resonant 3to1 Stable",0,0,0,0,0
2,11,66.0789,15.3684,10,"Resonant 3to1 Unstable",0,0,0,0,0
2,11,66.0789,15.3684,11,"Resonant 5to2 Stable",0,0,0,0,0
2,11,66.0789,15.3684,12,"Resonant 5to2 Unstable",0.666667,0.175537,0,0.104111,0
2,11,66.0789,15.3684,13,"Distant Prograde Orbit",0.666667,0.124824,0,0.0986028,0
2,12,66.0789,16.2222,1,"Lyapunov L1",0.75,0.0921163,0,0.0885667,0
2,12,66.0789,16.2222,2,"Lyapunov L2",0.75,0.0485106,0,0.037388,0
2,12,66.0789,16.2222,3,"Cycler 21",0.75,0.159544,0,0.138817,0
2,12,66.0789,16.2222,4,"Cycler 11a",0.75,0.163741,0.106061,0.150189,0
2,12,66.0789,16.2222,5,"Cycler 11b",0.75,0.154637,0.0606061,0.137173,0
2,12,66.0789,16.2222,6,"Cycler 32",0.75,0.199115,0.227273,0.191257,1
2,12,66.0789,16.2222,7,"Resonant 2to1 Stable",0,0,0,0,0
2,12,66.0789,16.2222,8,"Resonant 2to1 Unstable",0.75,0.127406,0,0.088862,0
2,12,66.0789,16.2222,9,"Resonant 3to1 Stable",0,0,0,0,0
2,12,66.0789,16.2222,10,"Resonant 3to1 Unstable",0.75,0.0130738,0,0.00158502,0
2,12,66.0789,16.2222,11,"Resonant 5to2 Stable",0,0,0,0,0
2,12,66.0789,16.2222,12,"Resonant 5to2 Unstable",0.75,0.177888,0,0.111495,0
2,12,66.0789,16.2222,13,"Distant Prograde Orbit",0.75,0.128212,0,0.102258,0
2,13,66.0789,17.0760,1,"Lyapunov L1",0.75,0.100629,0,0.0953556,0
2,13,66.0789,17.0760,2,"Lyapunov L2",0.75,0.0538559,0,0.0407033,0
2,13,66.0789,17.0760,3,"Cycler 21",0.75,0.160607,0,0.139248,0
2,13,66.0789,17.0760,4,"Cycler 11a",0.75,0.167752,0.106061,0.153804,0
2,13,66.0789,17.0760,5,"Cycler 11b",0.75,0.15678,0.030303,0.139516,0
2,13,66.0789,17.0760,6,"Cycler 32",0.75,0.202553,0.212121,0.194768,0
2,13,66.0789,17.0760,7,"Resonant 2to1 Stable",0,0,0,0,0
2,13,66.0789,17.0760,8,"Resonant 2to1 Unstable",0.75,0.128992,0,0.0919631,0
2,13,66.0789,17.0760,9,"Resonant 3to1 Stable",0,0,0,0,0
2,13,66.0789,17.0760,10,"Resonant 3to1 Unstable",0.75,0.0170153,0,0.00384939,0
2,13,66.0789,17.0760,11,"Resonant 5to2 Stable",0,0,0,0,0
2,13,66.0789,17.0760,12,"Resonant 5to2 Unstable",0.75,0.180792,0.121212,0.11796,0
2,13,66.0789,17.0760,13,"Distant Prograde Orbit",0.75,0.133029,0,0.107605,0
2,14,66.0789,17.9298,1,"Lyapunov L1",0.75,0.104224,0,0.0995556,0
2,14,66.0789,17.9298,2,"Lyapunov L2",0.75,0.060289,0,0.0481102,0
2,14,66.0789,17.9298,3,"Cycler 21",0.75,0.161761,0,0.139933,0
2,14,66.0789,17.9298,4,"Cycler 11a",0.75,0.168146,0.106061,0.155634,0
2,14,66.0789,17.9298,5,"Cycler 11b",0.75,0.159358,0.030303,0.143081,0
2,14,66.0789,17.9298,6,"Cycler 32",0.75,0.204483,0.212121,0.197188,0
2,14,66.0789,17.9298,7,"Resonant 2to1 Stable",0,0,0,0,0
2,14,66.0789,17.9298,8,"Resonant 2to1 Unstable",0.75,0.129223,0,0.0940063,0
2,14,66.0789,17.9298,9,"Resonant 3to1 Stable",0,0,0,0,0
2,14,66.0789,17.9298,10,"Resonant 3to1 Unstable",0.75,0.018135,0,0.00413686,0
2,14,66.0789,17.9298,11,"Resonant 5to2 Stable",0,0,0,0,0
2,14,66.0789,17.9298,12,"Resonant 5to2 Unstable",0.75,0.1824,0.121212,0.123141,0
2,14,66.0789,17.9298,13,"Distant Prograde Orbit",0.75,0.134912,0,0.110047,0
2,15,66.0789,18.7836,1,"Lyapunov L1",0.75,0.105334,0,0.100859,0
2,15,66.0789,18.7836,2,"Lyapunov L2",0.75,0.0620569,0,0.051448,0
2,15,66.0789,18.7836,3,"Cycler 21",0.75,0.162077,0,0.143373,0
2,15,66.0789,18.7836,4,"Cycler 11a",0.75,0.168289,0.106061,0.155814,0
2,15,66.0789,18.7836,5,"Cycler 11b",0.75,0.160269,0.0151515,0.144178,0
2,15,66.0789,18.7836,6,"Cycler 32",0.75,0.20501,0.212121,0.197891,0
2,15,66.0789,18.7836,7,"Resonant 2to1 Stable",0,0,0,0,0
2,15,66.0789,18.7836,8,"Resonant 2to1 Unstable",0.75,0.129338,0,0.094652,0
2,15,66.0789,18.7836,9,"Resonant 3to1 Stable",0,0,0,0,0
2,15,66.0789,18.7836,10,"Resonant 3to1 Unstable",0.75,0.0187349,0,0.0042823,0
2,15,66.0789,18.7836,11,"Resonant 5to2 Stable",0,0,0,0,0
2,15,66.0789,18.7836,12,"Resonant 5to2 Unstable",0.75,0.182851,0.121212,0.125911,0
2,15,66.0789,18.7836,13,"Distant Prograde Orbit",0.75,0.135506,0,0.110732,0
2,16,66.0789,19.6374,1,"Lyapunov L1",0.75,0.112527,0,0.108268,0
2,16,66.0789,19.6374,2,"Lyapunov L2",0.75,0.0686847,0,0.0573795,0
2,16,66.0789,19.6374,3,"Cycler 21",0.75,0.163764,0,0.145296,0
2,16,66.0789,19.6374,4,"Cycler 11a",0.75,0.175236,0.106061,0.162816,0
2,16,66.0789,19.6374,5,"Cycler 11b",0.75,0.160269,0,0.144318,0
2,16,66.0789,19.6374,6,"Cycler 32",0.75,0.205488,0.212121,0.198418,0
2,16,66.0789,19.6374,7,"Resonant 2to1 Stable",0,0,0,0,0
2,16,66.0789,19.6374,8,"Resonant 2to1 Unstable",0.75,0.130152,0,0.0949014,0
2,16,66.0789,19.6374,9,"Resonant 3to1 Stable",0,0,0,0,0
2,16,66.0789,19.6374,10,"Resonant 3to1 Unstable",0.75,0.0187555,0,0.00430246,0
2,16,66.0789,19.6374,11,"Resonant 5to2 Stable",0,0,0,0,0
2,16,66.0789,19.6374,12,"Resonant 5to2 Unstable",0.75,0.183241,0.121212,0.126433,0
2,16,66.0789,19.6374,13,"Distant Prograde Orbit",0.75,0.136197,0,0.111424,0
2,17,66.0789,20.4912,1,"Lyapunov L1",0.75,0.113973,0,0.109714,0
2,17,66.0789,20.4912,2,"Lyapunov L2",0.75,0.07247,0,0.0601922,0
2,17,66.0789,20.4912,3,"Cycler 21",0.75,0.164593,0,0.146124,0
2,17,66.0789,20.4912,4,"Cycler 11a",0.75,0.17726,0.106061,0.16484,0
2,17,66.0789,20.4912,5,"Cycler 11b",0.75,0.160269,0,0.144318,0
2,17,66.0789,20.4912,6,"Cycler 32",0.75,0.206223,0.212121,0.199154,0
2,17,66.0789,20.4912,7,"Resonant 2to1 Stable",0,0,0,0,0
2,17,66.0789,20.4912,8,"Resonant 2to1 Unstable",0.75,0.130562,0,0.0949014,0
2,17,66.0789,20.4912,9,"Resonant 3to1 Stable",0,0,0,0,0
2,17,66.0789,20.4912,10,"Resonant 3to1 Unstable",0.75,0.018784,0,0.00430346,0
2,17,66.0789,20.4912,11,"Resonant 5to2 Stable",0,0,0,0,0
2,17,66.0789,20.4912,12,"Resonant 5to2 Unstable",0.75,0.183834,0.121212,0.127042,0
2,17,66.0789,20.4912,13,"Distant Prograde Orbit",0.75,0.136761,0,0.112537,0
2,18,66.0789,21.3450,1,"Lyapunov L1",0.75,0.115014,0,0.110221,0
2,18,66.0789,21.3450,2,"Lyapunov L2",0.75,0.0779791,0,0.066601,0
2,18,66.0789,21.3450,3,"Cycler 21",0.75,0.17229,0,0.150562,0
2,18,66.0789,21.3450,4,"Cycler 11a",0.75,0.185307,0.106061,0.171807,0
2,18,66.0789,21.3450,5,"Cycler 11b",0.75,0.169117,0,0.14886,0
2,18,66.0789,21.3450,6,"Cycler 32",0.75,0.265806,0.212121,0.258824,0
2,18,66.0789,21.3450,7,"Resonant 2to1 Stable",0,0,0,0,0
2,18,66.0789,21.3450,8,"Resonant 2to1 Unstable",0.75,0.134298,0,0.0963697,0
2,18,66.0789,21.3450,9,"Resonant 3to1 Stable",0,0,0,0,0
2,18,66.0789,21.3450,10,"Resonant 3to1 Unstable",0.75,0.0190465,0,0.00430346,0
2,18,66.0789,21.3450,11,"Resonant 5to2 Stable",0,0,0,0,0
2,18,66.0789,21.3450,12,"Resonant 5to2 Unstable",0.75,0.248944,0.121212,0.180912,0
2,18,66.0789,21.3450,13,"Distant Prograde Orbit",0.75,0.148908,0,0.120433,0
2,19,66.0789,22.1988,1,"Lyapunov L1",0.75,0.1164,0,0.111606,0
2,19,66.0789,22.1988,2,"Lyapunov L2",0.75,0.0878479,0,0.07286,0
2,19,66.0789,22.1988,3,"Cycler 21",0.75,0.178506,0,0.158217,0
2,19,66.0789,22.1988,4,"Cycler 11a",0.75,0.186954,0.106061,0.173605,0
2,19,66.0789,22.1988,5,"Cycler 11b",0.75,0.171519,0,0.151834,0
2,19,66.0789,22.1988,6,"Cycler 32",0.75,0.273964,0.212121,0.267285,0
2,19,66.0789,22.1988,7,"Resonant 2to1 Stable",0,0,0,0,0
2,19,66.0789,22.1988,8,"Resonant 2to1 Unstable",0.75,0.13507,0,0.101563,0
2,19,66.0789,22.1988,9,"Resonant 3to1 Stable",0,0,0,0,0
2,19,66.0789,22.1988,10,"Resonant 3to1 Unstable",0.75,0.0191761,0,0.00431814,0
2,19,66.0789,22.1988,11,"Resonant 5to2 Stable",0,0,0,0,0
2,19,66.0789,22.1988,12,"Resonant 5to2 Unstable",0.75,0.255273,0.121212,0.181661,0
2,19,66.0789,22.1988,13,"Distant Prograde Orbit",0.75,0.152778,0,0.124171,0
2,20,66.0789,23.0527,1,"Lyapunov L1",0.75,0.117199,0,0.112922,0
2,20,66.0789,23.0527,2,"Lyapunov L2",0.75,0.0902349,0,0.0759014,0
2,20,66.0789,23.0527,3,"Cycler 21",0.75,0.179409,0,0.159373,0
2,20,66.0789,23.0527,4,"Cycler 11a",0.75,0.187293,0.106061,0.173981,0
2,20,66.0789,23.0527,5,"Cycler 11b",0.75,0.174024,0,0.154386,0
2,20,66.0789,23.0527,6,"Cycler 32",0.75,0.275496,0.212121,0.269006,0
2,20,66.0789,23.0527,7,"Resonant 2to1 Stable",0,0,0,0,0
2,20,66.0789,23.0527,8,"Resonant 2to1 Unstable",0.75,0.135285,0,0.102394,0
2,20,66.0789,23.0527,9,"Resonant 3to1 Stable",0,0,0,0,0
2,20,66.0789,23.0527,10,"Resonant 3to1 Unstable",0.75,0.0191898,0,0.00431814,0
2,20,66.0789,23.0527,11,"Resonant 5to2 Stable",0,0,0,0,0
2,20,66.0789,23.0527,12,"Resonant 5to2 Unstable",0.75,0.256381,0.121212,0.183859,0
2,20,66.0789,23.0527,13,"Distant Prograde Orbit",0.75,0.155048,0,0.126438,0
2,21,66.0789,23.9065,1,"Lyapunov L1",0.75,0.117474,0,0.115519,0
2,21,66.0789,23.9065,2,"Lyapunov L2",0.75,0.0903741,0,0.0761328,0
2,21,66.0789,23.9065,3,"Cycler 21",0.75,0.180002,0,0.160041,0
2,21,66.0789,23.9065,4,"Cycler 11a",0.75,0.194903,0.106061,0.180226,0
2,21,66.0789,23.9065,5,"Cycler 11b",0.75,0.17463,0,0.15554,0
2,21,66.0789,23.9065,6,"Cycler 32",0.75,0.281606,0.181818,0.277711,0
2,21,66.0789,23.9065,7,"Resonant 2to1 Stable",0,0,0,0,0
2,21,66.0789,23.9065,8,"Resonant 2to1 Unstable",0.75,0.138543,0,0.106756,0
2,21,66.0789,23.9065,9,"Resonant 3to1 Stable",0,0,0,0,0
2,21,66.0789,23.9065,10,"Resonant 3to1 Unstable",0.75,0.0192709,0,0.00431814,0
2,21,66.0789,23.9065,11,"Resonant 5to2 Stable",0,0,0,0,0
2,21,66.0789,23.9065,12,"Resonant 5to2 Unstable",0.75,0.261226,0.121212,0.189146,0
2,21,66.0789,23.9065,13,"Distant Prograde Orbit",0.75,0.156215,0,0.127756,0
2,22,66.0789,24.7603,1,"Lyapunov L1",0.75,0.118816,0,0.116837,0
2,22,66.0789,24.7603,2,"Lyapunov L2",0.75,0.0912669,0,0.0771076,0
2,22,66.0789,24.7603,3,"Cycler 21",0.75,0.180002,0,0.160391,0
2,22,66.0789,24.7603,4,"Cycler 11a",0.75,0.194903,0.106061,0.180226,0
2,22,66.0789,24.7603,5,"Cycler 11b",0.75,0.17463,0,0.15606,0
2,22,66.0789,24.7603,6,"Cycler 32",0.75,0.282029,0.181818,0.278218,0
2,22,66.0789,24.7603,7,"Resonant 2to1 Stable",0,0,0,0,0
2,22,66.0789,24.7603,8,"Resonant 2to1 Unstable",0.75,0.138543,0,0.106968,0
2,22,66.0789,24.7603,9,"Resonant 3to1 Stable",0,0,0,0,0
2,22,66.0789,24.7603,10,"Resonant 3to1 Unstable",0.75,0.0192941,0,0.00432491,0
2,22,66.0789,24.7603,11,"Resonant 5to2 Stable",0,0,0,0,0
2,22,66.0789,24.7603,12,"Resonant 5to2 Unstable",0.75,0.262007,0.121212,0.191138,0
2,22,66.0789,24.7603,13,"Distant Prograde Orbit",0.75,0.156994,0,0.128658,0
2,23,66.0789,25.6141,1,"Lyapunov L1",0.75,0.122258,0,0.120268,0
2,23,66.0789,25.6141,2,"Lyapunov L2",0.75,0.0923913,0,0.0783141,0
2,23,66.0789,25.6141,3,"Cycler 21",0.75,0.180774,0,0.161512,0
2,23,66.0789,25.6141,4,"Cycler 11a",0.75,0.194903,0.106061,0.180226,0
2,23,66.0789,25.6141,5,"Cycler 11b",0.75,0.17463,0,0.156291,0
2,23,66.0789,25.6141,6,"Cycler 32",0.75,0.283158,0.181818,0.279347,0
2,23,66.0789,25.6141,7,"Resonant 2to1 Stable",0,0,0,0,0
2,23,66.0789,25.6141,8,"Resonant 2to1 Unstable",0.75,0.138882,0,0.107629,0
2,23,66.0789,25.6141,9,"Resonant 3to1 Stable",0,0,0,0,0
2,23,66.0789,25.6141,10,"Resonant 3to1 Unstable",0.75,0.0193057,0,0.00432491,0
2,23,66.0789,25.6141,11,"Resonant 5to2 Stable",0,0,0,0,0
2,23,66.0789,25.6141,12,"Resonant 5to2 Unstable",0.75,0.262433,0.121212,0.192959,0
2,23,66.0789,25.6141,13,"Distant Prograde Orbit",0.75,0.157354,0,0.12943,0
2,24,66.0789,26.4679,1,"Lyapunov L1",0.75,0.122525,0,0.120534,0
2,24,66.0789,26.4679,2,"Lyapunov L2",0.75,0.0926423,0,0.0787538,0
2,24,66.0789,26.4679,3,"Cycler 21",0.75,0.180774,0,0.161518,0
2,24,66.0789,26.4679,4,"Cycler 11a",0.75,0.194903,0.106061,0.180226,0
2,24,66.0789,26.4679,5,"Cycler 11b",0.75,0.17463,0,0.156291,0
2,24,66.0789,26.4679,6,"Cycler 32",0.75,0.283158,0.181818,0.279347,0
2,24,66.0789,26.4679,7,"Resonant 2to1 Stable",0,0,0,0,0
2,24,66.0789,26.4679,8,"Resonant 2to1 Unstable",0.75,0.138882,0,0.107788,0
2,24,66.0789,26.4679,9,"Resonant 3to1 Stable",0,0,0,0,0
2,24,66.0789,26.4679,10,"Resonant 3to1 Unstable",0.75,0.0193061,0,0.00432491,0
2,24,66.0789,26.4679,11,"Resonant 5to2 Stable",0,0,0,0,0
2,24,66.0789,26.4679,12,"Resonant 5to2 Unstable",0.75,0.262449,0.121212,0.193328,0
2,24,66.0789,26.4679,13,"Distant Prograde Orbit",0.75,0.157354,0,0.12943,0
2,25,66.0789,27.3217,1,"Lyapunov L1",0.75,0.123935,0,0.121944,0
2,25,66.0789,27.3217,2,"Lyapunov L2",0.75,0.092899,0,0.0790228,0
2,25,66.0789,27.3217,3,"Cycler 21",0.75,0.181928,0,0.162671,0
2,25,66.0789,27.3217,4,"Cycler 11a",0.75,0.194903,0.106061,0.180226,0
2,25,66.0789,27.3217,5,"Cycler 11b",0.75,0.17463,0,0.156291,0
2,25,66.0789,27.3217,6,"Cycler 32",0.75,0.286442,0.181818,0.282631,0
2,25,66.0789,27.3217,7,"Resonant 2to1 Stable",0,0,0,0,0
2,25,66.0789,27.3217,8,"Resonant 2to1 Unstable",0.75,0.138882,0,0.112089,0
2,25,66.0789,27.3217,9,"Resonant 3to1 Stable",0,0,0,0,0
2,25,66.0789,27.3217,10,"Resonant 3to1 Unstable",0.75,0.0193241,0,0.00432491,0
2,25,66.0789,27.3217,11,"Resonant 5to2 Stable",0,0,0,0,0
2,25,66.0789,27.3217,12,"Resonant 5to2 Unstable",0.75,0.264664,0.121212,0.196128,0
2,25,66.0789,27.3217,13,"Distant Prograde Orbit",0.75,0.162871,0,0.134228,0
3,1,81.0000,6.8304,1,"Lyapunov L1",0.666667,0.042161,0,0.0316209,0
3,1,81.0000,6.8304,2,"Lyapunov L2",0.666667,0.0101309,0,0.00658205,0
3,1,81.0000,6.8304,3,"Cycler 21",0.666667,0.117656,0.0454545,0.100623,0
3,1,81.0000,6.8304,4,"Cycler 11a",0.666667,0.122142,0.0909091,0.113692,0
3,1,81.0000,6.8304,5,"Cycler 11b",0.666667,0.10214,0.0909091,0.0899036,0
3,1,81.0000,6.8304,6,"Cycler 32",0.666667,0.0856344,0.136364,0.0738953,0
3,1,81.0000,6.8304,7,"Resonant 2to1 Stable",0,0,0,0,0
3,1,81.0000,6.8304,8,"Resonant 2to1 Unstable",0.666667,0.0976529,0,0.0592159,0
3,1,81.0000,6.8304,9,"Resonant 3to1 Stable",0,0,0,0,0
3,1,81.0000,6.8304,10,"Resonant 3to1 Unstable",0,0,0,0,0
3,1,81.0000,6.8304,11,"Resonant 5to2 Stable",0,0,0,0,0
3,1,81.0000,6.8304,12,"Resonant 5to2 Unstable",0.666667,0.0485629,0,0.0211065,0
3,1,81.0000,6.8304,13,"Distant Prograde Orbit",0.666667,0.0612619,0,0.0450606,0
3,2,81.0000,7.6842,1,"Lyapunov L1",0.666667,0.0471358,0,0.0356088,0
3,2,81.0000,7.6842,2,"Lyapunov L2",0.666667,0.012632,0,0.00824992,0
3,2,81.0000,7.6842,3,"Cycler 21",0.666667,0.122071,0.0151515,0.105189,0
3,2,81.0000,7.6842,4,"Cycler 11a",0.666667,0.128387,0.0909091,0.119128,0
3,2,81.0000,7.6842,5,"Cycler 11b",0.666667,0.110145,0.0606061,0.0977538,0
3,2,81.0000,7.6842,6,"Cycler 32",0.666667,0.0956135,0.136364,0.083107,0
3,2,81.0000,7.6842,7,"Resonant 2to1 Stable",0,0,0,0,0
3,2,81.0000,7.6842,8,"Resonant 2to1 Unstable",0.666667,0.101297,0,0.0614928,0
3,2,81.0000,7.6842,9,"Resonant 3to1 Stable",0,0,0,0,0
3,2,81.0000,7.6842,10,"Resonant 3to1 Unstable",0,0,0,0,0
3,2,81.0000,7.6842,11,"Resonant 5to2 Stable",0,0,0,0,0
3,2,81.0000,7.6842,12,"Resonant 5to2 Unstable",0.666667,0.0556718,0,0.0244174,0
3,2,81.0000,7.6842,13,"Distant Prograde Orbit",0.666667,0.069484,0,0.0513895,0
3,3,81.0000,8.5380,1,"Lyapunov L1",0.666667,0.0577286,0,0.0427827,0
3,3,81.0000,8.5380,2,"Lyapunov L2",0.666667,0.0155583,0,0.0111768,0
3,3,81.0000,8.5380,3,"Cycler 21",0.666667,0.127491,0,0.11033,0
3,3,81.0000,8.5380,4,"Cycler 11a",0.666667,0.133926,0.106061,0.12337,0
3,3,81.0000,8.5380,5,"Cycler 11b",0.666667,0.119711,0.106061,0.106649,0
3,3,81.0000,8.5380,6,"Cycler 32",0.666667,0.104807,0.136364,0.0913507,0
3,3,81.0000,8.5380,7,"Resonant 2to1 Stable",0,0,0,0,0
3,3,81.0000,8.5380,8,"Resonant 2to1 Unstable",0.666667,0.104316,0,0.0641882,0
3,3,81.0000,8.5380,9,"Resonant 3to1 Stable",0,0,0,0,0
3,3,81.0000,8.5380,10,"Resonant 3to1 Unstable",0,0,0,0,0
3,3,81.0000,8.5380,11,"Resonant 5to2 Stable",0,0,0,0,0
3,3,81.0000,8.5380,12,"Resonant 5to2 Unstable",0.666667,0.0603531,0,0.0261308,0
3,3,81.0000,8.5380,13,"Distant Prograde Orbit",0.666667,0.0769613,0,0.0569934,0
3,4,81.0000,9.3918,1,"Lyapunov L1",0.666667,0.0608069,0,0.0461124,0
3,4,81.0000,9.3918,2,"Lyapunov L2",0.666667,0.0180324,0,0.0130791,0
3,4,81.0000,9.3918,3,"Cycler 21",0.666667,0.130708,0,0.114371,0
3,4,81.0000,9.3918,4,"Cycler 11a",0.666667,0.138017,0.0909091,0.127464,0
3,4,81.0000,9.3918,5,"Cycler 11b",0.666667,0.125745,0.0909091,0.111786,0
3,4,81.0000,9.3918,6,"Cycler 32",0.666667,0.11231,0.136364,0.0991925,0
3,4,81.0000,9.3918,7,"Resonant 2to1 Stable",0,0,0,0,0
3,4,81.0000,9.3918,8,"Resonant 2to1 Unstable",0.666667,0.106638,0,0.0674389,0
3,4,81.0000,9.3918,9,"Resonant 3to1 Stable",0,0,0,0,0
3,4,81.0000,9.3918,10,"Resonant 3to1 Unstable",0,0,0,0,0
3,4,81.0000,9.3918,11,"Resonant 5to2 Stable",0,0,0,0,0
3,4,81.0000,9.3918,12,"Resonant 5to2 Unstable",0.666667,0.0688342,0,0.0298754,0
3,4,81.0000,9.3918,13,"Distant Prograde Orbit",0.666667,0.0854916,0.030303,0.0648635,0
3,5,81.0000,10.2456,1,"Lyapunov L1",0.666667,0.0623803,0,0.0475394,0
3,5,81.0000,10.2456,2,"Lyapunov L2",0.666667,0.0208842,0,0.0166157,0
3,5,81.0000,10.2456,3,"Cycler 21",0.666667,0.132939,0,0.11507,0
3,5,81.0000,10.2456,4,"Cycler 11a",0.666667,0.141817,0.0909091,0.129237,0
3,5,81.0000,10.2456,5,"Cycler 11b",0.666667,0.129425,0.0909091,0.113772,0
3,5,81.0000,10.2456,6,"Cycler 32",0.666667,0.123974,0.136364,0.111297,0
3,5,81.0000,10.2456,7,"Resonant 2to1 Stable",0,0,0,0,0
3,5,81.0000,10.2456,8,"Resonant 2to1 Unstable",0.666667,0.109277,0,0.0698111,0
3,5,81.0000,10.2456,9,"Resonant 3to1 Stable",0,0,0,0,0
3,5,81.0000,10.2456,10,"Resonant 3to1 Unstable",0,0,0,0,0
3,5,81.0000,10.2456,11,"Resonant 5to2 Stable",0,0,0,0,0
3,5,81.0000,10.2456,12,"Resonant 5to2 Unstable",0.666667,0.0888111,0,0.0398886,0
3,5,81.0000,10.2456,13,"Distant Prograde Orbit",0.666667,0.0908805,0,0.0671984,0
3,6,81.0000,11.0994,1,"Lyapunov L1",0.666667,0.0633645,0,0.0495952,0
3,6,81.0000,11.0994,2,"Lyapunov L2",0.666667,0.0214898,0,0.0169867,0
3,6,81.0000,11.0994,3,"Cycler 21",0.666667,0.135956,0,0.115078,0
3,6,81.0000,11.0994,4,"Cycler 11a",0.666667,0.145475,0.0909091,0.130251,0
3,6,81.0000,11.0994,5,"Cycler 11b",0.666667,0.132385,0.0909091,0.113913,0
3,6,81.0000,11.0994,6,"Cycler 32",0.666667,0.179129,0.136364,0.166827,0
3,6,81.0000,11.0994,7,"Resonant 2to1 Stable",0,0,0,0,0
3,6,81.0000,11.0994,8,"Resonant 2to1 Unstable",0.666667,0.111405,0,0.0706793,0
3,6,81.0000,11.0994,9,"Resonant 3to1 Stable",0,0,0,0,0
3,6,81.0000,11.0994,10,"Resonant 3to1 Unstable",0,0,0,0,0
3,6,81.0000,11.0994,11,"Resonant 5to2 Stable",0,0,0,0,0
3,6,81.0000,11.0994,12,"Resonant 5to2 Unstable",0.666667,0.162642,0,0.0963498,0
3,6,81.0000,11.0994,13,"Distant Prograde Orbit",0.666667,0.0984502,0,0.0697881,0
3,7,81.0000,11.9532,1,"Lyapunov L1",0.666667,0.0637045,0,0.0527085,0
3,7,81.0000,11.9532,2,"Lyapunov L2",0.666667,0.025487,0,0.0198332,0
3,7,81.0000,11.9532,3,"Cycler 21",0.666667,0.136384,0,0.115872,0
3,7,81.0000,11.9532,4,"Cycler 11a",0.666667,0.146001,0.0909091,0.131483,0
3,7,81.0000,11.9532,5,"Cycler 11b",0.666667,0.13276,0.0909091,0.114619,0
3,7,81.0000,11.9532,6,"Cycler 32",0.666667,0.179815,0.136364,0.16922,0
3,7,81.0000,11.9532,7,"Resonant 2to1 Stable",0,0,0,0,0
3,7,81.0000,11.9532,8,"Resonant 2to1 Unstable",0.666667,0.111944,0,0.0719957,0
3,7,81.0000,11.9532,9,"Resonant 3to1 Stable",0,0,0,0,0
3,7,81.0000,11.9532,10,"Resonant 3to1 Unstable",0,0,0,0,0
3,7,81.0000,11.9532,11,"Resonant 5to2 Stable",0,0,0,0,0
3,7,81.0000,11.9532,12,"Resonant 5to2 Unstable",0.666667,0.163278,0,0.0976598,0
3,7,81.0000,11.9532,13,"Distant Prograde Orbit",0.666667,0.0990859,0,0.0711185,0
3,8,81.0000,12.8070,1,"Lyapunov L1",0.666667,0.072684,0,0.0601186,0
3,8,81.0000,12.8070,2,"Lyapunov L2",0.666667,0.0307925,0,0.0240017,0
3,8,81.0000,12.8070,3,"Cycler 21",0.666667,0.139966,0,0.119503,0
3,8,81.0000,12.8070,4,"Cycler 11a",0.666667,0.150648,0.0909091,0.135449,0
3,8,81.0000,12.8070,5,"Cycler 11b",0.666667,0.138871,0.0909091,0.121313,0
3,8,81.0000,12.8070,6,"Cycler 32",0.666667,0.184501,0.136364,0.173495,0
3,8,81.0000,12.8070,7,"Resonant 2to1 Stable",0,0,0,0,0
3,8,81.0000,12.8070,8,"Resonant 2to1 Unstable",0.666667,0.114405,0,0.0750501,0
3,8,81.0000,12.8070,9,"Resonant 3to1 Stable",0,0,0,0,0
3,8,81.0000,12.8070,10,"Resonant 3to1 Unstable",0,0,0,0,0
3,8,81.0000,12.8070,11,"Resonant 5to2 Stable",0,0,0,0,0
3,8,81.0000,12.8070,12,"Resonant 5to2 Unstable",0.666667,0.166838,0,0.0986736,0
3,8,81.0000,12.8070,13,"Distant Prograde Orbit",0.666667,0.103231,0,0.0772801,0
3,9,81.0000,13.6608,1,"Lyapunov L1",0.75,0.0800013,0,0.0672197,0
3,9,81.0000,13.6608,2,"Lyapunov L2",0.666667,0.0375822,0,0.029148,0
3,9,81.0000,13.6608,3,"Cycler 21",0.75,0.151142,0,0.128875,0
3,9,81.0000,13.6608,4,"Cycler 11a",0.75,0.155659,0.106061,0.140215,0
3,9,81.0000,13.6608,5,"Cycler 11b",0.75,0.148251,0.0909091,0.128452,0
3,9,81.0000,13.6608,6,"Cycler 32",0.75,0.195276,0.19697,0.18304,0
3,9,81.0000,13.6608,7,"Resonant 2to1 Stable",0,0,0,0,0
3,9,81.0000,13.6608,8,"Resonant 2to1 Unstable",0.75,0.118414,0,0.078143,0
3,9,81.0000,13.6608,9,"Resonant 3to1 Stable",0,0,0,0,0
3,9,81.0000,13.6608,10,"Resonant 3to1 Unstable",0.666667,0.00919837,0,0.00123,0
3,9,81.0000,13.6608,11,"Resonant 5to2 Stable",0,0,0,0,0
3,9,81.0000,13.6608,12,"Resonant 5to2 Unstable",0.75,0.174883,0.106061,0.101453,1
3,9,81.0000,13.6608,13,"Distant Prograde Orbit",0.75,0.110277,0,0.0833384,0
3,10,81.0000,14.5146,1,"Lyapunov L1",0.75,0.0841968,0,0.0737865,0
3,10,81.0000,14.5146,2,"Lyapunov L2",0.75,0.0423368,0,0.0335181,0
3,10,81.0000,14.5146,3,"Cycler 21",0.75,0.156001,0.0151515,0.134228,0
3,10,81.0000,14.5146,4,"Cycler 11a",0.75,0.159061,0.106061,0.143931,0
3,10,81.0000,14.5146,5,"Cycler 11b",0.75,0.151704,0.0757576,0.132377,0
3,10,81.0000,14.5146,6,"Cycler 32",0.75,0.197808,0.212121,0.186081,0
3,10,81.0000,14.5146,7,"Resonant 2to1 Stable",0,0,0,0,0
3,10,81.0000,14.5146,8,"Resonant 2to1 Unstable",0.75,0.121034,0,0.0809117,0
3,10,81.0000,14.5146,9,"Resonant 3to1 Stable",0,0,0,0,0
3,10,81.0000,14.5146,10,"Resonant 3to1 Unstable",0.75,0.0107842,0,0.00130708,0
3,10,81.0000,14.5146,11,"Resonant 5to2 Stable",0,0,0,0,0
3,10,81.0000,14.5146,12,"Resonant 5to2 Unstable",0.75,0.176759,0.121212,0.104567,1
3,10,81.0000,14.5146,13,"Distant Prograde Orbit",0.75,0.117927,0,0.0905904,0
3,11,81.0000,15.3684,1,"Lyapunov L1",0.75,0.0867478,0,0.0782403,0
3,11,81.0000,15.3684,2,"Lyapunov L2",0.75,0.0453726,0,0.0365171,0
3,11,81.0000,15.3684,3,"Cycler 21",0.75,0.158593,0.0151515,0.137176,0
3,11,81.0000,15.3684,4,"Cycler 11a",0.75,0.162111,0.106061,0.148139,0
3,11,81.0000,15.3684,5,"Cycler 11b",0.75,0.153767,0.0757576,0.135037,0
3,11,81.0000,15.3684,6,"Cycler 32",0.75,0.19791,0.212121,0.187025,0
3,11,81.0000,15.3684,7,"Resonant 2to1 Stable",0,0,0,0,0
3,11,81.0000,15.3684,8,"Resonant 2to1 Unstable",0.75,0.123726,0,0.0840123,0
3,11,81.0000,15.3684,9,"Resonant 3to1 Stable",0,0,0,0,0
3,11,81.0000,15.3684,10,"Resonant 3to1 Unstable",0.75,0.0108394,0,0.00131388,0
3,11,81.0000,15.3684,11,"Resonant 5to2 Stable",0,0,0,0,0
3,11,81.0000,15.3684,12,"Resonant 5to2 Unstable",0.75,0.176851,0.121212,0.106642,1
3,11,81.0000,15.3684,13,"Distant Prograde Orbit",0.75,0.126059,0,0.0986028,0
3,12,81.0000,16.2222,1,"Lyapunov L1",0.75,0.0921163,0,0.0885667,0
3,12,81.0000,16.2222,2,"Lyapunov L2",0.75,0.0485106,0,0.0386147,0
3,12,81.0000,16.2222,3,"Cycler 21",0.75,0.159544,0,0.138817,0
3,12,81.0000,16.2222,4,"Cycler 11a",0.75,0.163741,0.106061,0.150189,0
3,12,81.0000,16.2222,5,"Cycler 11b",0.75,0.154637,0.0606061,0.137173,0
3,12,81.0000,16.2222,6,"Cycler 32",0.75,0.199115,0.227273,0.191257,0
3,12,81.0000,16.2222,7,"Resonant 2to1 Stable",0,0,0,0,0
3,12,81.0000,16.2222,8,"Resonant 2to1 Unstable",0.75,0.127406,0,0.088862,0
3,12,81.0000,16.2222,9,"Resonant 3to1 Stable",0,0,0,0,0
3,12,81.0000,16.2222,10,"Resonant 3to1 Unstable",0.75,0.0130738,0,0.00290375,0
3,12,81.0000,16.2222,11,"Resonant 5to2 Stable",0,0,0,0,0
3,12,81.0000,16.2222,12,"Resonant 5to2 Unstable",0.75,0.177888,0,0.114041,0
3,12,81.0000,16.2222,13,"Distant Prograde Orbit",0.75,0.128212,0,0.102258,0
3,13,81.0000,17.0760,1,"Lyapunov L1",0.75,0.100629,0,0.0953556,0
3,13,81.0000,17.0760,2,"Lyapunov L2",0.75,0.0538559,0,0.0422012,0
3,13,81.0000,17.0760,3,"Cycler 21",0.75,0.160607,0,0.139248,0
3,13,81.0000,17.0760,4,"Cycler 11a",0.75,0.167752,0.106061,0.153804,0
3,13,81.0000,17.0760,5,"Cycler 11b",0.75,0.15678,0.030303,0.139516,0
3,13,81.0000,17.0760,6,"Cycler 32",0.75,0.202553,0.212121,0.194768,0
3,13,81.0000,17.0760,7,"Resonant 2to1 Stable",0,0,0,0,0
3,13,81.0000,17.0760,8,"Resonant 2to1 Unstable",0.75,0.128992,0,0.0919631,0
3,13,81.0000,17.0760,9,"Resonant 3to1 Stable",0,0,0,0,0
3,13,81.0000,17.0760,10,"Resonant 3to1 Unstable",0.75,0.0170153,0,0.00384939,0
3,13,81.0000,17.0760,11,"Resonant 5to2 Stable",0,0,0,0,0
3,13,81.0000,17.0760,12,"Resonant 5to2 Unstable",0.75,0.180792,0.121212,0.119458,0
3,13,81.0000,17.0760,13,"Distant Prograde Orbit",0.75,0.133029,0,0.107605,0
3,14,81.0000,17.9298,1,"Lyapunov L1",0.75,0.104224,0,0.0995556,0
3,14,81.0000,17.9298,2,"Lyapunov L2",0.75,0.060289,0,0.0484135,0
3,14,81.0000,17.9298,3,"Cycler 21",0.75,0.161761,0,0.139933,0
3,14,81.0000,17.9298,4,"Cycler 11a",0.75,0.168146,0.106061,0.155634,0
3,14,81.0000,17.9298,5,"Cycler 11b",0.75,0.159358,0.030303,0.143081,0
3,14,81.0000,17.9298,6,"Cycler 32",0.75,0.204483,0.212121,0.197188,0
3,14,81.0000,17.9298,7,"Resonant 2to1 Stable",0,0,0,0,0
3,14,81.0000,17.9298,8,"Resonant 2to1 Unstable",0.75,0.129223,0,0.0940063,0
3,14,81.0000,17.9298,9,"Resonant 3to1 Stable",0,0,0,0,0
3,14,81.0000,17.9298,10,"Resonant 3to1 Unstable",0.75,0.018135,0,0.00413686,0
3,14,81.0000,17.9298,11,"Resonant 5to2 Stable",0,0,0,0,0
3,14,81.0000,17.9298,12,"Resonant 5to2 Unstable",0.75,0.1824,0.121212,0.123444,0
3,14,81.0000,17.9298,13,"Distant Prograde Orbit",0.75,0.134912,0,0.110047,0
3,15,81.0000,18.7836,1,"Lyapunov L1",0.75,0.105334,0,0.100859,0
3,15,81.0000,18.7836,2,"Lyapunov L2",0.75,0.0620569,0,0.051448,0
3,15,81.0000,18.7836,3,"Cycler 21",0.75,0.162077,0,0.143373,0
3,15,81.0000,18.7836,4,"Cycler 11a",0.75,0.168289,0.106061,0.155814,0
3,15,81.0000,18.7836,5,"Cycler 11b",0.75,0.160269,0.0151515,0.144178,0
3,15,81.0000,18.7836,6,"Cycler 32",0.75,0.20501,0.212121,0.197891,0
3,15,81.0000,18.7836,7,"Resonant 2to1 Stable",0,0,0,0,0
3,15,81.0000,18.7836,8,"Resonant 2to1 Unstable",0.75,0.129338,0,0.094652,0
3,15,81.0000,18.7836,9,"Resonant 3to1 Stable",0,0,0,0,0
3,15,81.0000,18.7836,10,"Resonant 3to1 Unstable",0.75,0.0187349,0,0.0042823,0
3,15,81.0000,18.7836,11,"Resonant 5to2 Stable",0,0,0,0,0
3,15,81.0000,18.7836,12,"Resonant 5to2 Unstable",0.75,0.182851,0.121212,0.125911,0
3,15,81.0000,18.7836,13,"Distant Prograde Orbit",0.75,0.135506,0,0.110732,0
3,16,81.0000,19.6374,1,"Lyapunov L1",0.75,0.112527,0,0.108268,0
3,16,81.0000,19.6374,2,"Lyapunov L2",0.75,0.0686847,0,0.0573795,0
3,16,81.0000,19.6374,3,"Cycler 21",0.75,0.163764,0,0.145296,0
3,16,81.0000,19.6374,4,"Cycler 11a",0.75,0.175236,0.106061,0.162816,0
3,16,81.0000,19.6374,5,"Cycler 11b",0.75,0.160269,0,0.144318,0
3,16,81.0000,19.6374,6,"Cycler 32",0.75,0.205488,0.212121,0.198418,0
3,16,81.0000,19.6374,7,"Resonant 2to1 Stable",0,0,0,0,0
3,16,81.0000,19.6374,8,"Resonant 2to1 Unstable",0.75,0.130152,0,0.0949014,0
3,16,81.0000,19.6374,9,"Resonant 3to1 Stable",0,0,0,0,0
3,16,81.0000,19.6374,10,"Resonant 3to1 Unstable",0.75,0.0187555,0,0.00430246,0
3,16,81.0000,19.6374,11,"Resonant 5to2 Stable",0,0,0,0,0
3,16,81.0000,19.6374,12,"Resonant 5to2 Unstable",0.75,0.183241,0.121212,0.126433,0
3,16,81.0000,19.6374,13,"Distant Prograde Orbit",0.75,0.136197,0,0.111424,0
3,17,81.0000,20.4912,1,"Lyapunov L1",0.75,0.113973,0,0.109714,0
3,17,81.0000,20.4912,2,"Lyapunov L2",0.75,0.07247,0,0.0601922,0
3,17,81.0000,20.4912,3,"Cycler 21",0.75,0.164593,0,0.146124,0
3,17,81.0000,20.4912,4,"Cycler 11a",0.75,0.17726,0.106061,0.16484,0
3,17,81.0000,20.4912,5,"Cycler 11b",0.75,0.160269,0,0.144318,0
3,17,81.0000,20.4912,6,"Cycler 32",0.75,0.206223,0.212121,0.199154,0
3,17,81.0000,20.4912,7,"Resonant 2to1 Stable",0,0,0,0,0
3,17,81.0000,20.4912,8,"Resonant 2to1 Unstable",0.75,0.130562,0,0.0961137,0
3,17,81.0000,20.4912,9,"Resonant 3to1 Stable",0,0,0,0,0
3,17,81.0000,20.4912,10,"Resonant 3to1 Unstable",0.75,0.018784,0,0.00551575,0
3,17,81.0000,20.4912,11,"Resonant 5to2 Stable",0,0,0,0,0
3,17,81.0000,20.4912,12,"Resonant 5to2 Unstable",0.75,0.183834,0.121212,0.127042,0
3,17,81.0000,20.4912,13,"Distant Prograde Orbit",0.75,0.136761,0,0.112537,0
3,18,81.0000,21.3450,1,"Lyapunov L1",0.75,0.115014,0,0.110221,0
3,18,81.0000,21.3450,2,"Lyapunov L2",0.75,0.0779791,0,0.066601,0
3,18,81.0000,21.3450,3,"Cycler 21",0.75,0.17229,0,0.150562,0
3,18,81.0000,21.3450,4,"Cycler 11a",0.75,0.185307,0.106061,0.171807,0
3,18,81.0000,21.3450,5,"Cycler 11b",0.75,0.169117,0,0.14886,0
3,18,81.0000,21.3450,6,"Cycler 32",0.75,0.265806,0.212121,0.258824,0
3,18,81.0000,21.3450,7,"Resonant 2to1 Stable",0,0,0,0,0
3,18,81.0000,21.3450,8,"Resonant 2to1 Unstable",0.75,0.134298,0,0.097582,0
3,18,81.0000,21.3450,9,"Resonant 3to1 Stable",0,0,0,0,0
3,18,81.0000,21.3450,10,"Resonant 3to1 Unstable",0.75,0.0190465,0,0.00551575,0
3,18,81.0000,21.3450,11,"Resonant 5to2 Stable",0,0,0,0,0
3,18,81.0000,21.3450,12,"Resonant 5to2 Unstable",0.75,0.248944,0.121212,0.180912,0
3,18,81.0000,21.3450,13,"Distant Prograde Orbit",0.75,0.148908,0,0.120433,0
3,19,81.0000,22.1988,1,"Lyapunov L1",0.75,0.1164,0,0.111606,0
3,19,81.0000,22.1988,2,"Lyapunov L2",0.75,0.0878479,0,0.07286,0
3,19,81.0000,22.1988,3,"Cycler 21",0.75,0.178506,0,0.158217,0
3,19,81.0000,22.1988,4,"Cycler 11a",0.833333,0.188013,0.106061,0.173605,0
3,19,81.0000,22.1988,5,"Cycler 11b",0.75,0.171519,0,0.151834,0
3,19,81.0000,22.1988,6,"Cycler 32",0.75,0.273964,0.212121,0.267285,0
3,19,81.0000,22.1988,7,"Resonant 2to1 Stable",0,0,0,0,0
3,19,81.0000,22.1988,8,"Resonant 2to1 Unstable",0.833333,0.136159,0.0151515,0.104072,1
3,19,81.0000,22.1988,9,"Resonant 3to1 Stable",0,0,0,0,0
3,19,81.0000,22.1988,10,"Resonant 3to1 Unstable",0.75,0.0191761,0,0.00573864,0
3,19,81.0000,22.1988,11,"Resonant 5to2 Stable",0.166667,0.0021467,0,0.00108808,0
3,19,81.0000,22.1988,12,"Resonant 5to2 Unstable",0.75,0.255273,0.121212,0.181661,0
3,19,81.0000,22.1988,13,"Distant Prograde Orbit",0.75,0.152778,0,0.124171,0
3,20,81.0000,23.0527,1,"Lyapunov L1",0.833333,0.118303,0,0.112922,0
3,20,81.0000,23.0527,2,"Lyapunov L2",0.833333,0.091277,0,0.0759014,0
3,20,81.0000,23.0527,3,"Cycler 21",0.833333,0.180525,0,0.159373,0
3,20,81.0000,23.0527,4,"Cycler 11a",0.833333,0.188454,0.19697,0.176228,0
3,20,81.0000,23.0527,5,"Cycler 11b",0.833333,0.175131,0,0.154386,0
3,20,81.0000,23.0527,6,"Cycler 32",0.833333,0.276594,0.227273,0.269006,0
3,20,81.0000,23.0527,7,"Resonant 2to1 Stable",0,0,0,0,0
3,20,81.0000,23.0527,8,"Resonant 2to1 Unstable",0.833333,0.136482,0.121212,0.105037,0
3,20,81.0000,23.0527,9,"Resonant 3to1 Stable",0,0,0,0,0
3,20,81.0000,23.0527,10,"Resonant 3to1 Unstable",0.75,0.0191898,0,0.00685595,0
3,20,81.0000,23.0527,11,"Resonant 5to2 Stable",0.75,0.0100216,0,0.00235139,0
3,20,81.0000,23.0527,12,"Resonant 5to2 Unstable",0.833333,0.25747,0.121212,0.183859,0
3,20,81.0000,23.0527,13,"Distant Prograde Orbit",0.833333,0.156156,0,0.126438,0
3,21,81.0000,23.9065,1,"Lyapunov L1",0.833333,0.118622,0,0.115519,0
3,21,81.0000,23.9065,2,"Lyapunov L2",0.833333,0.0914561,0,0.0761328,0
3,21,81.0000,23.9065,3,"Cycler 21",0.833333,0.181164,0,0.160041,0
3,21,81.0000,23.9065,4,"Cycler 11a",0.833333,0.196114,0.19697,0.182487,0
3,21,81.0000,23.9065,5,"Cycler 11b",0.833333,0.175782,0,0.15554,0
3,21,81.0000,23.9065,6,"Cycler 32",0.833333,0.282759,0.19697,0.277711,0
3,21,81.0000,23.9065,7,"Resonant 2to1 Stable",0,0,0,0,0
3,21,81.0000,23.9065,8,"Resonant 2to1 Unstable",0.833333,0.139792,0.121212,0.109457,0
3,21,81.0000,23.9065,9,"Resonant 3to1 Stable",0,0,0,0,0
3,21,81.0000,23.9065,10,"Resonant 3to1 Unstable",0.75,0.0192709,0,0.00686197,0
3,21,81.0000,23.9065,11,"Resonant 5to2 Stable",0.75,0.0104535,0,0.00241772,0
3,21,81.0000,23.9065,12,"Resonant 5to2 Unstable",0.833333,0.26237,0.121212,0.189146,0
3,21,81.0000,23.9065,13,"Distant Prograde Orbit",0.833333,0.157368,0,0.127756,0
3,22,81.0000,24.7603,1,"Lyapunov L1",0.833333,0.119963,0,0.116837,0
3,22,81.0000,24.7603,2,"Lyapunov L2",0.833333,0.0923489,0,0.0771076,0
3,22,81.0000,24.7603,3,"Cycler 21",0.833333,0.181164,0,0.160391,0
3,22,81.0000,24.7603,4,"Cycler 11a",0.833333,0.196114,0.19697,0.182487,0
3,22,81.0000,24.7603,5,"Cycler 11b",0.833333,0.175782,0,0.15606,0
3,22,81.0000,24.7603,6,"Cycler 32",0.833333,0.283183,0.19697,0.278218,0
3,22,81.0000,24.7603,7,"Resonant 2to1 Stable",0,0,0,0,0
3,22,81.0000,24.7603,8,"Resonant 2to1 Unstable",0.833333,0.139792,0.121212,0.109669,0
3,22,81.0000,24.7603,9,"Resonant 3to1 Stable",0,0,0,0,0
3,22,81.0000,24.7603,10,"Resonant 3to1 Unstable",0.75,0.0192941,0,0.00686874,0
3,22,81.0000,24.7603,11,"Resonant 5to2 Stable",0.75,0.0104535,0,0.00241772,0
3,22,81.0000,24.7603,12,"Resonant 5to2 Unstable",0.833333,0.263151,0.121212,0.191138,0
3,22,81.0000,24.7603,13,"Distant Prograde Orbit",0.833333,0.158148,0,0.128658,0
3,23,81.0000,25.6141,1,"Lyapunov L1",0.833333,0.123482,0,0.120268,0
3,23,81.0000,25.6141,2,"Lyapunov L2",0.833333,0.0935385,0,0.0783141,0
3,23,81.0000,25.6141,3,"Cycler 21",0.833333,0.182012,0,0.161512,0
3,23,81.0000,25.6141,4,"Cycler 11a",0.833333,0.196196,0.19697,0.182575,0
3,23,81.0000,25.6141,5,"Cycler 11b",0.833333,0.175856,0,0.156291,0
3,23,81.0000,25.6141,6,"Cycler 32",0.833333,0.284386,0.19697,0.279347,0
3,23,81.0000,25.6141,7,"Resonant 2to1 Stable",0,0,0,0,0
3,23,81.0000,25.6141,8,"Resonant 2to1 Unstable",0.833333,0.140218,0.121212,0.110417,0
3,23,81.0000,25.6141,9,"Resonant 3to1 Stable",0,0,0,0,0
3,23,81.0000,25.6141,10,"Resonant 3to1 Unstable",0.75,0.0193057,0,0.00686874,0
3,23,81.0000,25.6141,11,"Resonant 5to2 Stable",0.75,0.0111358,0,0.00259407,0
3,23,81.0000,25.6141,12,"Resonant 5to2 Unstable",0.833333,0.26365,0.121212,0.192959,0
3,23,81.0000,25.6141,13,"Distant Prograde Orbit",0.833333,0.158582,0,0.12943,0
3,24,81.0000,26.4679,1,"Lyapunov L1",0.833333,0.124009,0,0.120534,0
3,24,81.0000,26.4679,2,"Lyapunov L2",0.833333,0.094015,0,0.0787538,0
3,24,81.0000,26.4679,3,"Cycler 21",0.833333,0.182279,0,0.162722,0
3,24,81.0000,26.4679,4,"Cycler 11a",0.833333,0.19649,0.19697,0.183119,0
3,24,81.0000,26.4679,5,"Cycler 11b",0.833333,0.176118,0,0.156291,0
3,24,81.0000,26.4679,6,"Cycler 32",0.833333,0.284648,0.19697,0.279347,0
3,24,81.0000,26.4679,7,"Resonant 2to1 Stable",0,0,0,0,0
3,24,81.0000,26.4679,8,"Resonant 2to1 Unstable",0.833333,0.140535,0.121212,0.110893,0
3,24,81.0000,26.4679,9,"Resonant 3to1 Stable",0,0,0,0,0
3,24,81.0000,26.4679,10,"Resonant 3to1 Unstable",0.75,0.0193061,0,0.0072621,0
3,24,81.0000,26.4679,11,"Resonant 5to2 Stable",0.75,0.0135408,0,0.00540945,0
3,24,81.0000,26.4679,12,"Resonant 5to2 Unstable",0.833333,0.263922,0.121212,0.194473,0
3,24,81.0000,26.4679,13,"Distant Prograde Orbit",0.833333,0.158844,0,0.12943,0
3,25,81.0000,27.3217,1,"Lyapunov L1",0.833333,0.125467,0,0.123351,0
3,25,81.0000,27.3217,2,"Lyapunov L2",0.833333,0.0943135,0,0.0790228,0
3,25,81.0000,27.3217,3,"Cycler 21",0.833333,0.183482,0,0.163933,0
3,25,81.0000,27.3217,4,"Cycler 11a",0.833333,0.196546,0.19697,0.183348,0
3,25,81.0000,27.3217,5,"Cycler 11b",0.833333,0.176167,0,0.157586,0
3,25,81.0000,27.3217,6,"Cycler 32",0.833333,0.287981,0.19697,0.283881,0
3,25,81.0000,27.3217,7,"Resonant 2to1 Stable",0,0,0,0,0
3,25,81.0000,27.3217,8,"Resonant 2to1 Unstable",0.833333,0.140596,0.121212,0.115255,0
3,25,81.0000,27.3217,9,"Resonant 3to1 Stable",0,0,0,0,0
3,25,81.0000,27.3217,10,"Resonant 3to1 Unstable",0.75,0.0193241,0,0.0072621,0
3,25,81.0000,27.3217,11,"Resonant 5to2 Stable",0.75,0.0139949,0,0.00975788,0
3,25,81.0000,27.3217,12,"Resonant 5to2 Unstable",0.833333,0.266185,0.121212,0.197321,0
3,25,81.0000,27.3217,13,"Distant Prograde Orbit",0.833333,0.16441,0,0.134228,0
4,1,95.9210,6.8304,1,"Lyapunov L1",0.666667,0.042161,0,0.0316209,0
4,1,95.9210,6.8304,2,"Lyapunov L2",0.666667,0.0101309,0,0.00658205,0
4,1,95.9210,6.8304,3,"Cycler 21",0.75,0.118528,0.0454545,0.100623,0
4,1,95.9210,6.8304,4,"Cycler 11a",0.75,0.12304,0.106061,0.114585,0
4,1,95.9210,6.8304,5,"Cycler 11b",0.666667,0.10214,0.0909091,0.0899036,0
4,1,95.9210,6.8304,6,"Cycler 32",0.666667,0.0856344,0.136364,0.0738953,0
4,1,95.9210,6.8304,7,"Resonant 2to1 Stable",0,0,0,0,0
4,1,95.9210,6.8304,8,"Resonant 2to1 Unstable",0.75,0.0985728,0.030303,0.0601357,0
4,1,95.9210,6.8304,9,"Resonant 3to1 Stable",0,0,0,0,0
4,1,95.9210,6.8304,10,"Resonant 3to1 Unstable",0,0,0,0,0
4,1,95.9210,6.8304,11,"Resonant 5to2 Stable",0.25,0.00269038,0,0.00181336,0
4,1,95.9210,6.8304,12,"Resonant 5to2 Unstable",0.666667,0.0485629,0,0.0211065,0
4,1,95.9210,6.8304,13,"Distant Prograde Orbit",0.666667,0.0612619,0,0.0450606,0
4,2,95.9210,7.6842,1,"Lyapunov L1",0.666667,0.0471358,0,0.0356088,0
4,2,95.9210,7.6842,2,"Lyapunov L2",0.666667,0.012632,0,0.00824992,0
4,2,95.9210,7.6842,3,"Cycler 21",0.75,0.122943,0.0151515,0.105189,0
4,2,95.9210,7.6842,4,"Cycler 11a",0.75,0.129286,0.106061,0.120021,0
4,2,95.9210,7.6842,5,"Cycler 11b",0.666667,0.110145,0.0606061,0.0977538,0
4,2,95.9210,7.6842,6,"Cycler 32",0.666667,0.0956135,0.136364,0.083107,0
4,2,95.9210,7.6842,7,"Resonant 2to1 Stable",0,0,0,0,0
4,2,95.9210,7.6842,8,"Resonant 2to1 Unstable",0.75,0.102217,0.030303,0.0624127,0
4,2,95.9210,7.6842,9,"Resonant 3to1 Stable",0,0,0,0,0
4,2,95.9210,7.6842,10,"Resonant 3to1 Unstable",0,0,0,0,0
4,2,95.9210,7.6842,11,"Resonant 5to2 Stable",0.25,0.00269038,0,0.00181336,0
4,2,95.9210,7.6842,12,"Resonant 5to2 Unstable",0.666667,0.0556718,0,0.0244174,0
4,2,95.9210,7.6842,13,"Distant Prograde Orbit",0.666667,0.069484,0,0.0513895,0
4,3,95.9210,8.5380,1,"Lyapunov L1",0.666667,0.0577286,0,0.0427827,0
4,3,95.9210,8.5380,2,"Lyapunov L2",0.666667,0.0155583,0,0.0120866,0
4,3,95.9210,8.5380,3,"Cycler 21",0.75,0.128363,0,0.11033,0
4,3,95.9210,8.5380,4,"Cycler 11a",0.75,0.134825,0.121212,0.124263,0
4,3,95.9210,8.5380,5,"Cycler 11b",0.666667,0.119711,0.106061,0.106649,0
4,3,95.9210,8.5380,6,"Cycler 32",0.666667,0.104807,0.136364,0.0913507,0
4,3,95.9210,8.5380,7,"Resonant 2to1 Stable",0,0,0,0,0
4,3,95.9210,8.5380,8,"Resonant 2to1 Unstable",0.75,0.105236,0.030303,0.0660179,0
4,3,95.9210,8.5380,9,"Resonant 3to1 Stable",0,0,0,0,0
4,3,95.9210,8.5380,10,"Resonant 3to1 Unstable",0,0,0,0,0
4,3,95.9210,8.5380,11,"Resonant 5to2 Stable",0.25,0.00269038,0,0.00181336,0
4,3,95.9210,8.5380,12,"Resonant 5to2 Unstable",0.666667,0.0603531,0,0.0261308,0
4,3,95.9210,8.5380,13,"Distant Prograde Orbit",0.666667,0.0769613,0,0.0569934,0
4,4,95.9210,9.3918,1,"Lyapunov L1",0.666667,0.0608069,0,0.0461124,0
4,4,95.9210,9.3918,2,"Lyapunov L2",0.666667,0.0180324,0,0.0141857,0
4,4,95.9210,9.3918,3,"Cycler 21",0.75,0.13158,0,0.114371,0
4,4,95.9210,9.3918,4,"Cycler 11a",0.75,0.138916,0.106061,0.128357,0
4,4,95.9210,9.3918,5,"Cycler 11b",0.666667,0.125745,0.0909091,0.111786,0
4,4,95.9210,9.3918,6,"Cycler 32",0.666667,0.11231,0.136364,0.0991925,0
4,4,95.9210,9.3918,7,"Resonant 2to1 Stable",0,0,0,0,0
4,4,95.9210,9.3918,8,"Resonant 2to1 Unstable",0.75,0.107558,0.030303,0.0694653,0
4,4,95.9210,9.3918,9,"Resonant 3to1 Stable",0,0,0,0,0
4,4,95.9210,9.3918,10,"Resonant 3to1 Unstable",0,0,0,0,0
4,4,95.9210,9.3918,11,"Resonant 5to2 Stable",0.25,0.00269038,0,0.00181336,0
4,4,95.9210,9.3918,12,"Resonant 5to2 Unstable",0.666667,0.0688342,0,0.0298754,0
4,4,95.9210,9.3918,13,"Distant Prograde Orbit",0.666667,0.0854916,0.030303,0.0648635,0
4,5,95.9210,10.2456,1,"Lyapunov L1",0.666667,0.0623803,0,0.0475394,0
4,5,95.9210,10.2456,2,"Lyapunov L2",0.666667,0.0208842,0,0.0166157,0
4,5,95.9210,10.2456,3,"Cycler 21",0.75,0.133811,0,0.11507,0
4,5,95.9210,10.2456,4,"Cycler 11a",0.75,0.142715,0.106061,0.130131,0
4,5,95.9210,10.2456,5,"Cycler 11b",0.666667,0.129425,0.0909091,0.113772,0
4,5,95.9210,10.2456,6,"Cycler 32",0.666667,0.123974,0.136364,0.111297,0
4,5,95.9210,10.2456,7,"Resonant 2to1 Stable",0,0,0,0,0
4,5,95.9210,10.2456,8,"Resonant 2to1 Unstable",0.75,0.110197,0.030303,0.0707309,0
4,5,95.9210,10.2456,9,"Resonant 3to1 Stable",0,0,0,0,0
4,5,95.9210,10.2456,10,"Resonant 3to1 Unstable",0,0,0,0,0
4,5,95.9210,10.2456,11,"Resonant 5to2 Stable",0.25,0.00269038,0,0.00181336,0
4,5,95.9210,10.2456,12,"Resonant 5to2 Unstable",0.666667,0.0888111,0,0.0398886,0
4,5,95.9210,10.2456,13,"Distant Prograde Orbit",0.666667,0.0908805,0,0.0671984,0
4,6,95.9210,11.0994,1,"Lyapunov L1",0.666667,0.0633645,0,0.0495952,0
4,6,95.9210,11.0994,2,"Lyapunov L2",0.666667,0.0214898,0,0.0169867,0
4,6,95.9210,11.0994,3,"Cycler 21",0.75,0.136828,0,0.115078,0
4,6,95.9210,11.0994,4,"Cycler 11a",0.75,0.146374,0.106061,0.131144,0
4,6,95.9210,11.0994,5,"Cycler 11b",0.666667,0.132385,0.0909091,0.113913,0
4,6,95.9210,11.0994,6,"Cycler 32",0.666667,0.179129,0.136364,0.166827,0
4,6,95.9210,11.0994,7,"Resonant 2to1 Stable",0,0,0,0,0
4,6,95.9210,11.0994,8,"Resonant 2to1 Unstable",0.75,0.112325,0.030303,0.0715991,0
4,6,95.9210,11.0994,9,"Resonant 3to1 Stable",0,0,0,0,0
4,6,95.9210,11.0994,10,"Resonant 3to1 Unstable",0,0,0,0,0
4,6,95.9210,11.0994,11,"Resonant 5to2 Stable",0.25,0.00269038,0,0.00181336,0
4,6,95.9210,11.0994,12,"Resonant 5to2 Unstable",0.666667,0.162642,0,0.0963498,0
4,6,95.9210,11.0994,13,"Distant Prograde Orbit",0.666667,0.0984502,0,0.0697881,0
4,7,95.9210,11.9532,1,"Lyapunov L1",0.666667,0.0637045,0,0.0527085,0
4,7,95.9210,11.9532,2,"Lyapunov L2",0.666667,0.025487,0,0.0198332,0
4,7,95.9210,11.9532,3,"Cycler 21",0.75,0.137256,0,0.115872,0
4,7,95.9210,11.9532,4,"Cycler 11a",0.75,0.146899,0.106061,0.132377,0
4,7,95.9210,11.9532,5,"Cycler 11b",0.666667,0.13276,0.0909091,0.114619,0
4,7,95.9210,11.9532,6,"Cycler 32",0.666667,0.179815,0.136364,0.16922,0
4,7,95.9210,11.9532,7,"Resonant 2to1 Stable",0,0,0,0,0
4,7,95.9210,11.9532,8,"Resonant 2to1 Unstable",0.75,0.112864,0.030303,0.0729156,0
4,7,95.9210,11.9532,9,"Resonant 3to1 Stable",0,0,0,0,0
4,7,95.9210,11.9532,10,"Resonant 3to1 Unstable",0,0,0,0,0
4,7,95.9210,11.9532,11,"Resonant 5to2 Stable",0.25,0.00269038,0,0.00181336,0
4,7,95.9210,11.9532,12,"Resonant 5to2 Unstable",0.666667,0.163278,0,0.0976598,0
4,7,95.9210,11.9532,13,"Distant Prograde Orbit",0.666667,0.0990859,0,0.0711185,0
4,8,95.9210,12.8070,1,"Lyapunov L1",0.75,0.0736034,0,0.0601186,0
4,8,95.9210,12.8070,2,"Lyapunov L2",0.666667,0.0307925,0,0.0240017,0
4,8,95.9210,12.8070,3,"Cycler 21",0.833333,0.141808,0,0.119503,0
4,8,95.9210,12.8070,4,"Cycler 11a",0.833333,0.152527,0.121212,0.136343,0
4,8,95.9210,12.8070,5,"Cycler 11b",0.75,0.139843,0.106061,0.121313,0
4,8,95.9210,12.8070,6,"Cycler 32",0.75,0.185536,0.227273,0.173495,0
4,8,95.9210,12.8070,7,"Resonant 2to1 Stable",0,0,0,0,0
4,8,95.9210,12.8070,8,"Resonant 2to1 Unstable",0.833333,0.116282,0.030303,0.07597,0
4,8,95.9210,12.8070,9,"Resonant 3to1 Stable",0,0,0,0,0
4,8,95.9210,12.8070,10,"Resonant 3to1 Unstable",0.666667,0.00788004,0,0.00104861,0
4,8,95.9210,12.8070,11,"Resonant 5to2 Stable",0.25,0.00269038,0,0.00181336,0
4,8,95.9210,12.8070,12,"Resonant 5to2 Unstable",0.75,0.167887,0.106061,0.0997222,1
4,8,95.9210,12.8070,13,"Distant Prograde Orbit",0.75,0.104228,0,0.0772801,0
4,9,95.9210,13.6608,1,"Lyapunov L1",0.75,0.0800013,0,0.0672197,0
4,9,95.9210,13.6608,2,"Lyapunov L2",0.75,0.0385482,0,0.0301101,0
4,9,95.9210,13.6608,3,"Cycler 21",0.833333,0.152014,0,0.128875,0
4,9,95.9210,13.6608,4,"Cycler 11a",0.833333,0.156558,0.121212,0.141108,0
4,9,95.9210,13.6608,5,"Cycler 11b",0.75,0.148251,0.0909091,0.128452,0
4,9,95.9210,13.6608,6,"Cycler 32",0.75,0.195276,0.212121,0.18304,0
4,9,95.9210,13.6608,7,"Resonant 2to1 Stable",0,0,0,0,0
4,9,95.9210,13.6608,8,"Resonant 2to1 Unstable",0.833333,0.119334,0.030303,0.0800189,0
4,9,95.9210,13.6608,9,"Resonant 3to1 Stable",0,0,0,0,0
4,9,95.9210,13.6608,10,"Resonant 3to1 Unstable",0.75,0.0101644,0,0.00218597,0
4,9,95.9210,13.6608,11,"Resonant 5to2 Stable",0.25,0.00269038,0,0.00181336,0
4,9,95.9210,13.6608,12,"Resonant 5to2 Unstable",0.75,0.174883,0.121212,0.102415,0
4,9,95.9210,13.6608,13,"Distant Prograde Orbit",0.75,0.110277,0,0.0833384,0
4,10,95.9210,14.5146,1,"Lyapunov L1",0.75,0.0841968,0,0.0737865,0
4,10,95.9210,14.5146,2,"Lyapunov L2",0.75,0.0423368,0,0.0335181,0
4,10,95.9210,14.5146,3,"Cycler 21",0.833333,0.156873,0.0151515,0.134228,0
4,10,95.9210,14.5146,4,"Cycler 11a",0.833333,0.15996,0.121212,0.14576,0
4,10,95.9210,14.5146,5,"Cycler 11b",0.75,0.151704,0.0757576,0.132377,0
4,10,95.9210,14.5146,6,"Cycler 32",0.75,0.197808,0.212121,0.18719,0
4,10,95.9210,14.5146,7,"Resonant 2to1 Stable",0,0,0,0,0
4,10,95.9210,14.5146,8,"Resonant 2to1 Unstable",0.833333,0.121954,0.030303,0.0829084,0
4,10,95.9210,14.5146,9,"Resonant 3to1 Stable",0,0,0,0,0
4,10,95.9210,14.5146,10,"Resonant 3to1 Unstable",0.75,0.0107842,0,0.00442813,0
4,10,95.9210,14.5146,11,"Resonant 5to2 Stable",0.25,0.00269038,0,0.00181336,0
4,10,95.9210,14.5146,12,"Resonant 5to2 Unstable",0.75,0.176759,0.121212,0.104567,0
4,10,95.9210,14.5146,13,"Distant Prograde Orbit",0.75,0.117927,0,0.0905904,0
4,11,95.9210,15.3684,1,"Lyapunov L1",0.75,0.0867786,0,0.0782403,0
4,11,95.9210,15.3684,2,"Lyapunov L2",0.75,0.0453988,0,0.0365171,0
4,11,95.9210,15.3684,3,"Cycler 21",0.833333,0.1595,0.0151515,0.137176,0
4,11,95.9210,15.3684,4,"Cycler 11a",0.833333,0.163045,0.121212,0.15009,0
4,11,95.9210,15.3684,5,"Cycler 11b",0.75,0.153802,0.0757576,0.135037,0
4,11,95.9210,15.3684,6,"Cycler 32",0.75,0.19795,0.212121,0.18826,0
4,11,95.9210,15.3684,7,"Resonant 2to1 Stable",0,0,0,0,0
4,11,95.9210,15.3684,8,"Resonant 2to1 Unstable",0.833333,0.124679,0.030303,0.0860836,0
4,11,95.9210,15.3684,9,"Resonant 3to1 Stable",0,0,0,0,0
4,11,95.9210,15.3684,10,"Resonant 3to1 Unstable",0.75,0.0111543,0,0.00480021,0
4,11,95.9210,15.3684,11,"Resonant 5to2 Stable",0.25,0.00269038,0,0.00181336,0
4,11,95.9210,15.3684,12,"Resonant 5to2 Unstable",0.75,0.176892,0.121212,0.106683,0
4,11,95.9210,15.3684,13,"Distant Prograde Orbit",0.75,0.126096,0,0.0986028,0
4,12,95.9210,16.2222,1,"Lyapunov L1",0.75,0.0921163,0,0.0885667,0
4,12,95.9210,16.2222,2,"Lyapunov L2",0.75,0.0485106,0,0.0386147,0
4,12,95.9210,16.2222,3,"Cycler 21",0.833333,0.160416,0,0.138817,0
4,12,95.9210,16.2222,4,"Cycler 11a",0.833333,0.16464,0.121212,0.152203,0
4,12,95.9210,16.2222,5,"Cycler 11b",0.75,0.154637,0.0606061,0.137173,0
4,12,95.9210,16.2222,6,"Cycler 32",0.75,0.199115,0.227273,0.191257,0
4,12,95.9210,16.2222,7,"Resonant 2to1 Stable",0,0,0,0,0
4,12,95.9210,16.2222,8,"Resonant 2to1 Unstable",0.833333,0.128326,0.030303,0.0910214,0
4,12,95.9210,16.2222,9,"Resonant 3to1 Stable",0,0,0,0,0
4,12,95.9210,16.2222,10,"Resonant 3to1 Unstable",0.75,0.0130738,0,0.00530212,0
4,12,95.9210,16.2222,11,"Resonant 5to2 Stable",0.25,0.00269038,0,0.00181336,0
4,12,95.9210,16.2222,12,"Resonant 5to2 Unstable",0.75,0.177888,0,0.11408,0
4,12,95.9210,16.2222,13,"Distant Prograde Orbit",0.75,0.128212,0,0.102258,0
4,13,95.9210,17.0760,1,"Lyapunov L1",0.75,0.100629,0,0.0953556,0
4,13,95.9210,17.0760,2,"Lyapunov L2",0.75,0.0538559,0,0.0422012,0
4,13,95.9210,17.0760,3,"Cycler 21",0.833333,0.161479,0,0.139248,0
4,13,95.9210,17.0760,4,"Cycler 11a",0.833333,0.16865,0.121212,0.155858,0
4,13,95.9210,17.0760,5,"Cycler 11b",0.75,0.15678,0.030303,0.139516,0
4,13,95.9210,17.0760,6,"Cycler 32",0.75,0.202553,0.212121,0.194768,0
4,13,95.9210,17.0760,7,"Resonant 2to1 Stable",0,0,0,0,0
4,13,95.9210,17.0760,8,"Resonant 2to1 Unstable",0.833333,0.129912,0.030303,0.0941316,0
4,13,95.9210,17.0760,9,"Resonant 3to1 Stable",0,0,0,0,0
4,13,95.9210,17.0760,10,"Resonant 3to1 Unstable",0.75,0.0170153,0,0.00625867,0
4,13,95.9210,17.0760,11,"Resonant 5to2 Stable",0.25,0.00269038,0,0.00181336,0
4,13,95.9210,17.0760,12,"Resonant 5to2 Unstable",0.75,0.180792,0.121212,0.119458,0
4,13,95.9210,17.0760,13,"Distant Prograde Orbit",0.75,0.133029,0,0.107605,0
4,14,95.9210,17.9298,1,"Lyapunov L1",0.75,0.104224,0,0.0995556,0
4,14,95.9210,17.9298,2,"Lyapunov L2",0.75,0.060289,0,0.0484135,0
4,14,95.9210,17.9298,3,"Cycler 21",0.833333,0.162633,0,0.139933,0
4,14,95.9210,17.9298,4,"Cycler 11a",0.833333,0.169045,0.121212,0.157708,0
4,14,95.9210,17.9298,5,"Cycler 11b",0.75,0.159358,0.030303,0.143081,0
4,14,95.9210,17.9298,6,"Cycler 32",0.75,0.204483,0.212121,0.197188,0
4,14,95.9210,17.9298,7,"Resonant 2to1 Stable",0,0,0,0,0
4,14,95.9210,17.9298,8,"Resonant 2to1 Unstable",0.833333,0.130143,0.030303,0.0961748,0
4,14,95.9210,17.9298,9,"Resonant 3to1 Stable",0,0,0,0,0
4,14,95.9210,17.9298,10,"Resonant 3to1 Unstable",0.75,0.018135,0,0.0065662,0
4,14,95.9210,17.9298,11,"Resonant 5to2 Stable",0.25,0.00269038,0,0.00181336,0
4,14,95.9210,17.9298,12,"Resonant 5to2 Unstable",0.75,0.1824,0.121212,0.123444,0
4,14,95.9210,17.9298,13,"Distant Prograde Orbit",0.75,0.134912,0,0.110047,0
4,15,95.9210,18.7836,1,"Lyapunov L1",0.75,0.105334,0,0.100859,0
4,15,95.9210,18.7836,2,"Lyapunov L2",0.75,0.0620569,0,0.051448,0
4,15,95.9210,18.7836,3,"Cycler 21",0.833333,0.162949,0,0.143373,0
4,15,95.9210,18.7836,4,"Cycler 11a",0.833333,0.169188,0.121212,0.157896,0
4,15,95.9210,18.7836,5,"Cycler 11b",0.75,0.160269,0.0151515,0.144178,0
4,15,95.9210,18.7836,6,"Cycler 32",0.75,0.20501,0.212121,0.197891,0
4,15,95.9210,18.7836,7,"Resonant 2to1 Stable",0,0,0,0,0
4,15,95.9210,18.7836,8,"Resonant 2to1 Unstable",0.833333,0.130258,0.030303,0.0968205,0
4,15,95.9210,18.7836,9,"Resonant 3to1 Stable",0,0,0,0,0
4,15,95.9210,18.7836,10,"Resonant 3to1 Unstable",0.75,0.0187349,0,0.00671933,0
4,15,95.9210,18.7836,11,"Resonant 5to2 Stable",0.25,0.00269038,0,0.00181336,0
4,15,95.9210,18.7836,12,"Resonant 5to2 Unstable",0.75,0.182851,0.121212,0.125911,0
4,15,95.9210,18.7836,13,"Distant Prograde Orbit",0.75,0.135506,0,0.110732,0
4,16,95.9210,19.6374,1,"Lyapunov L1",0.75,0.112527,0,0.108268,0
4,16,95.9210,19.6374,2,"Lyapunov L2",0.75,0.0686847,0,0.0573795,0
4,16,95.9210,19.6374,3,"Cycler 21",0.833333,0.164636,0,0.145296,0
4,16,95.9210,19.6374,4,"Cycler 11a",0.833333,0.176134,0.121212,0.165085,0
4,16,95.9210,19.6374,5,"Cycler 11b",0.75,0.160269,0,0.144318,0
4,16,95.9210,19.6374,6,"Cycler 32",0.75,0.205488,0.212121,0.198418,0
4,16,95.9210,19.6374,7,"Resonant 2to1 Stable",0,0,0,0,0
4,16,95.9210,19.6374,8,"Resonant 2to1 Unstable",0.833333,0.131072,0.030303,0.0970699,0
4,16,95.9210,19.6374,9,"Resonant 3to1 Stable",0,0,0,0,0
4,16,95.9210,19.6374,10,"Resonant 3to1 Unstable",0.75,0.0187555,0,0.00692724,0
4,16,95.9210,19.6374,11,"Resonant 5to2 Stable",0.25,0.00269038,0,0.00181336,0
4,16,95.9210,19.6374,12,"Resonant 5to2 Unstable",0.75,0.183241,0.121212,0.126433,0
4,16,95.9210,19.6374,13,"Distant Prograde Orbit",0.75,0.136197,0,0.111424,0
4,17,95.9210,20.4912,1,"Lyapunov L1",0.833333,0.114852,0,0.109714,0
4,17,95.9210,20.4912,2,"Lyapunov L2",0.75,0.07247,0,0.0601922,0
4,17,95.9210,20.4912,3,"Cycler 21",0.833333,0.165483,0,0.146124,0
4,17,95.9210,20.4912,4,"Cycler 11a",0.833333,0.178178,0.19697,0.16719,0
4,17,95.9210,20.4912,5,"Cycler 11b",0.833333,0.161154,0,0.144318,0
4,17,95.9210,20.4912,6,"Cycler 32",0.833333,0.207101,0.227273,0.199154,0
4,17,95.9210,20.4912,7,"Resonant 2to1 Stable",0,0,0,0,0
4,17,95.9210,20.4912,8,"Resonant 2to1 Unstable",0.833333,0.131482,0,0.0972845,0
4,17,95.9210,20.4912,9,"Resonant 3to1 Stable",0,0,0,0,0
4,17,95.9210,20.4912,10,"Resonant 3to1 Unstable",0.75,0.018784,0,0.0071987,0
4,17,95.9210,20.4912,11,"Resonant 5to2 Stable",0.666667,0.00711207,0,0.00183823,0
4,17,95.9210,20.4912,12,"Resonant 5to2 Unstable",0.833333,0.184703,0.121212,0.127042,0
4,17,95.9210,20.4912,13,"Distant Prograde Orbit",0.833333,0.137633,0,0.112537,0
4,18,95.9210,21.3450,1,"Lyapunov L1",0.833333,0.115967,0,0.110221,0
4,18,95.9210,21.3450,2,"Lyapunov L2",0.833333,0.0788788,0,0.066601,0
4,18,95.9210,21.3450,3,"Cycler 21",0.833333,0.173253,0,0.150562,0
4,18,95.9210,21.3450,4,"Cycler 11a",0.833333,0.186303,0.19697,0.174218,0
4,18,95.9210,21.3450,5,"Cycler 11b",0.833333,0.170073,0,0.14886,0
4,18,95.9210,21.3450,6,"Cycler 32",0.833333,0.266756,0.227273,0.258824,0
4,18,95.9210,21.3450,7,"Resonant 2to1 Stable",0,0,0,0,0
4,18,95.9210,21.3450,8,"Resonant 2to1 Unstable",0.833333,0.13532,0.121212,0.0989093,0
4,18,95.9210,21.3450,9,"Resonant 3to1 Stable",0,0,0,0,0
4,18,95.9210,21.3450,10,"Resonant 3to1 Unstable",0.75,0.0190465,0,0.00727015,0
4,18,95.9210,21.3450,11,"Resonant 5to2 Stable",0.75,0.00863669,0,0.00198368,0
4,18,95.9210,21.3450,12,"Resonant 5to2 Unstable",0.833333,0.249886,0.121212,0.180912,0
4,18,95.9210,21.3450,13,"Distant Prograde Orbit",0.833333,0.149864,0,0.120433,0
4,19,95.9210,22.1988,1,"Lyapunov L1",0.833333,0.11741,0,0.111606,0
4,19,95.9210,22.1988,2,"Lyapunov L2",0.833333,0.0888037,0,0.07286,0
4,19,95.9210,22.1988,3,"Cycler 21",0.833333,0.179527,0,0.158217,0
4,19,95.9210,22.1988,4,"Cycler 11a",0.833333,0.188013,0.19697,0.176073,0
4,19,95.9210,22.1988,5,"Cycler 11b",0.833333,0.172533,0,0.151834,0
4,19,95.9210,22.1988,6,"Cycler 32",0.833333,0.27497,0.227273,0.267285,0
4,19,95.9210,22.1988,7,"Resonant 2to1 Stable",0,0,0,0,0
4,19,95.9210,22.1988,8,"Resonant 2to1 Unstable",0.833333,0.136159,0.121212,0.104169,0
4,19,95.9210,22.1988,9,"Resonant 3to1 Stable",0,0,0,0,0
4,19,95.9210,22.1988,10,"Resonant 3to1 Unstable",0.75,0.0191761,0,0.00728674,0
4,19,95.9210,22.1988,11,"Resonant 5to2 Stable",0.75,0.00916683,0,0.00210501,0
4,19,95.9210,22.1988,12,"Resonant 5to2 Unstable",0.833333,0.256271,0.121212,0.181661,0
4,19,95.9210,22.1988,13,"Distant Prograde Orbit",0.833333,0.153793,0,0.124171,0
4,20,95.9210,23.0527,1,"Lyapunov L1",0.833333,0.118303,0,0.112922,0
4,20,95.9210,23.0527,2,"Lyapunov L2",0.833333,0.091277,0,0.0759014,0
4,20,95.9210,23.0527,3,"Cycler 21",0.833333,0.180525,0,0.159373,0
4,20,95.9210,23.0527,4,"Cycler 11a",0.833333,0.188454,0.19697,0.176587,0
4,20,95.9210,23.0527,5,"Cycler 11b",0.833333,0.175131,0,0.154386,0
4,20,95.9210,23.0527,6,"Cycler 32",0.833333,0.276594,0.227273,0.269006,0
4,20,95.9210,23.0527,7,"Resonant 2to1 Stable",0,0,0,0,0
4,20,95.9210,23.0527,8,"Resonant 2to1 Unstable",0.833333,0.136482,0.121212,0.105108,0
4,20,95.9210,23.0527,9,"Resonant 3to1 Stable",0,0,0,0,0
4,20,95.9210,23.0527,10,"Resonant 3to1 Unstable",0.75,0.0191898,0,0.00728674,0
4,20,95.9210,23.0527,11,"Resonant 5to2 Stable",0.75,0.0100216,0,0.00235139,0
4,20,95.9210,23.0527,12,"Resonant 5to2 Unstable",0.833333,0.25747,0.121212,0.183859,0
4,20,95.9210,23.0527,13,"Distant Prograde Orbit",0.833333,0.156156,0,0.126438,0
4,21,95.9210,23.9065,1,"Lyapunov L1",0.833333,0.118622,0,0.115519,0
4,21,95.9210,23.9065,2,"Lyapunov L2",0.833333,0.0914561,0,0.0761328,0
4,21,95.9210,23.9065,3,"Cycler 21",0.833333,0.181164,0,0.160041,0
4,21,95.9210,23.9065,4,"Cycler 11a",0.833333,0.196114,0.19697,0.182846,0
4,21,95.9210,23.9065,5,"Cycler 11b",0.833333,0.175782,0,0.15554,0
4,21,95.9210,23.9065,6,"Cycler 32",0.833333,0.282759,0.19697,0.277711,0
4,21,95.9210,23.9065,7,"Resonant 2to1 Stable",0,0,0,0,0
4,21,95.9210,23.9065,8,"Resonant 2to1 Unstable",0.833333,0.139792,0.121212,0.109523,0
4,21,95.9210,23.9065,9,"Resonant 3to1 Stable",0,0,0,0,0
4,21,95.9210,23.9065,10,"Resonant 3to1 Unstable",0.75,0.0192709,0,0.00728674,0
4,21,95.9210,23.9065,11,"Resonant 5to2 Stable",0.75,0.0104535,0,0.00241772,0
4,21,95.9210,23.9065,12,"Resonant 5to2 Unstable",0.833333,0.26237,0.121212,0.189146,0
4,21,95.9210,23.9065,13,"Distant Prograde Orbit",0.833333,0.157368,0,0.127756,0
4,22,95.9210,24.7603,1,"Lyapunov L1",0.833333,0.119983,0,0.116837,0
4,22,95.9210,24.7603,2,"Lyapunov L2",0.833333,0.092366,0,0.0771076,0
4,22,95.9210,24.7603,3,"Cycler 21",0.833333,0.181184,0,0.161381,0
4,22,95.9210,24.7603,4,"Cycler 11a",0.833333,0.196135,0.19697,0.182864,0
4,22,95.9210,24.7603,5,"Cycler 11b",0.833333,0.175802,0,0.15606,0
4,22,95.9210,24.7603,6,"Cycler 32",0.833333,0.283202,0.19697,0.278218,0
4,22,95.9210,24.7603,7,"Resonant 2to1 Stable",0,0,0,0,0
4,22,95.9210,24.7603,8,"Resonant 2to1 Unstable",0.833333,0.139815,0.121212,0.109762,0
4,22,95.9210,24.7603,9,"Resonant 3to1 Stable",0,0,0,0,0
4,22,95.9210,24.7603,10,"Resonant 3to1 Unstable",0.75,0.0192941,0,0.00730248,0
4,22,95.9210,24.7603,11,"Resonant 5to2 Stable",0.75,0.0106322,0,0.00344336,0
4,22,95.9210,24.7603,12,"Resonant 5to2 Unstable",0.833333,0.26317,0.121212,0.191138,0
4,22,95.9210,24.7603,13,"Distant Prograde Orbit",0.833333,0.158167,0,0.128658,0
4,23,95.9210,25.6141,1,"Lyapunov L1",0.833333,0.123538,0,0.120268,0
4,23,95.9210,25.6141,2,"Lyapunov L2",0.833333,0.0935945,0,0.0783141,0
4,23,95.9210,25.6141,3,"Cycler 21",0.833333,0.182077,0,0.162647,0
4,23,95.9210,25.6141,4,"Cycler 11a",0.833333,0.196267,0.212121,0.183046,0
4,23,95.9210,25.6141,5,"Cycler 11b",0.833333,0.17592,0,0.157257,0
4,23,95.9210,25.6141,6,"Cycler 32",0.833333,0.284451,0.19697,0.280274,0
4,23,95.9210,25.6141,7,"Resonant 2to1 Stable",0,0,0,0,0
4,23,95.9210,25.6141,8,"Resonant 2to1 Unstable",0.833333,0.140218,0,0.110487,0
4,23,95.9210,25.6141,9,"Resonant 3to1 Stable",0,0,0,0,0
4,23,95.9210,25.6141,10,"Resonant 3to1 Unstable",0.75,0.0193057,0,0.00730248,0
4,23,95.9210,25.6141,11,"Resonant 5to2 Stable",0.75,0.011641,0,0.0066155,0
4,23,95.9210,25.6141,12,"Resonant 5to2 Unstable",0.833333,0.263713,0.121212,0.193846,0
4,23,95.9210,25.6141,13,"Distant Prograde Orbit",0.833333,0.158646,0,0.12943,0
4,24,95.9210,26.4679,1,"Lyapunov L1",0.833333,0.124009,0,0.121796,0
4,24,95.9210,26.4679,2,"Lyapunov L2",0.833333,0.094015,0,0.0787538,0
4,24,95.9210,26.4679,3,"Cycler 21",0.833333,0.182279,0,0.162722,0
4,24,95.9210,26.4679,4,"Cycler 11a",0.833333,0.19649,0.212121,0.183219,0
4,24,95.9210,26.4679,5,"Cycler 11b",0.833333,0.176118,0,0.157449,0
4,24,95.9210,26.4679,6,"Cycler 32",0.833333,0.284648,0.212121,0.280479,0
4,24,95.9210,26.4679,7,"Resonant 2to1 Stable",0,0,0,0,0
4,24,95.9210,26.4679,8,"Resonant 2to1 Unstable",0.833333,0.140535,0.136364,0.110963,0
4,24,95.9210,26.4679,9,"Resonant 3to1 Stable",0,0,0,0,0
4,24,95.9210,26.4679,10,"Resonant 3to1 Unstable",0.833333,0.0202156,0,0.00733196,0
4,24,95.9210,26.4679,11,"Resonant 5to2 Stable",0.833333,0.0144503,0,0.00906141,0
4,24,95.9210,26.4679,12,"Resonant 5to2 Unstable",0.833333,0.263922,0.136364,0.194473,0
4,24,95.9210,26.4679,13,"Distant Prograde Orbit",0.833333,0.158844,0,0.12943,0
4,25,95.9210,27.3217,1,"Lyapunov L1",0.833333,0.125467,0,0.123351,0
4,25,95.9210,27.3217,2,"Lyapunov L2",0.833333,0.0943135,0,0.0790228,0
4,25,95.9210,27.3217,3,"Cycler 21",0.833333,0.183482,0,0.163933,0
4,25,95.9210,27.3217,4,"Cycler 11a",0.833333,0.196546,0.212121,0.183348,0
4,25,95.9210,27.3217,5,"Cycler 11b",0.833333,0.176167,0,0.157586,0
4,25,95.9210,27.3217,6,"Cycler 32",0.833333,0.287981,0.212121,0.283881,0
4,25,95.9210,27.3217,7,"Resonant 2to1 Stable",0,0,0,0,0
4,25,95.9210,27.3217,8,"Resonant 2to1 Unstable",0.833333,0.140596,0.136364,0.115345,0
4,25,95.9210,27.3217,9,"Resonant 3to1 Stable",0,0,0,0,0
4,25,95.9210,27.3217,10,"Resonant 3to1 Unstable",0.833333,0.0202517,0,0.00735146,0
4,25,95.9210,27.3217,11,"Resonant 5to2 Stable",0.833333,0.0149225,0,0.00975788,0
4,25,95.9210,27.3217,12,"Resonant 5to2 Unstable",0.833333,0.266185,0.136364,0.197321,0
4,25,95.9210,27.3217,13,"Distant Prograde Orbit",0.833333,0.16441,0,0.134228,0
5,1,110.8420,6.8304,1,"Lyapunov L1",0.75,0.0429609,0,0.0316209,0
5,1,110.8420,6.8304,2,"Lyapunov L2",0.666667,0.0101309,0,0.00658205,0
5,1,110.8420,6.8304,3,"Cycler 21",0.75,0.118543,0.0606061,0.100623,0
5,1,110.8420,6.8304,4,"Cycler 11a",0.75,0.123056,0.166667,0.114602,0
5,1,110.8420,6.8304,5,"Cycler 11b",0.75,0.103007,0.0909091,0.0899036,0
5,1,110.8420,6.8304,6,"Cycler 32",0.75,0.0864971,0.166667,0.0738953,0
5,1,110.8420,6.8304,7,"Resonant 2to1 Stable",0,0,0,0,0
5,1,110.8420,6.8304,8,"Resonant 2to1 Unstable",0.75,0.0985892,0.106061,0.0601521,0
5,1,110.8420,6.8304,9,"Resonant 3to1 Stable",0,0,0,0,0
5,1,110.8420,6.8304,10,"Resonant 3to1 Unstable",0,0,0,0,0
5,1,110.8420,6.8304,11,"Resonant 5to2 Stable",0.666667,0.00689421,0,0.00184616,0
5,1,110.8420,6.8304,12,"Resonant 5to2 Unstable",0.75,0.0493685,0,0.0211065,0
5,1,110.8420,6.8304,13,"Distant Prograde Orbit",0.75,0.0620844,0,0.0450606,0
5,2,110.8420,7.6842,1,"Lyapunov L1",0.75,0.0479455,0,0.0356088,0
5,2,110.8420,7.6842,2,"Lyapunov L2",0.666667,0.012632,0,0.00824992,0
5,2,110.8420,7.6842,3,"Cycler 21",0.75,0.122958,0.0151515,0.105189,0
5,2,110.8420,7.6842,4,"Cycler 11a",0.75,0.129301,0.166667,0.120038,0
5,2,110.8420,7.6842,5,"Cycler 11b",0.75,0.111016,0.0606061,0.0977538,0
5,2,110.8420,7.6842,6,"Cycler 32",0.75,0.0964804,0.166667,0.083107,0
5,2,110.8420,7.6842,7,"Resonant 2to1 Stable",0,0,0,0,0
5,2,110.8420,7.6842,8,"Resonant 2to1 Unstable",0.75,0.102233,0.106061,0.0624291,0
5,2,110.8420,7.6842,9,"Resonant 3to1 Stable",0,0,0,0,0
5,2,110.8420,7.6842,10,"Resonant 3to1 Unstable",0,0,0,0,0
5,2,110.8420,7.6842,11,"Resonant 5to2 Stable",0.666667,0.00693267,0,0.00184616,0
5,2,110.8420,7.6842,12,"Resonant 5to2 Unstable",0.75,0.0564889,0,0.0244174,0
5,2,110.8420,7.6842,13,"Distant Prograde Orbit",0.75,0.0703146,0,0.0513895,0
5,3,110.8420,8.5380,1,"Lyapunov L1",0.75,0.058551,0,0.0427827,0
5,3,110.8420,8.5380,2,"Lyapunov L2",0.666667,0.0155583,0,0.0120866,0
5,3,110.8420,8.5380,3,"Cycler 21",0.75,0.128378,0,0.11033,0
5,3,110.8420,8.5380,4,"Cycler 11a",0.75,0.13484,0.19697,0.124279,0
5,3,110.8420,8.5380,5,"Cycler 11b",0.75,0.120586,0.121212,0.106649,0
5,3,110.8420,8.5380,6,"Cycler 32",0.75,0.105675,0.166667,0.0913507,0
5,3,110.8420,8.5380,7,"Resonant 2to1 Stable",0,0,0,0,0
5,3,110.8420,8.5380,8,"Resonant 2to1 Unstable",0.75,0.105252,0.106061,0.0660343,0
5,3,110.8420,8.5380,9,"Resonant 3to1 Stable",0,0,0,0,0
5,3,110.8420,8.5380,10,"Resonant 3to1 Unstable",0,0,0,0,0
5,3,110.8420,8.5380,11,"Resonant 5to2 Stable",0.666667,0.00695996,0,0.00184616,0
5,3,110.8420,8.5380,12,"Resonant 5to2 Unstable",0.75,0.0611741,0,0.0261308,0
5,3,110.8420,8.5380,13,"Distant Prograde Orbit",0.75,0.077797,0,0.0569934,0
5,4,110.8420,9.3918,1,"Lyapunov L1",0.75,0.0616344,0,0.0461124,0
5,4,110.8420,9.3918,2,"Lyapunov L2",0.666667,0.0180324,0,0.0141857,0
5,4,110.8420,9.3918,3,"Cycler 21",0.75,0.131594,0,0.114371,0
5,4,110.8420,9.3918,4,"Cycler 11a",0.75,0.138932,0.166667,0.128374,0
5,4,110.8420,9.3918,5,"Cycler 11b",0.75,0.126624,0.0909091,0.111786,0
5,4,110.8420,9.3918,6,"Cycler 32",0.75,0.113178,0.166667,0.0991925,0
5,4,110.8420,9.3918,7,"Resonant 2to1 Stable",0,0,0,0,0
5,4,110.8420,9.3918,8,"Resonant 2to1 Unstable",0.75,0.107574,0.106061,0.0694817,0
5,4,110.8420,9.3918,9,"Resonant 3to1 Stable",0,0,0,0,0
5,4,110.8420,9.3918,10,"Resonant 3to1 Unstable",0,0,0,0,0
5,4,110.8420,9.3918,11,"Resonant 5to2 Stable",0.666667,0.00697961,0,0.00184616,0
5,4,110.8420,9.3918,12,"Resonant 5to2 Unstable",0.75,0.069663,0,0.0298754,0
5,4,110.8420,9.3918,13,"Distant Prograde Orbit",0.75,0.0863308,0.030303,0.0648635,0
5,5,110.8420,10.2456,1,"Lyapunov L1",0.75,0.0632148,0,0.0475394,0
5,5,110.8420,10.2456,2,"Lyapunov L2",0.666667,0.0208842,0,0.0166157,0
5,5,110.8420,10.2456,3,"Cycler 21",0.75,0.133826,0,0.11507,0
5,5,110.8420,10.2456,4,"Cycler 11a",0.75,0.142731,0.166667,0.130147,0
5,5,110.8420,10.2456,5,"Cycler 11b",0.75,0.130306,0.0909091,0.113772,0
5,5,110.8420,10.2456,6,"Cycler 32",0.75,0.124842,0.166667,0.111297,0
5,5,110.8420,10.2456,7,"Resonant 2to1 Stable",0,0,0,0,0
5,5,110.8420,10.2456,8,"Resonant 2to1 Unstable",0.75,0.110213,0.106061,0.0707474,0
5,5,110.8420,10.2456,9,"Resonant 3to1 Stable",0,0,0,0,0
5,5,110.8420,10.2456,10,"Resonant 3to1 Unstable",0,0,0,0,0
5,5,110.8420,10.2456,11,"Resonant 5to2 Stable",0.666667,0.00700321,0,0.00184616,0
5,5,110.8420,10.2456,12,"Resonant 5to2 Unstable",0.75,0.0896531,0,0.0407175,0
5,5,110.8420,10.2456,13,"Distant Prograde Orbit",0.75,0.0917212,0,0.0680273,0
5,6,110.8420,11.0994,1,"Lyapunov L1",0.75,0.064199,0,0.0495952,0
5,6,110.8420,11.0994,2,"Lyapunov L2",0.666667,0.0214898,0,0.0169867,0
5,6,110.8420,11.0994,3,"Cycler 21",0.75,0.136843,0,0.115078,0
5,6,110.8420,11.0994,4,"Cycler 11a",0.75,0.14639,0.166667,0.131161,0
5,6,110.8420,11.0994,5,"Cycler 11b",0.75,0.133266,0.0909091,0.113913,0
5,6,110.8420,11.0994,6,"Cycler 32",0.75,0.179997,0.166667,0.166827,0
5,6,110.8420,11.0994,7,"Resonant 2to1 Stable",0,0,0,0,0
5,6,110.8420,11.0994,8,"Resonant 2to1 Unstable",0.75,0.112341,0.106061,0.0716156,0
5,6,110.8420,11.0994,9,"Resonant 3to1 Stable",0,0,0,0,0
5,6,110.8420,11.0994,10,"Resonant 3to1 Unstable",0,0,0,0,0
5,6,110.8420,11.0994,11,"Resonant 5to2 Stable",0.666667,0.00702067,0,0.00184616,0
5,6,110.8420,11.0994,12,"Resonant 5to2 Unstable",0.75,0.163501,0,0.0963498,0
5,6,110.8420,11.0994,13,"Distant Prograde Orbit",0.75,0.0992914,0,0.0697881,0
5,7,110.8420,11.9532,1,"Lyapunov L1",0.833333,0.0653348,0,0.0527085,0
5,7,110.8420,11.9532,2,"Lyapunov L2",0.666667,0.025487,0,0.0198332,0
5,7,110.8420,11.9532,3,"Cycler 21",0.833333,0.138115,0,0.115872,0
5,7,110.8420,11.9532,4,"Cycler 11a",0.833333,0.147764,0.181818,0.132393,0
5,7,110.8420,11.9532,5,"Cycler 11b",0.833333,0.134483,0.106061,0.114619,0
5,7,110.8420,11.9532,6,"Cycler 32",0.833333,0.181577,0.257576,0.16922,0
5,7,110.8420,11.9532,7,"Resonant 2to1 Stable",0,0,0,0,0
5,7,110.8420,11.9532,8,"Resonant 2to1 Unstable",0.833333,0.113711,0.106061,0.072932,0
5,7,110.8420,11.9532,9,"Resonant 3to1 Stable",0,0,0,0,0
5,7,110.8420,11.9532,10,"Resonant 3to1 Unstable",0.666667,0.00682324,0,0.000903209,0
5,7,110.8420,11.9532,11,"Resonant 5to2 Stable",0.666667,0.00702166,0,0.00184616,0
5,7,110.8420,11.9532,12,"Resonant 5to2 Unstable",0.833333,0.165041,0.106061,0.098563,1
5,7,110.8420,11.9532,13,"Distant Prograde Orbit",0.833333,0.100792,0,0.0711185,0
5,8,110.8420,12.8070,1,"Lyapunov L1",0.833333,0.0744429,0,0.0601186,0
5,8,110.8420,12.8070,2,"Lyapunov L2",0.75,0.0316184,0,0.0240017,0
5,8,110.8420,12.8070,3,"Cycler 21",0.833333,0.141822,0,0.119503,0
5,8,110.8420,12.8070,4,"Cycler 11a",0.833333,0.152543,0.181818,0.136359,0
5,8,110.8420,12.8070,5,"Cycler 11b",0.833333,0.140724,0.106061,0.121313,0
5,8,110.8420,12.8070,6,"Cycler 32",0.833333,0.186407,0.272727,0.173495,0
5,8,110.8420,12.8070,7,"Resonant 2to1 Stable",0,0,0,0,0
5,8,110.8420,12.8070,8,"Resonant 2to1 Unstable",0.833333,0.116298,0.106061,0.0767474,0
5,8,110.8420,12.8070,9,"Resonant 3to1 Stable",0,0,0,0,0
5,8,110.8420,12.8070,10,"Resonant 3to1 Unstable",0.75,0.00870599,0,0.00180968,0
5,8,110.8420,12.8070,11,"Resonant 5to2 Stable",0.666667,0.00703508,0,0.00184616,0
5,8,110.8420,12.8070,12,"Resonant 5to2 Unstable",0.833333,0.168749,0.121212,0.0997222,0
5,8,110.8420,12.8070,13,"Distant Prograde Orbit",0.833333,0.105073,0,0.0772801,0
5,9,110.8420,13.6608,1,"Lyapunov L1",0.833333,0.0808483,0,0.0672197,0
5,9,110.8420,13.6608,2,"Lyapunov L2",0.833333,0.0393174,0,0.0301101,0
5,9,110.8420,13.6608,3,"Cycler 21",0.833333,0.152028,0,0.128875,0
5,9,110.8420,13.6608,4,"Cycler 11a",0.833333,0.156573,0.19697,0.141927,0
5,9,110.8420,13.6608,5,"Cycler 11b",0.833333,0.149131,0.0909091,0.128452,0
5,9,110.8420,13.6608,6,"Cycler 32",0.833333,0.19615,0.227273,0.18304,0
5,9,110.8420,13.6608,7,"Resonant 2to1 Stable",0,0,0,0,0
5,9,110.8420,13.6608,8,"Resonant 2to1 Unstable",0.833333,0.11935,0.121212,0.0800353,0
5,9,110.8420,13.6608,9,"Resonant 3to1 Stable",0,0,0,0,0
5,9,110.8420,13.6608,10,"Resonant 3to1 Unstable",0.75,0.0101644,0,0.00298882,0
5,9,110.8420,13.6608,11,"Resonant 5to2 Stable",0.75,0.00782132,0,0.00184616,0
5,9,110.8420,13.6608,12,"Resonant 5to2 Unstable",0.833333,0.175747,0.121212,0.102415,0
5,9,110.8420,13.6608,13,"Distant Prograde Orbit",0.833333,0.111126,0,0.0833384,0
5,10,110.8420,14.5146,1,"Lyapunov L1",0.833333,0.0850497,0,0.0737865,0
5,10,110.8420,14.5146,2,"Lyapunov L2",0.833333,0.0431169,0,0.0335181,0
5,10,110.8420,14.5146,3,"Cycler 21",0.833333,0.156888,0.0151515,0.134228,0
5,10,110.8420,14.5146,4,"Cycler 11a",0.833333,0.159975,0.19697,0.145777,0
5,10,110.8420,14.5146,5,"Cycler 11b",0.833333,0.152585,0.0757576,0.132377,0
5,10,110.8420,14.5146,6,"Cycler 32",0.833333,0.198682,0.227273,0.18719,0
5,10,110.8420,14.5146,7,"Resonant 2to1 Stable",0,0,0,0,0
5,10,110.8420,14.5146,8,"Resonant 2to1 Unstable",0.833333,0.12197,0.121212,0.0829248,0
5,10,110.8420,14.5146,9,"Resonant 3to1 Stable",0,0,0,0,0
5,10,110.8420,14.5146,10,"Resonant 3to1 Unstable",0.75,0.0107842,0,0.00442813,0
5,10,110.8420,14.5146,11,"Resonant 5to2 Stable",0.75,0.00784876,0,0.00184616,0
5,10,110.8420,14.5146,12,"Resonant 5to2 Unstable",0.833333,0.177625,0.121212,0.104567,0
5,10,110.8420,14.5146,13,"Distant Prograde Orbit",0.833333,0.118784,0,0.0905904,0
5,11,110.8420,15.3684,1,"Lyapunov L1",0.833333,0.0876394,0,0.0782403,0
5,11,110.8420,15.3684,2,"Lyapunov L2",0.833333,0.0461883,0,0.0365171,0
5,11,110.8420,15.3684,3,"Cycler 21",0.833333,0.159515,0.0151515,0.137176,0
5,11,110.8420,15.3684,4,"Cycler 11a",0.833333,0.163061,0.19697,0.150106,0
5,11,110.8420,15.3684,5,"Cycler 11b",0.833333,0.154683,0.0757576,0.135037,0
5,11,110.8420,15.3684,6,"Cycler 32",0.833333,0.198825,0.227273,0.18826,0
5,11,110.8420,15.3684,7,"Resonant 2to1 Stable",0,0,0,0,0
5,11,110.8420,15.3684,8,"Resonant 2to1 Unstable",0.833333,0.124695,0.121212,0.0861,0
5,11,110.8420,15.3684,9,"Resonant 3to1 Stable",0,0,0,0,0
5,11,110.8420,15.3684,10,"Resonant 3to1 Unstable",0.75,0.0111543,0,0.00480021,0
5,11,110.8420,15.3684,11,"Resonant 5to2 Stable",0.75,0.00787397,0,0.00184616,0
5,11,110.8420,15.3684,12,"Resonant 5to2 Unstable",0.833333,0.177758,0.121212,0.106683,0
5,11,110.8420,15.3684,13,"Distant Prograde Orbit",0.833333,0.126961,0,0.0986028,0
5,12,110.8420,16.2222,1,"Lyapunov L1",0.833333,0.0929939,0,0.0885667,0
5,12,110.8420,16.2222,2,"Lyapunov L2",0.833333,0.0493033,0,0.0386662,0
5,12,110.8420,16.2222,3,"Cycler 21",0.833333,0.16043,0,0.138817,0
5,12,110.8420,16.2222,4,"Cycler 11a",0.833333,0.164656,0.19697,0.152219,0
5,12,110.8420,16.2222,5,"Cycler 11b",0.833333,0.155518,0.0606061,0.137173,0
5,12,110.8420,16.2222,6,"Cycler 32",0.833333,0.19999,0.242424,0.191257,0
5,12,110.8420,16.2222,7,"Resonant 2to1 Stable",0,0,0,0,0
5,12,110.8420,16.2222,8,"Resonant 2to1 Unstable",0.833333,0.128342,0.121212,0.0910378,0
5,12,110.8420,16.2222,9,"Resonant 3to1 Stable",0,0,0,0,0
5,12,110.8420,16.2222,10,"Resonant 3to1 Unstable",0.75,0.0130738,0,0.00530212,0
5,12,110.8420,16.2222,11,"Resonant 5to2 Stable",0.75,0.00789382,0,0.00184616,0
5,12,110.8420,16.2222,12,"Resonant 5to2 Unstable",0.833333,0.178753,0,0.114131,0
5,12,110.8420,16.2222,13,"Distant Prograde Orbit",0.833333,0.129077,0,0.102258,0
5,13,110.8420,17.0760,1,"Lyapunov L1",0.833333,0.101507,0,0.0953556,0
5,13,110.8420,17.0760,2,"Lyapunov L2",0.833333,0.0546588,0,0.0422012,0
5,13,110.8420,17.0760,3,"Cycler 21",0.833333,0.161494,0,0.14009,0
5,13,110.8420,17.0760,4,"Cycler 11a",0.833333,0.168666,0.19697,0.155874,0
5,13,110.8420,17.0760,5,"Cycler 11b",0.833333,0.15766,0.030303,0.139516,0
5,13,110.8420,17.0760,6,"Cycler 32",0.833333,0.203427,0.227273,0.194768,0
5,13,110.8420,17.0760,7,"Resonant 2to1 Stable",0,0,0,0,0
5,13,110.8420,17.0760,8,"Resonant 2to1 Unstable",0.833333,0.129929,0.121212,0.094148,0
5,13,110.8420,17.0760,9,"Resonant 3to1 Stable",0,0,0,0,0
5,13,110.8420,17.0760,10,"Resonant 3to1 Unstable",0.75,0.0170153,0,0.00710072,0
5,13,110.8420,17.0760,11,"Resonant 5to2 Stable",0.75,0.00790777,0,0.00184616,0
5,13,110.8420,17.0760,12,"Resonant 5to2 Unstable",0.833333,0.181657,0.121212,0.119458,0
5,13,110.8420,17.0760,13,"Distant Prograde Orbit",0.833333,0.133897,0,0.107605,0
5,14,110.8420,17.9298,1,"Lyapunov L1",0.833333,0.105102,0,0.0995556,0
5,14,110.8420,17.9298,2,"Lyapunov L2",0.833333,0.0610944,0,0.0484135,0
5,14,110.8420,17.9298,3,"Cycler 21",0.833333,0.162647,0,0.140877,0
5,14,110.8420,17.9298,4,"Cycler 11a",0.833333,0.16906,0.19697,0.157725,0
5,14,110.8420,17.9298,5,"Cycler 11b",0.833333,0.160239,0.030303,0.143081,0
5,14,110.8420,17.9298,6,"Cycler 32",0.833333,0.205358,0.227273,0.197188,0
5,14,110.8420,17.9298,7,"Resonant 2to1 Stable",0,0,0,0,0
5,14,110.8420,17.9298,8,"Resonant 2to1 Unstable",0.833333,0.130159,0.121212,0.0961913,0
5,14,110.8420,17.9298,9,"Resonant 3to1 Stable",0,0,0,0,0
5,14,110.8420,17.9298,10,"Resonant 3to1 Unstable",0.75,0.018135,0,0.00750995,0
5,14,110.8420,17.9298,11,"Resonant 5to2 Stable",0.75,0.00791028,0,0.00184616,0
5,14,110.8420,17.9298,12,"Resonant 5to2 Unstable",0.833333,0.183265,0.121212,0.123444,0
5,14,110.8420,17.9298,13,"Distant Prograde Orbit",0.833333,0.13578,0,0.110047,0
5,15,110.8420,18.7836,1,"Lyapunov L1",0.833333,0.106212,0,0.100859,0
5,15,110.8420,18.7836,2,"Lyapunov L2",0.833333,0.0628633,0,0.051448,0
5,15,110.8420,18.7836,3,"Cycler 21",0.833333,0.162964,0,0.144367,0
5,15,110.8420,18.7836,4,"Cycler 11a",0.833333,0.169204,0.19697,0.158005,0
5,15,110.8420,18.7836,5,"Cycler 11b",0.833333,0.16115,0.0151515,0.144178,0
5,15,110.8420,18.7836,6,"Cycler 32",0.833333,0.205885,0.227273,0.197891,0
5,15,110.8420,18.7836,7,"Resonant 2to1 Stable",0,0,0,0,0
5,15,110.8420,18.7836,8,"Resonant 2to1 Unstable",0.833333,0.130274,0.121212,0.0968369,0
5,15,110.8420,18.7836,9,"Resonant 3to1 Stable",0,0,0,0,0
5,15,110.8420,18.7836,10,"Resonant 3to1 Unstable",0.75,0.0187349,0,0.00780561,0
5,15,110.8420,18.7836,11,"Resonant 5to2 Stable",0.75,0.0079114,0,0.00184616,0
5,15,110.8420,18.7836,12,"Resonant 5to2 Unstable",0.833333,0.183717,0.121212,0.125911,0
5,15,110.8420,18.7836,13,"Distant Prograde Orbit",0.833333,0.136374,0,0.110732,0
5,16,110.8420,19.6374,1,"Lyapunov L1",0.833333,0.113405,0,0.108268,0
5,16,110.8420,19.6374,2,"Lyapunov L2",0.833333,0.0695051,0,0.0573795,0
5,16,110.8420,19.6374,3,"Cycler 21",0.833333,0.164651,0,0.146356,0
5,16,110.8420,19.6374,4,"Cycler 11a",0.833333,0.17615,0.19697,0.165102,0
5,16,110.8420,19.6374,5,"Cycler 11b",0.833333,0.16115,0,0.144318,0
5,16,110.8420,19.6374,6,"Cycler 32",0.833333,0.206362,0.227273,0.198418,0
5,16,110.8420,19.6374,7,"Resonant 2to1 Stable",0,0,0,0,0
5,16,110.8420,19.6374,8,"Resonant 2to1 Unstable",0.833333,0.131088,0.121212,0.0971967,0
5,16,110.8420,19.6374,9,"Resonant 3to1 Stable",0,0,0,0,0
5,16,110.8420,19.6374,10,"Resonant 3to1 Unstable",0.75,0.0187555,0,0.00809802,0
5,16,110.8420,19.6374,11,"Resonant 5to2 Stable",0.75,0.00792535,0,0.00184616,0
5,16,110.8420,19.6374,12,"Resonant 5to2 Unstable",0.833333,0.184107,0.121212,0.126433,0
5,16,110.8420,19.6374,13,"Distant Prograde Orbit",0.833333,0.137066,0,0.111424,0
5,17,110.8420,20.4912,1,"Lyapunov L1",0.833333,0.114852,0,0.109714,0
5,17,110.8420,20.4912,2,"Lyapunov L2",0.833333,0.0732996,0,0.0601922,0
5,17,110.8420,20.4912,3,"Cycler 21",0.833333,0.165483,0,0.147185,0
5,17,110.8420,20.4912,4,"Cycler 11a",0.833333,0.178178,0.212121,0.16719,0
5,17,110.8420,20.4912,5,"Cycler 11b",0.833333,0.161154,0,0.144318,0
5,17,110.8420,20.4912,6,"Cycler 32",0.833333,0.207101,0.227273,0.199154,0
5,17,110.8420,20.4912,7,"Resonant 2to1 Stable",0,0,0,0,0
5,17,110.8420,20.4912,8,"Resonant 2to1 Unstable",0.833333,0.131498,0,0.097301,0
5,17,110.8420,20.4912,9,"Resonant 3to1 Stable",0,0,0,0,0
5,17,110.8420,20.4912,10,"Resonant 3to1 Unstable",0.75,0.018784,0,0.00825912,0
5,17,110.8420,20.4912,11,"Resonant 5to2 Stable",0.75,0.00795816,0,0.00185465,0
5,17,110.8420,20.4912,12,"Resonant 5to2 Unstable",0.833333,0.184703,0.121212,0.127042,0
5,17,110.8420,20.4912,13,"Distant Prograde Orbit",0.833333,0.137633,0,0.112537,0
5,18,110.8420,21.3450,1,"Lyapunov L1",0.833333,0.115967,0,0.110221,0
5,18,110.8420,21.3450,2,"Lyapunov L2",0.833333,0.0788788,0,0.066601,0
5,18,110.8420,21.3450,3,"Cycler 21",0.833333,0.173253,0,0.151677,0
5,18,110.8420,21.3450,4,"Cycler 11a",0.833333,0.186303,0.19697,0.174218,0
5,18,110.8420,21.3450,5,"Cycler 11b",0.833333,0.170073,0,0.14886,0
5,18,110.8420,21.3450,6,"Cycler 32",0.833333,0.266756,0.227273,0.258824,0
5,18,110.8420,21.3450,7,"Resonant 2to1 Stable",0,0,0,0,0
5,18,110.8420,21.3450,8,"Resonant 2to1 Unstable",0.833333,0.13532,0.121212,0.0989093,0
5,18,110.8420,21.3450,9,"Resonant 3to1 Stable",0,0,0,0,0
5,18,110.8420,21.3450,10,"Resonant 3to1 Unstable",0.75,0.0190465,0,0.00838543,0
5,18,110.8420,21.3450,11,"Resonant 5to2 Stable",0.75,0.00863669,0,0.00198368,0
5,18,110.8420,21.3450,12,"Resonant 5to2 Unstable",0.833333,0.249886,0.121212,0.180912,0
5,18,110.8420,21.3450,13,"Distant Prograde Orbit",0.833333,0.149864,0,0.120433,0
5,19,110.8420,22.1988,1,"Lyapunov L1",0.833333,0.11741,0,0.111606,0
5,19,110.8420,22.1988,2,"Lyapunov L2",0.833333,0.0888037,0,0.07286,0
5,19,110.8420,22.1988,3,"Cycler 21",0.833333,0.179527,0,0.159333,0
5,19,110.8420,22.1988,4,"Cycler 11a",0.833333,0.188013,0.19697,0.176073,0
5,19,110.8420,22.1988,5,"Cycler 11b",0.833333,0.172533,0,0.151834,0
5,19,110.8420,22.1988,6,"Cycler 32",0.833333,0.27497,0.227273,0.267285,0
5,19,110.8420,22.1988,7,"Resonant 2to1 Stable",0,0,0,0,0
5,19,110.8420,22.1988,8,"Resonant 2to1 Unstable",0.833333,0.136159,0.121212,0.104169,0
5,19,110.8420,22.1988,9,"Resonant 3to1 Stable",0,0,0,0,0
5,19,110.8420,22.1988,10,"Resonant 3to1 Unstable",0.75,0.0191761,0,0.00840202,0
5,19,110.8420,22.1988,11,"Resonant 5to2 Stable",0.75,0.00916683,0,0.00210501,0
5,19,110.8420,22.1988,12,"Resonant 5to2 Unstable",0.833333,0.256271,0.121212,0.181661,0
5,19,110.8420,22.1988,13,"Distant Prograde Orbit",0.833333,0.153793,0,0.124171,0
5,20,110.8420,23.0527,1,"Lyapunov L1",0.833333,0.118303,0,0.112922,0
5,20,110.8420,23.0527,2,"Lyapunov L2",0.833333,0.091277,0,0.0759014,0
5,20,110.8420,23.0527,3,"Cycler 21",0.833333,0.180525,0,0.160488,0
5,20,110.8420,23.0527,4,"Cycler 11a",0.833333,0.188454,0.19697,0.176587,0
5,20,110.8420,23.0527,5,"Cycler 11b",0.833333,0.175131,0,0.154386,0
5,20,110.8420,23.0527,6,"Cycler 32",0.833333,0.276594,0.227273,0.269006,0
5,20,110.8420,23.0527,7,"Resonant 2to1 Stable",0,0,0,0,0
5,20,110.8420,23.0527,8,"Resonant 2to1 Unstable",0.833333,0.136482,0.121212,0.105108,0
5,20,110.8420,23.0527,9,"Resonant 3to1 Stable",0,0,0,0,0
5,20,110.8420,23.0527,10,"Resonant 3to1 Unstable",0.75,0.0191898,0,0.00840202,0
5,20,110.8420,23.0527,11,"Resonant 5to2 Stable",0.75,0.0100216,0,0.00235139,0
5,20,110.8420,23.0527,12,"Resonant 5to2 Unstable",0.833333,0.25747,0.121212,0.183859,0
5,20,110.8420,23.0527,13,"Distant Prograde Orbit",0.833333,0.156156,0,0.126438,0
5,21,110.8420,23.9065,1,"Lyapunov L1",0.833333,0.118622,0,0.115519,0
5,21,110.8420,23.9065,2,"Lyapunov L2",0.833333,0.0914561,0,0.0761328,0
5,21,110.8420,23.9065,3,"Cycler 21",0.833333,0.181164,0,0.161156,0
5,21,110.8420,23.9065,4,"Cycler 11a",0.833333,0.196114,0.212121,0.182846,0
5,21,110.8420,23.9065,5,"Cycler 11b",0.833333,0.175782,0,0.15554,0
5,21,110.8420,23.9065,6,"Cycler 32",0.833333,0.282759,0.212121,0.277711,0
5,21,110.8420,23.9065,7,"Resonant 2to1 Stable",0,0,0,0,0
5,21,110.8420,23.9065,8,"Resonant 2to1 Unstable",0.833333,0.139792,0.136364,0.109523,0
5,21,110.8420,23.9065,9,"Resonant 3to1 Stable",0,0,0,0,0
5,21,110.8420,23.9065,10,"Resonant 3to1 Unstable",0.833333,0.020043,0,0.00840202,0
5,21,110.8420,23.9065,11,"Resonant 5to2 Stable",0.833333,0.0112256,0,0.00241772,0
5,21,110.8420,23.9065,12,"Resonant 5to2 Unstable",0.833333,0.26237,0.136364,0.189146,0
5,21,110.8420,23.9065,13,"Distant Prograde Orbit",0.833333,0.157368,0,0.127756,0
5,22,110.8420,24.7603,1,"Lyapunov L1",0.833333,0.119983,0,0.117739,0
5,22,110.8420,24.7603,2,"Lyapunov L2",0.833333,0.092366,0,0.0771076,0
5,22,110.8420,24.7603,3,"Cycler 21",0.833333,0.181184,0,0.162545,0
5,22,110.8420,24.7603,4,"Cycler 11a",0.833333,0.196135,0.212121,0.182878,0
5,22,110.8420,24.7603,5,"Cycler 11b",0.833333,0.175802,0,0.156975,0
5,22,110.8420,24.7603,6,"Cycler 32",0.833333,0.283202,0.212121,0.278972,0
5,22,110.8420,24.7603,7,"Resonant 2to1 Stable",0,0,0,0,0
5,22,110.8420,24.7603,8,"Resonant 2to1 Unstable",0.833333,0.139815,0.136364,0.109762,0
5,22,110.8420,24.7603,9,"Resonant 3to1 Stable",0,0,0,0,0
5,22,110.8420,24.7603,10,"Resonant 3to1 Unstable",0.833333,0.0200748,0,0.00841776,0
5,22,110.8420,24.7603,11,"Resonant 5to2 Stable",0.833333,0.0114129,0,0.00696304,0
5,22,110.8420,24.7603,12,"Resonant 5to2 Unstable",0.833333,0.26317,0.136364,0.192024,0
5,22,110.8420,24.7603,13,"Distant Prograde Orbit",0.833333,0.158167,0,0.128658,0
5,23,110.8420,25.6141,1,"Lyapunov L1",0.833333,0.123538,0,0.12132,0
5,23,110.8420,25.6141,2,"Lyapunov L2",0.833333,0.0935945,0,0.0783141,0
5,23,110.8420,25.6141,3,"Cycler 21",0.833333,0.182077,0,0.163762,0
5,23,110.8420,25.6141,4,"Cycler 11a",0.833333,0.196267,0.227273,0.183046,0
5,23,110.8420,25.6141,5,"Cycler 11b",0.833333,0.17592,0,0.157266,0
5,23,110.8420,25.6141,6,"Cycler 32",0.833333,0.284451,0.212121,0.280274,0
5,23,110.8420,25.6141,7,"Resonant 2to1 Stable",0,0,0,0,0
5,23,110.8420,25.6141,8,"Resonant 2to1 Unstable",0.833333,0.140218,0,0.110487,0
5,23,110.8420,25.6141,9,"Resonant 3to1 Stable",0,0,0,0,0
5,23,110.8420,25.6141,10,"Resonant 3to1 Unstable",0.833333,0.0201375,0,0.00841776,0
5,23,110.8420,25.6141,11,"Resonant 5to2 Stable",0.833333,0.0124728,0,0.00774737,0
5,23,110.8420,25.6141,12,"Resonant 5to2 Unstable",0.833333,0.263713,0.136364,0.193916,0
5,23,110.8420,25.6141,13,"Distant Prograde Orbit",0.833333,0.158646,0,0.12943,0
5,24,110.8420,26.4679,1,"Lyapunov L1",0.833333,0.124009,0,0.121796,0
5,24,110.8420,26.4679,2,"Lyapunov L2",0.833333,0.094015,0,0.0787538,0
5,24,110.8420,26.4679,3,"Cycler 21",0.833333,0.182279,0,0.163837,0
5,24,110.8420,26.4679,4,"Cycler 11a",0.833333,0.19649,0.212121,0.183219,0
5,24,110.8420,26.4679,5,"Cycler 11b",0.833333,0.176118,0,0.157449,0
5,24,110.8420,26.4679,6,"Cycler 32",0.833333,0.284648,0.212121,0.280479,0
5,24,110.8420,26.4679,7,"Resonant 2to1 Stable",0,0,0,0,0
5,24,110.8420,26.4679,8,"Resonant 2to1 Unstable",0.833333,0.140535,0.136364,0.110963,0
5,24,110.8420,26.4679,9,"Resonant 3to1 Stable",0,0,0,0,0
5,24,110.8420,26.4679,10,"Resonant 3to1 Unstable",0.833333,0.0202156,0,0.00844724,0
5,24,110.8420,26.4679,11,"Resonant 5to2 Stable",0.833333,0.0144503,0,0.00906141,0
5,24,110.8420,26.4679,12,"Resonant 5to2 Unstable",0.833333,0.263922,0.136364,0.194473,0
5,24,110.8420,26.4679,13,"Distant Prograde Orbit",0.833333,0.158844,0,0.12943,0
5,25,110.8420,27.3217,1,"Lyapunov L1",0.833333,0.125467,0,0.123351,0
5,25,110.8420,27.3217,2,"Lyapunov L2",0.833333,0.0943135,0,0.0790228,0
5,25,110.8420,27.3217,3,"Cycler 21",0.833333,0.183482,0,0.165048,0
5,25,110.8420,27.3217,4,"Cycler 11a",0.833333,0.196546,0.212121,0.183348,0
5,25,110.8420,27.3217,5,"Cycler 11b",0.833333,0.176167,0,0.157586,0
5,25,110.8420,27.3217,6,"Cycler 32",0.833333,0.287981,0.212121,0.283881,0
5,25,110.8420,27.3217,7,"Resonant 2to1 Stable",0,0,0,0,0
5,25,110.8420,27.3217,8,"Resonant 2to1 Unstable",0.833333,0.140596,0.136364,0.115345,0
5,25,110.8420,27.3217,9,"Resonant 3to1 Stable",0,0,0,0,0
5,25,110.8420,27.3217,10,"Resonant 3to1 Unstable",0.833333,0.0202517,0,0.00846674,0
5,25,110.8420,27.3217,11,"Resonant 5to2 Stable",0.833333,0.0149225,0,0.0105564,0
5,25,110.8420,27.3217,12,"Resonant 5to2 Unstable",0.833333,0.266185,0.136364,0.197321,0
5,25,110.8420,27.3217,13,"Distant Prograde Orbit",0.833333,0.16441,0,0.135026,0
6,1,125.7631,6.8304,1,"Lyapunov L1",0.75,0.0429609,0,0.0316209,0
6,1,125.7631,6.8304,2,"Lyapunov L2",0.666667,0.0101309,0,0.00658205,0
6,1,125.7631,6.8304,3,"Cycler 21",0.75,0.118543,0.0606061,0.100623,0
6,1,125.7631,6.8304,4,"Cycler 11a",0.75,0.123056,0.166667,0.114602,0
6,1,125.7631,6.8304,5,"Cycler 11b",0.75,0.103007,0.0909091,0.0899036,0
6,1,125.7631,6.8304,6,"Cycler 32",0.75,0.0864971,0.166667,0.0738953,0
6,1,125.7631,6.8304,7,"Resonant 2to1 Stable",0,0,0,0,0
6,1,125.7631,6.8304,8,"Resonant 2to1 Unstable",0.75,0.0985892,0.106061,0.0601521,0
6,1,125.7631,6.8304,9,"Resonant 3to1 Stable",0,0,0,0,0
6,1,125.7631,6.8304,10,"Resonant 3to1 Unstable",0,0,0,0,0
6,1,125.7631,6.8304,11,"Resonant 5to2 Stable",0.666667,0.00689421,0,0.00184616,0
6,1,125.7631,6.8304,12,"Resonant 5to2 Unstable",0.75,0.0493685,0,0.0211065,0
6,1,125.7631,6.8304,13,"Distant Prograde Orbit",0.75,0.0620844,0,0.0450606,0
6,2,125.7631,7.6842,1,"Lyapunov L1",0.75,0.0479455,0,0.0363504,0
6,2,125.7631,7.6842,2,"Lyapunov L2",0.666667,0.012632,0,0.00968216,0
6,2,125.7631,7.6842,3,"Cycler 21",0.75,0.122958,0.0151515,0.105189,0
6,2,125.7631,7.6842,4,"Cycler 11a",0.75,0.129301,0.166667,0.120038,0
6,2,125.7631,7.6842,5,"Cycler 11b",0.75,0.111016,0.0606061,0.0977538,0
6,2,125.7631,7.6842,6,"Cycler 32",0.75,0.0964804,0.166667,0.083107,0
6,2,125.7631,7.6842,7,"Resonant 2to1 Stable",0,0,0,0,0
6,2,125.7631,7.6842,8,"Resonant 2to1 Unstable",0.75,0.102233,0.106061,0.0631198,0
6,2,125.7631,7.6842,9,"Resonant 3to1 Stable",0,0,0,0,0
6,2,125.7631,7.6842,10,"Resonant 3to1 Unstable",0,0,0,0,0
6,2,125.7631,7.6842,11,"Resonant 5to2 Stable",0.666667,0.00693267,0,0.00184616,0
6,2,125.7631,7.6842,12,"Resonant 5to2 Unstable",0.75,0.0564889,0,0.0253761,0
6,2,125.7631,7.6842,13,"Distant Prograde Orbit",0.75,0.0703146,0,0.0523481,0
6,3,125.7631,8.5380,1,"Lyapunov L1",0.75,0.058551,0,0.0427827,0
6,3,125.7631,8.5380,2,"Lyapunov L2",0.666667,0.0155583,0,0.0120866,0
6,3,125.7631,8.5380,3,"Cycler 21",0.75,0.128378,0,0.11033,0
6,3,125.7631,8.5380,4,"Cycler 11a",0.75,0.13484,0.19697,0.124279,0
6,3,125.7631,8.5380,5,"Cycler 11b",0.75,0.120586,0.121212,0.106649,0
6,3,125.7631,8.5380,6,"Cycler 32",0.75,0.105675,0.166667,0.0913507,0
6,3,125.7631,8.5380,7,"Resonant 2to1 Stable",0,0,0,0,0
6,3,125.7631,8.5380,8,"Resonant 2to1 Unstable",0.75,0.105252,0.106061,0.0660343,0
6,3,125.7631,8.5380,9,"Resonant 3to1 Stable",0,0,0,0,0
6,3,125.7631,8.5380,10,"Resonant 3to1 Unstable",0,0,0,0,0
6,3,125.7631,8.5380,11,"Resonant 5to2 Stable",0.666667,0.00695996,0,0.00184616,0
6,3,125.7631,8.5380,12,"Resonant 5to2 Unstable",0.75,0.0611741,0,0.0272365,0
6,3,125.7631,8.5380,13,"Distant Prograde Orbit",0.75,0.077797,0,0.0580992,0
6,4,125.7631,9.3918,1,"Lyapunov L1",0.75,0.0616344,0,0.0461124,0
6,4,125.7631,9.3918,2,"Lyapunov L2",0.666667,0.0180324,0,0.0141857,0
6,4,125.7631,9.3918,3,"Cycler 21",0.75,0.131594,0,0.114371,0
6,4,125.7631,9.3918,4,"Cycler 11a",0.75,0.138932,0.166667,0.128374,0
6,4,125.7631,9.3918,5,"Cycler 11b",0.75,0.126624,0.0909091,0.111786,0
6,4,125.7631,9.3918,6,"Cycler 32",0.75,0.113178,0.166667,0.0991925,0
6,4,125.7631,9.3918,7,"Resonant 2to1 Stable",0,0,0,0,0
6,4,125.7631,9.3918,8,"Resonant 2to1 Unstable",0.75,0.107574,0.106061,0.0694817,0
6,4,125.7631,9.3918,9,"Resonant 3to1 Stable",0,0,0,0,0
6,4,125.7631,9.3918,10,"Resonant 3to1 Unstable",0,0,0,0,0
6,4,125.7631,9.3918,11,"Resonant 5to2 Stable",0.666667,0.00697961,0,0.00184616,0
6,4,125.7631,9.3918,12,"Resonant 5to2 Unstable",0.75,0.069663,0,0.0310295,0
6,4,125.7631,9.3918,13,"Distant Prograde Orbit",0.75,0.0863308,0.030303,0.0660176,0
6,5,125.7631,10.2456,1,"Lyapunov L1",0.75,0.0632148,0,0.0475394,0
6,5,125.7631,10.2456,2,"Lyapunov L2",0.75,0.021562,0,0.0166157,0
6,5,125.7631,10.2456,3,"Cycler 21",0.75,0.133826,0,0.11507,0
6,5,125.7631,10.2456,4,"Cycler 11a",0.75,0.142731,0.181818,0.130147,0
6,5,125.7631,10.2456,5,"Cycler 11b",0.75,0.130306,0.0909091,0.113772,0
6,5,125.7631,10.2456,6,"Cycler 32",0.75,0.124842,0.166667,0.111297,0
6,5,125.7631,10.2456,7,"Resonant 2to1 Stable",0,0,0,0,0
6,5,125.7631,10.2456,8,"Resonant 2to1 Unstable",0.75,0.110213,0.121212,0.0707474,0
6,5,125.7631,10.2456,9,"Resonant 3to1 Stable",0,0,0,0,0
6,5,125.7631,10.2456,10,"Resonant 3to1 Unstable",0,0,0,0,0
6,5,125.7631,10.2456,11,"Resonant 5to2 Stable",0.75,0.00768102,0,0.00184616,0
6,5,125.7631,10.2456,12,"Resonant 5to2 Unstable",0.75,0.0896531,0,0.0410511,0
6,5,125.7631,10.2456,13,"Distant Prograde Orbit",0.75,0.0917212,0,0.068361,0
6,6,125.7631,11.0994,1,"Lyapunov L1",0.75,0.064199,0,0.0495952,0
6,6,125.7631,11.0994,2,"Lyapunov L2",0.75,0.0221706,0,0.0169867,0
6,6,125.7631,11.0994,3,"Cycler 21",0.75,0.136843,0,0.115078,0
6,6,125.7631,11.0994,4,"Cycler 11a",0.75,0.14639,0.181818,0.131161,0
6,6,125.7631,11.0994,5,"Cycler 11b",0.75,0.133266,0.0909091,0.113913,0
6,6,125.7631,11.0994,6,"Cycler 32",0.833333,0.180671,0.166667,0.166827,0
6,6,125.7631,11.0994,7,"Resonant 2to1 Stable",0,0,0,0,0
6,6,125.7631,11.0994,8,"Resonant 2to1 Unstable",0.75,0.112341,0.121212,0.0716156,0
6,6,125.7631,11.0994,9,"Resonant 3to1 Stable",0,0,0,0,0
6,6,125.7631,11.0994,10,"Resonant 3to1 Unstable",0.166667,0.00135406,0,0.0006798,0
6,6,125.7631,11.0994,11,"Resonant 5to2 Stable",0.75,0.00770144,0,0.00184616,0
6,6,125.7631,11.0994,12,"Resonant 5to2 Unstable",0.833333,0.164181,0.0151515,0.0971515,1
6,6,125.7631,11.0994,13,"Distant Prograde Orbit",0.75,0.0992914,0,0.0699101,0
6,7,125.7631,11.9532,1,"Lyapunov L1",0.833333,0.0653348,0,0.0527085,0
6,7,125.7631,11.9532,2,"Lyapunov L2",0.833333,0.0269103,0,0.0198332,0
6,7,125.7631,11.9532,3,"Cycler 21",0.833333,0.138115,0,0.115872,0
6,7,125.7631,11.9532,4,"Cycler 11a",0.833333,0.147764,0.19697,0.132393,0
6,7,125.7631,11.9532,5,"Cycler 11b",0.833333,0.134483,0.106061,0.114619,0
6,7,125.7631,11.9532,6,"Cycler 32",0.833333,0.181577,0.272727,0.16922,0
6,7,125.7631,11.9532,7,"Resonant 2to1 Stable",0,0,0,0,0
6,7,125.7631,11.9532,8,"Resonant 2to1 Unstable",0.833333,0.113711,0.121212,0.072932,0
6,7,125.7631,11.9532,9,"Resonant 3to1 Stable",0,0,0,0,0
6,7,125.7631,11.9532,10,"Resonant 3to1 Unstable",0.75,0.00753593,0,0.000903209,0
6,7,125.7631,11.9532,11,"Resonant 5to2 Stable",0.75,0.00773234,0,0.00184616,0
6,7,125.7631,11.9532,12,"Resonant 5to2 Unstable",0.833333,0.165041,0.121212,0.098563,1
6,7,125.7631,11.9532,13,"Distant Prograde Orbit",0.833333,0.100792,0,0.0711185,0
6,8,125.7631,12.8070,1,"Lyapunov L1",0.833333,0.0744429,0,0.0601186,0
6,8,125.7631,12.8070,2,"Lyapunov L2",0.833333,0.0323625,0,0.024814,0
6,8,125.7631,12.8070,3,"Cycler 21",0.833333,0.141822,0,0.119503,0
6,8,125.7631,12.8070,4,"Cycler 11a",0.833333,0.152543,0.19697,0.136359,0
6,8,125.7631,12.8070,5,"Cycler 11b",0.833333,0.140724,0.106061,0.121313,0
6,8,125.7631,12.8070,6,"Cycler 32",0.833333,0.186407,0.272727,0.173495,0
6,8,125.7631,12.8070,7,"Resonant 2to1 Stable",0,0,0,0,0
6,8,125.7631,12.8070,8,"Resonant 2to1 Unstable",0.833333,0.116298,0.121212,0.0767474,0
6,8,125.7631,12.8070,9,"Resonant 3to1 Stable",0,0,0,0,0
6,8,125.7631,12.8070,10,"Resonant 3to1 Unstable",0.75,0.00870599,0,0.00180968,0
6,8,125.7631,12.8070,11,"Resonant 5to2 Stable",0.75,0.00777917,0,0.00184616,0
6,8,125.7631,12.8070,12,"Resonant 5to2 Unstable",0.833333,0.168749,0.121212,0.100534,0
6,8,125.7631,12.8070,13,"Distant Prograde Orbit",0.833333,0.105073,0,0.0772801,0
6,9,125.7631,13.6608,1,"Lyapunov L1",0.833333,0.0808483,0,0.0672197,0
6,9,125.7631,13.6608,2,"Lyapunov L2",0.833333,0.0393174,0,0.0301101,0
6,9,125.7631,13.6608,3,"Cycler 21",0.833333,0.152028,0,0.128875,0
6,9,125.7631,13.6608,4,"Cycler 11a",0.833333,0.156573,0.19697,0.141927,0
6,9,125.7631,13.6608,5,"Cycler 11b",0.833333,0.149131,0.0909091,0.128452,0
6,9,125.7631,13.6608,6,"Cycler 32",0.833333,0.19615,0.227273,0.183926,0
6,9,125.7631,13.6608,7,"Resonant 2to1 Stable",0,0,0,0,0
6,9,125.7631,13.6608,8,"Resonant 2to1 Unstable",0.833333,0.11935,0.121212,0.0800353,0
6,9,125.7631,13.6608,9,"Resonant 3to1 Stable",0,0,0,0,0
6,9,125.7631,13.6608,10,"Resonant 3to1 Unstable",0.75,0.0101644,0,0.00387458,0
6,9,125.7631,13.6608,11,"Resonant 5to2 Stable",0.75,0.00782132,0,0.00184616,0
6,9,125.7631,13.6608,12,"Resonant 5to2 Unstable",0.833333,0.175747,0.121212,0.102415,0
6,9,125.7631,13.6608,13,"Distant Prograde Orbit",0.833333,0.111126,0,0.0833384,0
6,10,125.7631,14.5146,1,"Lyapunov L1",0.833333,0.0850497,0,0.0737865,0
6,10,125.7631,14.5146,2,"Lyapunov L2",0.833333,0.0431169,0,0.0335181,0
6,10,125.7631,14.5146,3,"Cycler 21",0.833333,0.156888,0.0151515,0.134228,0
6,10,125.7631,14.5146,4,"Cycler 11a",0.833333,0.159975,0.19697,0.145777,0
6,10,125.7631,14.5146,5,"Cycler 11b",0.833333,0.152585,0.0757576,0.132377,0
6,10,125.7631,14.5146,6,"Cycler 32",0.833333,0.198682,0.227273,0.18719,0
6,10,125.7631,14.5146,7,"Resonant 2to1 Stable",0,0,0,0,0
6,10,125.7631,14.5146,8,"Resonant 2to1 Unstable",0.833333,0.12197,0.121212,0.0829248,0
6,10,125.7631,14.5146,9,"Resonant 3to1 Stable",0,0,0,0,0
6,10,125.7631,14.5146,10,"Resonant 3to1 Unstable",0.75,0.0107842,0,0.00442813,0
6,10,125.7631,14.5146,11,"Resonant 5to2 Stable",0.75,0.00784876,0,0.00184616,0
6,10,125.7631,14.5146,12,"Resonant 5to2 Unstable",0.833333,0.177625,0.121212,0.104567,0
6,10,125.7631,14.5146,13,"Distant Prograde Orbit",0.833333,0.118784,0,0.0905904,0
6,11,125.7631,15.3684,1,"Lyapunov L1",0.833333,0.0876394,0,0.0782403,0
6,11,125.7631,15.3684,2,"Lyapunov L2",0.833333,0.0461883,0,0.0365171,0
6,11,125.7631,15.3684,3,"Cycler 21",0.833333,0.159515,0.0151515,0.137176,0
6,11,125.7631,15.3684,4,"Cycler 11a",0.833333,0.163061,0.19697,0.150106,0
6,11,125.7631,15.3684,5,"Cycler 11b",0.833333,0.154683,0.0757576,0.135037,0
6,11,125.7631,15.3684,6,"Cycler 32",0.833333,0.198825,0.227273,0.18826,0
6,11,125.7631,15.3684,7,"Resonant 2to1 Stable",0,0,0,0,0
6,11,125.7631,15.3684,8,"Resonant 2to1 Unstable",0.833333,0.124695,0.121212,0.0861,0
6,11,125.7631,15.3684,9,"Resonant 3to1 Stable",0,0,0,0,0
6,11,125.7631,15.3684,10,"Resonant 3to1 Unstable",0.75,0.0111543,0,0.00480021,0
6,11,125.7631,15.3684,11,"Resonant 5to2 Stable",0.75,0.00787397,0,0.00184616,0
6,11,125.7631,15.3684,12,"Resonant 5to2 Unstable",0.833333,0.177758,0.121212,0.106683,0
6,11,125.7631,15.3684,13,"Distant Prograde Orbit",0.833333,0.126961,0,0.0986028,0
6,12,125.7631,16.2222,1,"Lyapunov L1",0.833333,0.0929939,0,0.0885667,0
6,12,125.7631,16.2222,2,"Lyapunov L2",0.833333,0.0493033,0,0.0386662,0
6,12,125.7631,16.2222,3,"Cycler 21",0.833333,0.16043,0,0.139587,0
6,12,125.7631,16.2222,4,"Cycler 11a",0.833333,0.164656,0.19697,0.152219,0
6,12,125.7631,16.2222,5,"Cycler 11b",0.833333,0.155518,0.0606061,0.137173,0
6,12,125.7631,16.2222,6,"Cycler 32",0.833333,0.19999,0.242424,0.191257,0
6,12,125.7631,16.2222,7,"Resonant 2to1 Stable",0,0,0,0,0
6,12,125.7631,16.2222,8,"Resonant 2to1 Unstable",0.833333,0.128342,0.121212,0.0910378,0
6,12,125.7631,16.2222,9,"Resonant 3to1 Stable",0,0,0,0,0
6,12,125.7631,16.2222,10,"Resonant 3to1 Unstable",0.75,0.0130738,0,0.0060715,0
6,12,125.7631,16.2222,11,"Resonant 5to2 Stable",0.75,0.00789382,0,0.00184616,0
6,12,125.7631,16.2222,12,"Resonant 5to2 Unstable",0.833333,0.178753,0,0.114131,0
6,12,125.7631,16.2222,13,"Distant Prograde Orbit",0.833333,0.129077,0,0.102258,0
6,13,125.7631,17.0760,1,"Lyapunov L1",0.833333,0.101507,0,0.0953556,0
6,13,125.7631,17.0760,2,"Lyapunov L2",0.833333,0.0546588,0,0.0422012,0
6,13,125.7631,17.0760,3,"Cycler 21",0.833333,0.161494,0,0.140115,0
6,13,125.7631,17.0760,4,"Cycler 11a",0.833333,0.168666,0.19697,0.155874,0
6,13,125.7631,17.0760,5,"Cycler 11b",0.833333,0.15766,0.030303,0.14029,0
6,13,125.7631,17.0760,6,"Cycler 32",0.833333,0.203427,0.227273,0.194768,0
6,13,125.7631,17.0760,7,"Resonant 2to1 Stable",0,0,0,0,0
6,13,125.7631,17.0760,8,"Resonant 2to1 Unstable",0.833333,0.129929,0.121212,0.094148,0
6,13,125.7631,17.0760,9,"Resonant 3to1 Stable",0,0,0,0,0
6,13,125.7631,17.0760,10,"Resonant 3to1 Unstable",0.75,0.0170153,0,0.00789946,0
6,13,125.7631,17.0760,11,"Resonant 5to2 Stable",0.75,0.00790777,0,0.00184616,0
6,13,125.7631,17.0760,12,"Resonant 5to2 Unstable",0.833333,0.181657,0.121212,0.119458,0
6,13,125.7631,17.0760,13,"Distant Prograde Orbit",0.833333,0.133897,0,0.107605,0
6,14,125.7631,17.9298,1,"Lyapunov L1",0.833333,0.105102,0,0.0995556,0
6,14,125.7631,17.9298,2,"Lyapunov L2",0.833333,0.0610944,0,0.0484135,0
6,14,125.7631,17.9298,3,"Cycler 21",0.833333,0.162647,0,0.140897,0
6,14,125.7631,17.9298,4,"Cycler 11a",0.833333,0.16906,0.19697,0.157725,0
6,14,125.7631,17.9298,5,"Cycler 11b",0.833333,0.160239,0.030303,0.143949,0
6,14,125.7631,17.9298,6,"Cycler 32",0.833333,0.205358,0.227273,0.197188,0
6,14,125.7631,17.9298,7,"Resonant 2to1 Stable",0,0,0,0,0
6,14,125.7631,17.9298,8,"Resonant 2to1 Unstable",0.833333,0.130159,0.121212,0.0961913,0
6,14,125.7631,17.9298,9,"Resonant 3to1 Stable",0,0,0,0,0
6,14,125.7631,17.9298,10,"Resonant 3to1 Unstable",0.75,0.018135,0,0.00839776,0
6,14,125.7631,17.9298,11,"Resonant 5to2 Stable",0.75,0.00791028,0,0.00184616,0
6,14,125.7631,17.9298,12,"Resonant 5to2 Unstable",0.833333,0.183265,0.121212,0.123444,0
6,14,125.7631,17.9298,13,"Distant Prograde Orbit",0.833333,0.13578,0,0.110047,0
6,15,125.7631,18.7836,1,"Lyapunov L1",0.833333,0.106212,0,0.100859,0
6,15,125.7631,18.7836,2,"Lyapunov L2",0.833333,0.0628633,0,0.051448,0
6,15,125.7631,18.7836,3,"Cycler 21",0.833333,0.162964,0,0.144392,0
6,15,125.7631,18.7836,4,"Cycler 11a",0.833333,0.169204,0.19697,0.158005,0
6,15,125.7631,18.7836,5,"Cycler 11b",0.833333,0.16115,0.0151515,0.145109,0
6,15,125.7631,18.7836,6,"Cycler 32",0.833333,0.205885,0.227273,0.197891,0
6,15,125.7631,18.7836,7,"Resonant 2to1 Stable",0,0,0,0,0
6,15,125.7631,18.7836,8,"Resonant 2to1 Unstable",0.833333,0.130274,0.121212,0.0968369,0
6,15,125.7631,18.7836,9,"Resonant 3to1 Stable",0,0,0,0,0
6,15,125.7631,18.7836,10,"Resonant 3to1 Unstable",0.75,0.0187349,0,0.00876182,0
6,15,125.7631,18.7836,11,"Resonant 5to2 Stable",0.75,0.0079114,0,0.00184616,0
6,15,125.7631,18.7836,12,"Resonant 5to2 Unstable",0.833333,0.183717,0.121212,0.125911,0
6,15,125.7631,18.7836,13,"Distant Prograde Orbit",0.833333,0.136374,0,0.110732,0
6,16,125.7631,19.6374,1,"Lyapunov L1",0.833333,0.113405,0,0.108268,0
6,16,125.7631,19.6374,2,"Lyapunov L2",0.833333,0.0695051,0,0.0573795,0
6,16,125.7631,19.6374,3,"Cycler 21",0.833333,0.164651,0,0.146357,0
6,16,125.7631,19.6374,4,"Cycler 11a",0.833333,0.17615,0.19697,0.165102,0
6,16,125.7631,19.6374,5,"Cycler 11b",0.833333,0.16115,0,0.145249,0
6,16,125.7631,19.6374,6,"Cycler 32",0.833333,0.206362,0.227273,0.198418,0
6,16,125.7631,19.6374,7,"Resonant 2to1 Stable",0,0,0,0,0
6,16,125.7631,19.6374,8,"Resonant 2to1 Unstable",0.833333,0.131088,0.121212,0.0971967,0
6,16,125.7631,19.6374,9,"Resonant 3to1 Stable",0,0,0,0,0
6,16,125.7631,19.6374,10,"Resonant 3to1 Unstable",0.75,0.0187555,0,0.00902956,0
6,16,125.7631,19.6374,11,"Resonant 5to2 Stable",0.75,0.00792535,0,0.00184616,0
6,16,125.7631,19.6374,12,"Resonant 5to2 Unstable",0.833333,0.184107,0.121212,0.126433,0
6,16,125.7631,19.6374,13,"Distant Prograde Orbit",0.833333,0.137066,0,0.111424,0
6,17,125.7631,20.4912,1,"Lyapunov L1",0.833333,0.114852,0,0.109714,0
6,17,125.7631,20.4912,2,"Lyapunov L2",0.833333,0.0732996,0,0.0601922,0
6,17,125.7631,20.4912,3,"Cycler 21",0.833333,0.165483,0,0.147237,0
6,17,125.7631,20.4912,4,"Cycler 11a",0.833333,0.178178,0.212121,0.16719,0
6,17,125.7631,20.4912,5,"Cycler 11b",0.833333,0.161154,0,0.145271,0
6,17,125.7631,20.4912,6,"Cycler 32",0.833333,0.207101,0.227273,0.199154,0
6,17,125.7631,20.4912,7,"Resonant 2to1 Stable",0,0,0,0,0
6,17,125.7631,20.4912,8,"Resonant 2to1 Unstable",0.833333,0.131498,0,0.097301,0
6,17,125.7631,20.4912,9,"Resonant 3to1 Stable",0,0,0,0,0
6,17,125.7631,20.4912,10,"Resonant 3to1 Unstable",0.75,0.018784,0,0.00926467,0
6,17,125.7631,20.4912,11,"Resonant 5to2 Stable",0.75,0.00795816,0,0.00185465,0
6,17,125.7631,20.4912,12,"Resonant 5to2 Unstable",0.833333,0.184703,0.121212,0.127042,0
6,17,125.7631,20.4912,13,"Distant Prograde Orbit",0.833333,0.137633,0,0.112537,0
6,18,125.7631,21.3450,1,"Lyapunov L1",0.833333,0.115967,0,0.110221,0
6,18,125.7631,21.3450,2,"Lyapunov L2",0.833333,0.0788788,0,0.066601,0
6,18,125.7631,21.3450,3,"Cycler 21",0.833333,0.173253,0,0.151677,0
6,18,125.7631,21.3450,4,"Cycler 11a",0.833333,0.186303,0.212121,0.174218,0
6,18,125.7631,21.3450,5,"Cycler 11b",0.833333,0.170073,0,0.149853,0
6,18,125.7631,21.3450,6,"Cycler 32",0.833333,0.266756,0.242424,0.258824,0
6,18,125.7631,21.3450,7,"Resonant 2to1 Stable",0,0,0,0,0
6,18,125.7631,21.3450,8,"Resonant 2to1 Unstable",0.833333,0.13532,0.136364,0.0989093,0
6,18,125.7631,21.3450,9,"Resonant 3to1 Stable",0,0,0,0,0
6,18,125.7631,21.3450,10,"Resonant 3to1 Unstable",0.833333,0.0197213,0,0.00937846,0
6,18,125.7631,21.3450,11,"Resonant 5to2 Stable",0.833333,0.00931149,0,0.00198368,0
6,18,125.7631,21.3450,12,"Resonant 5to2 Unstable",0.833333,0.249886,0.136364,0.180912,0
6,18,125.7631,21.3450,13,"Distant Prograde Orbit",0.833333,0.149864,0,0.120433,0
6,19,125.7631,22.1988,1,"Lyapunov L1",0.833333,0.11741,0,0.111606,0
6,19,125.7631,22.1988,2,"Lyapunov L2",0.833333,0.0888037,0,0.07286,0
6,19,125.7631,22.1988,3,"Cycler 21",0.833333,0.179527,0,0.159333,0
6,19,125.7631,22.1988,4,"Cycler 11a",0.833333,0.188013,0.212121,0.176073,0
6,19,125.7631,22.1988,5,"Cycler 11b",0.833333,0.172533,0,0.152891,0
6,19,125.7631,22.1988,6,"Cycler 32",0.833333,0.27497,0.242424,0.267285,0
6,19,125.7631,22.1988,7,"Resonant 2to1 Stable",0,0,0,0,0
6,19,125.7631,22.1988,8,"Resonant 2to1 Unstable",0.833333,0.136159,0.136364,0.104169,0
6,19,125.7631,22.1988,9,"Resonant 3to1 Stable",0,0,0,0,0
6,19,125.7631,22.1988,10,"Resonant 3to1 Unstable",0.833333,0.0198791,0,0.00945977,0
6,19,125.7631,22.1988,11,"Resonant 5to2 Stable",0.833333,0.00986981,0,0.00210501,0
6,19,125.7631,22.1988,12,"Resonant 5to2 Unstable",0.833333,0.256271,0.136364,0.181661,0
6,19,125.7631,22.1988,13,"Distant Prograde Orbit",0.833333,0.153793,0,0.124171,0
6,20,125.7631,23.0527,1,"Lyapunov L1",0.833333,0.118303,0,0.112922,0
6,20,125.7631,23.0527,2,"Lyapunov L2",0.833333,0.091277,0,0.0759014,0
6,20,125.7631,23.0527,3,"Cycler 21",0.833333,0.180525,0,0.160488,0
6,20,125.7631,23.0527,4,"Cycler 11a",0.833333,0.188454,0.212121,0.176587,0
6,20,125.7631,23.0527,5,"Cycler 11b",0.833333,0.175131,0,0.155444,0
6,20,125.7631,23.0527,6,"Cycler 32",0.833333,0.276594,0.242424,0.269006,0
6,20,125.7631,23.0527,7,"Resonant 2to1 Stable",0,0,0,0,0
6,20,125.7631,23.0527,8,"Resonant 2to1 Unstable",0.833333,0.136482,0.136364,0.105108,0
6,20,125.7631,23.0527,9,"Resonant 3to1 Stable",0,0,0,0,0
6,20,125.7631,23.0527,10,"Resonant 3to1 Unstable",0.833333,0.0199365,0,0.00945977,0
6,20,125.7631,23.0527,11,"Resonant 5to2 Stable",0.833333,0.0107683,0,0.00235139,0
6,20,125.7631,23.0527,12,"Resonant 5to2 Unstable",0.833333,0.25747,0.136364,0.183859,0
6,20,125.7631,23.0527,13,"Distant Prograde Orbit",0.833333,0.156156,0,0.126438,0
6,21,125.7631,23.9065,1,"Lyapunov L1",0.833333,0.118622,0,0.116348,0
6,21,125.7631,23.9065,2,"Lyapunov L2",0.833333,0.0914561,0,0.0761328,0
6,21,125.7631,23.9065,3,"Cycler 21",0.833333,0.181164,0,0.161934,0
6,21,125.7631,23.9065,4,"Cycler 11a",0.833333,0.196114,0.212121,0.182846,0
6,21,125.7631,23.9065,5,"Cycler 11b",0.833333,0.175782,0,0.157439,0
6,21,125.7631,23.9065,6,"Cycler 32",0.833333,0.282759,0.212121,0.278416,0
6,21,125.7631,23.9065,7,"Resonant 2to1 Stable",0,0,0,0,0
6,21,125.7631,23.9065,8,"Resonant 2to1 Unstable",0.833333,0.139792,0.136364,0.109523,0
6,21,125.7631,23.9065,9,"Resonant 3to1 Stable",0,0,0,0,0
6,21,125.7631,23.9065,10,"Resonant 3to1 Unstable",0.833333,0.020043,0,0.00945977,0
6,21,125.7631,23.9065,11,"Resonant 5to2 Stable",0.833333,0.0112256,0,0.00637374,0
6,21,125.7631,23.9065,12,"Resonant 5to2 Unstable",0.833333,0.26237,0.136364,0.189949,0
6,21,125.7631,23.9065,13,"Distant Prograde Orbit",0.833333,0.157368,0,0.127756,0
6,22,125.7631,24.7603,1,"Lyapunov L1",0.833333,0.119983,0,0.117748,0
6,22,125.7631,24.7603,2,"Lyapunov L2",0.833333,0.092366,0,0.0771076,0
6,22,125.7631,24.7603,3,"Cycler 21",0.833333,0.181184,0,0.162545,0
6,22,125.7631,24.7603,4,"Cycler 11a",0.833333,0.196135,0.212121,0.182878,0
6,22,125.7631,24.7603,5,"Cycler 11b",0.833333,0.175802,0,0.158033,0
6,22,125.7631,24.7603,6,"Cycler 32",0.833333,0.283202,0.212121,0.279107,0
6,22,125.7631,24.7603,7,"Resonant 2to1 Stable",0,0,0,0,0
6,22,125.7631,24.7603,8,"Resonant 2to1 Unstable",0.833333,0.139815,0.136364,0.109762,0
6,22,125.7631,24.7603,9,"Resonant 3to1 Stable",0,0,0,0,0
6,22,125.7631,24.7603,10,"Resonant 3to1 Unstable",0.833333,0.0200748,0,0.00947551,0
6,22,125.7631,24.7603,11,"Resonant 5to2 Stable",0.833333,0.0114129,0,0.00710977,0
6,22,125.7631,24.7603,12,"Resonant 5to2 Unstable",0.833333,0.26317,0.136364,0.192026,0
6,22,125.7631,24.7603,13,"Distant Prograde Orbit",0.833333,0.158167,0,0.128658,0
6,23,125.7631,25.6141,1,"Lyapunov L1",0.833333,0.123538,0,0.12132,0
6,23,125.7631,25.6141,2,"Lyapunov L2",0.833333,0.0935945,0,0.0783141,0
6,23,125.7631,25.6141,3,"Cycler 21",0.833333,0.182077,0,0.163762,0
6,23,125.7631,25.6141,4,"Cycler 11a",0.833333,0.196267,0.227273,0.183046,0
6,23,125.7631,25.6141,5,"Cycler 11b",0.833333,0.17592,0,0.158324,0
6,23,125.7631,25.6141,6,"Cycler 32",0.833333,0.284451,0.212121,0.280311,0
6,23,125.7631,25.6141,7,"Resonant 2to1 Stable",0,0,0,0,0
6,23,125.7631,25.6141,8,"Resonant 2to1 Unstable",0.833333,0.140218,0,0.110487,0
6,23,125.7631,25.6141,9,"Resonant 3to1 Stable",0,0,0,0,0
6,23,125.7631,25.6141,10,"Resonant 3to1 Unstable",0.833333,0.0201375,0,0.00947551,0
6,23,125.7631,25.6141,11,"Resonant 5to2 Stable",0.833333,0.0124728,0,0.00778376,0
6,23,125.7631,25.6141,12,"Resonant 5to2 Unstable",0.833333,0.263713,0.136364,0.193916,0
6,23,125.7631,25.6141,13,"Distant Prograde Orbit",0.833333,0.158646,0,0.12943,0
6,24,125.7631,26.4679,1,"Lyapunov L1",0.833333,0.124009,0,0.121796,0
6,24,125.7631,26.4679,2,"Lyapunov L2",0.833333,0.094015,0,0.0787538,0
6,24,125.7631,26.4679,3,"Cycler 21",0.833333,0.182279,0,0.163837,0
6,24,125.7631,26.4679,4,"Cycler 11a",0.833333,0.19649,0.212121,0.183219,0
6,24,125.7631,26.4679,5,"Cycler 11b",0.833333,0.176118,0,0.158507,0
6,24,125.7631,26.4679,6,"Cycler 32",0.833333,0.284648,0.212121,0.280479,0
6,24,125.7631,26.4679,7,"Resonant 2to1 Stable",0,0,0,0,0
6,24,125.7631,26.4679,8,"Resonant 2to1 Unstable",0.833333,0.140535,0.136364,0.110963,0
6,24,125.7631,26.4679,9,"Resonant 3to1 Stable",0,0,0,0,0
6,24,125.7631,26.4679,10,"Resonant 3to1 Unstable",0.833333,0.0202156,0,0.00950498,0
6,24,125.7631,26.4679,11,"Resonant 5to2 Stable",0.833333,0.0144503,0,0.00980936,0
6,24,125.7631,26.4679,12,"Resonant 5to2 Unstable",0.833333,0.263922,0.136364,0.194473,0
6,24,125.7631,26.4679,13,"Distant Prograde Orbit",0.833333,0.158844,0,0.130178,0
6,25,125.7631,27.3217,1,"Lyapunov L1",0.833333,0.125467,0,0.123351,0
6,25,125.7631,27.3217,2,"Lyapunov L2",0.833333,0.0943135,0,0.0790228,0
6,25,125.7631,27.3217,3,"Cycler 21",0.833333,0.183482,0,0.165048,0
6,25,125.7631,27.3217,4,"Cycler 11a",0.833333,0.196546,0.212121,0.183348,0
6,25,125.7631,27.3217,5,"Cycler 11b",0.833333,0.176167,0,0.158643,0
6,25,125.7631,27.3217,6,"Cycler 32",0.833333,0.287981,0.212121,0.283881,0
6,25,125.7631,27.3217,7,"Resonant 2to1 Stable",0,0,0,0,0
6,25,125.7631,27.3217,8,"Resonant 2to1 Unstable",0.833333,0.140596,0.136364,0.115345,0
6,25,125.7631,27.3217,9,"Resonant 3to1 Stable",0,0,0,0,0
6,25,125.7631,27.3217,10,"Resonant 3to1 Unstable",0.833333,0.0202517,0,0.00952449,0
6,25,125.7631,27.3217,11,"Resonant 5to2 Stable",0.833333,0.0149225,0,0.0105564,0
6,25,125.7631,27.3217,12,"Resonant 5to2 Unstable",0.833333,0.266185,0.136364,0.197321,0
6,25,125.7631,27.3217,13,"Distant Prograde Orbit",0.833333,0.16441,0,0.135026,0
7,1,140.6841,6.8304,1,"Lyapunov L1",0.75,0.0429609,0,0.0316209,0
7,1,140.6841,6.8304,2,"Lyapunov L2",0.666667,0.0101309,0,0.00658205,0
7,1,140.6841,6.8304,3,"Cycler 21",0.833333,0.119136,0.0606061,0.100623,0
7,1,140.6841,6.8304,4,"Cycler 11a",0.833333,0.123657,0.166667,0.114602,0
7,1,140.6841,6.8304,5,"Cycler 11b",0.833333,0.1036,0.0909091,0.0899036,0
7,1,140.6841,6.8304,6,"Cycler 32",0.833333,0.0871227,0.227273,0.0738953,0
7,1,140.6841,6.8304,7,"Resonant 2to1 Stable",0,0,0,0,0
7,1,140.6841,6.8304,8,"Resonant 2to1 Unstable",0.75,0.0985892,0.106061,0.0601521,0
7,1,140.6841,6.8304,9,"Resonant 3to1 Stable",0,0,0,0,0
7,1,140.6841,6.8304,10,"Resonant 3to1 Unstable",0.5,0.00367712,0,0.00065948,0
7,1,140.6841,6.8304,11,"Resonant 5to2 Stable",0.666667,0.00689421,0,0.00184616,0
7,1,140.6841,6.8304,12,"Resonant 5to2 Unstable",0.833333,0.050028,0.0757576,0.0225936,1
7,1,140.6841,6.8304,13,"Distant Prograde Orbit",0.833333,0.0626885,0,0.0458883,0
7,2,140.6841,7.6842,1,"Lyapunov L1",0.75,0.0479455,0,0.0363504,0
7,2,140.6841,7.6842,2,"Lyapunov L2",0.666667,0.012632,0,0.00968216,0
7,2,140.6841,7.6842,3,"Cycler 21",0.833333,0.123559,0.0151515,0.105189,0
7,2,140.6841,7.6842,4,"Cycler 11a",0.833333,0.129909,0.181818,0.120038,0
7,2,140.6841,7.6842,5,"Cycler 11b",0.833333,0.111617,0.0606061,0.0977538,0
7,2,140.6841,7.6842,6,"Cycler 32",0.833333,0.0971106,0.242424,0.083107,0
7,2,140.6841,7.6842,7,"Resonant 2to1 Stable",0,0,0,0,0
7,2,140.6841,7.6842,8,"Resonant 2to1 Unstable",0.833333,0.102831,0.106061,0.0631198,0
7,2,140.6841,7.6842,9,"Resonant 3to1 Stable",0,0,0,0,0
7,2,140.6841,7.6842,10,"Resonant 3to1 Unstable",0.583333,0.00430812,0,0.00065948,0
7,2,140.6841,7.6842,11,"Resonant 5to2 Stable",0.666667,0.00693267,0,0.00184616,0
7,2,140.6841,7.6842,12,"Resonant 5to2 Unstable",0.833333,0.0571484,0.0909091,0.0260621,1
7,2,140.6841,7.6842,13,"Distant Prograde Orbit",0.833333,0.0709255,0,0.0523746,0
7,3,140.6841,8.5380,1,"Lyapunov L1",0.75,0.058551,0,0.0427827,0
7,3,140.6841,8.5380,2,"Lyapunov L2",0.75,0.0161837,0,0.0126986,0
7,3,140.6841,8.5380,3,"Cycler 21",0.833333,0.128984,0,0.11033,0
7,3,140.6841,8.5380,4,"Cycler 11a",0.833333,0.13545,0.227273,0.124279,0
7,3,140.6841,8.5380,5,"Cycler 11b",0.833333,0.121192,0.121212,0.106649,0
7,3,140.6841,8.5380,6,"Cycler 32",0.833333,0.106307,0.242424,0.0913507,0
7,3,140.6841,8.5380,7,"Resonant 2to1 Stable",0,0,0,0,0
7,3,140.6841,8.5380,8,"Resonant 2to1 Unstable",0.833333,0.105853,0.121212,0.0660343,0
7,3,140.6841,8.5380,9,"Resonant 3to1 Stable",0,0,0,0,0
7,3,140.6841,8.5380,10,"Resonant 3to1 Unstable",0.583333,0.0043269,0,0.00065948,0
7,3,140.6841,8.5380,11,"Resonant 5to2 Stable",0.75,0.00758537,0,0.00184616,0
7,3,140.6841,8.5380,12,"Resonant 5to2 Unstable",0.833333,0.0618336,0.0909091,0.0285081,1
7,3,140.6841,8.5380,13,"Distant Prograde Orbit",0.833333,0.0784118,0,0.0580992,0
7,4,140.6841,9.3918,1,"Lyapunov L1",0.75,0.0616344,0,0.0461124,0
7,4,140.6841,9.3918,2,"Lyapunov L2",0.75,0.0186858,0,0.0149273,0
7,4,140.6841,9.3918,3,"Cycler 21",0.833333,0.132206,0,0.114371,0
7,4,140.6841,9.3918,4,"Cycler 11a",0.833333,0.139546,0.19697,0.128374,0
7,4,140.6841,9.3918,5,"Cycler 11b",0.833333,0.127234,0.0909091,0.111786,0
7,4,140.6841,9.3918,6,"Cycler 32",0.833333,0.113815,0.242424,0.0991925,0
7,4,140.6841,9.3918,7,"Resonant 2to1 Stable",0,0,0,0,0
7,4,140.6841,9.3918,8,"Resonant 2to1 Unstable",0.833333,0.108179,0.121212,0.0694817,0
7,4,140.6841,9.3918,9,"Resonant 3to1 Stable",0,0,0,0,0
7,4,140.6841,9.3918,10,"Resonant 3to1 Unstable",0.583333,0.00435652,0,0.00065948,0
7,4,140.6841,9.3918,11,"Resonant 5to2 Stable",0.75,0.00763304,0,0.00184616,0
7,4,140.6841,9.3918,12,"Resonant 5to2 Unstable",0.833333,0.0703224,0.0909091,0.0324306,1
7,4,140.6841,9.3918,13,"Distant Prograde Orbit",0.833333,0.0869518,0.030303,0.0660176,0
7,5,140.6841,10.2456,1,"Lyapunov L1",0.75,0.0632148,0,0.0475394,0
7,5,140.6841,10.2456,2,"Lyapunov L2",0.75,0.021562,0,0.017473,0
7,5,140.6841,10.2456,3,"Cycler 21",0.833333,0.134444,0,0.11507,0
7,5,140.6841,10.2456,4,"Cycler 11a",0.833333,0.143352,0.19697,0.130147,0
7,5,140.6841,10.2456,5,"Cycler 11b",0.833333,0.130923,0.0909091,0.113772,0
7,5,140.6841,10.2456,6,"Cycler 32",0.833333,0.125486,0.242424,0.111297,0
7,5,140.6841,10.2456,7,"Resonant 2to1 Stable",0,0,0,0,0
7,5,140.6841,10.2456,8,"Resonant 2to1 Unstable",0.833333,0.110824,0.121212,0.0707474,0
7,5,140.6841,10.2456,9,"Resonant 3to1 Stable",0,0,0,0,0
7,5,140.6841,10.2456,10,"Resonant 3to1 Unstable",0.583333,0.00440123,0,0.00065948,0
7,5,140.6841,10.2456,11,"Resonant 5to2 Stable",0.75,0.00768102,0,0.00184616,0
7,5,140.6841,10.2456,12,"Resonant 5to2 Unstable",0.833333,0.0903126,0.0909091,0.0425679,1
7,5,140.6841,10.2456,13,"Distant Prograde Orbit",0.833333,0.0923505,0,0.068361,0
7,6,140.6841,11.0994,1,"Lyapunov L1",0.833333,0.0648177,0,0.0495952,0
7,6,140.6841,11.0994,2,"Lyapunov L2",0.75,0.0221706,0,0.0178661,0
7,6,140.6841,11.0994,3,"Cycler 21",0.833333,0.137491,0,0.115078,0
7,6,140.6841,11.0994,4,"Cycler 11a",0.833333,0.147041,0.19697,0.131161,0
7,6,140.6841,11.0994,5,"Cycler 11b",0.833333,0.133913,0.106061,0.113913,0
7,6,140.6841,11.0994,6,"Cycler 32",0.833333,0.180674,0.257576,0.166827,0
7,6,140.6841,11.0994,7,"Resonant 2to1 Stable",0,0,0,0,0
7,6,140.6841,11.0994,8,"Resonant 2to1 Unstable",0.833333,0.112981,0.121212,0.0716156,0
7,6,140.6841,11.0994,9,"Resonant 3to1 Stable",0,0,0,0,0
7,6,140.6841,11.0994,10,"Resonant 3to1 Unstable",0.666667,0.00522588,0,0.000682525,0
7,6,140.6841,11.0994,11,"Resonant 5to2 Stable",0.75,0.00770144,0,0.00184616,0
7,6,140.6841,11.0994,12,"Resonant 5to2 Unstable",0.833333,0.164184,0.106061,0.0980336,1
7,6,140.6841,11.0994,13,"Distant Prograde Orbit",0.833333,0.099952,0,0.0699101,0
7,7,140.6841,11.9532,1,"Lyapunov L1",0.833333,0.0653348,0,0.0527085,0
7,7,140.6841,11.9532,2,"Lyapunov L2",0.833333,0.0269103,0,0.0207196,0
7,7,140.6841,11.9532,3,"Cycler 21",0.833333,0.138115,0,0.115872,0
7,7,140.6841,11.9532,4,"Cycler 11a",0.833333,0.147764,0.19697,0.132393,0
7,7,140.6841,11.9532,5,"Cycler 11b",0.833333,0.134483,0.106061,0.114619,0
7,7,140.6841,11.9532,6,"Cycler 32",0.833333,0.181577,0.272727,0.16922,0
7,7,140.6841,11.9532,7,"Resonant 2to1 Stable",0,0,0,0,0
7,7,140.6841,11.9532,8,"Resonant 2to1 Unstable",0.833333,0.113711,0.121212,0.072932,0
7,7,140.6841,11.9532,9,"Resonant 3to1 Stable",0,0,0,0,0
7,7,140.6841,11.9532,10,"Resonant 3to1 Unstable",0.75,0.00753593,0,0.000903209,0
7,7,140.6841,11.9532,11,"Resonant 5to2 Stable",0.75,0.00773234,0,0.00184616,0
7,7,140.6841,11.9532,12,"Resonant 5to2 Unstable",0.833333,0.165041,0.121212,0.0994494,1
7,7,140.6841,11.9532,13,"Distant Prograde Orbit",0.833333,0.100792,0,0.0711185,0
7,8,140.6841,12.8070,1,"Lyapunov L1",0.833333,0.0744429,0,0.0601186,0
7,8,140.6841,12.8070,2,"Lyapunov L2",0.833333,0.0323625,0,0.0249406,0
7,8,140.6841,12.8070,3,"Cycler 21",0.833333,0.141822,0,0.119503,0
7,8,140.6841,12.8070,4,"Cycler 11a",0.833333,0.152543,0.19697,0.136359,0
7,8,140.6841,12.8070,5,"Cycler 11b",0.833333,0.140724,0.106061,0.121313,0
7,8,140.6841,12.8070,6,"Cycler 32",0.833333,0.186407,0.272727,0.174187,0
7,8,140.6841,12.8070,7,"Resonant 2to1 Stable",0,0,0,0,0
7,8,140.6841,12.8070,8,"Resonant 2to1 Unstable",0.833333,0.116298,0.121212,0.0767474,0
7,8,140.6841,12.8070,9,"Resonant 3to1 Stable",0,0,0,0,0
7,8,140.6841,12.8070,10,"Resonant 3to1 Unstable",0.75,0.00870599,0,0.00250204,0
7,8,140.6841,12.8070,11,"Resonant 5to2 Stable",0.75,0.00777917,0,0.00184616,0
7,8,140.6841,12.8070,12,"Resonant 5to2 Unstable",0.833333,0.168749,0.121212,0.100661,0
7,8,140.6841,12.8070,13,"Distant Prograde Orbit",0.833333,0.105073,0,0.0772801,0
7,9,140.6841,13.6608,1,"Lyapunov L1",0.833333,0.0808483,0,0.0672197,0
7,9,140.6841,13.6608,2,"Lyapunov L2",0.833333,0.0393174,0,0.0301902,0
7,9,140.6841,13.6608,3,"Cycler 21",0.833333,0.152028,0,0.128875,0
7,9,140.6841,13.6608,4,"Cycler 11a",0.833333,0.156573,0.19697,0.141927,0
7,9,140.6841,13.6608,5,"Cycler 11b",0.833333,0.149131,0.0909091,0.128452,0
7,9,140.6841,13.6608,6,"Cycler 32",0.833333,0.19615,0.227273,0.183926,0
7,9,140.6841,13.6608,7,"Resonant 2to1 Stable",0,0,0,0,0
7,9,140.6841,13.6608,8,"Resonant 2to1 Unstable",0.833333,0.11935,0.121212,0.0800353,0
7,9,140.6841,13.6608,9,"Resonant 3to1 Stable",0.0833333,0.00059318,0,0.00059318,0
7,9,140.6841,13.6608,10,"Resonant 3to1 Unstable",0.75,0.0101644,0,0.00387458,0
7,9,140.6841,13.6608,11,"Resonant 5to2 Stable",0.75,0.00782132,0,0.00184616,0
7,9,140.6841,13.6608,12,"Resonant 5to2 Unstable",0.916667,0.17634,0.121212,0.103088,1
7,9,140.6841,13.6608,13,"Distant Prograde Orbit",0.833333,0.111126,0,0.0833384,0
7,10,140.6841,14.5146,1,"Lyapunov L1",0.833333,0.0850497,0,0.0737865,0
7,10,140.6841,14.5146,2,"Lyapunov L2",0.833333,0.0431169,0,0.0335181,0
7,10,140.6841,14.5146,3,"Cycler 21",0.833333,0.156888,0.0151515,0.134228,0
7,10,140.6841,14.5146,4,"Cycler 11a",0.833333,0.159975,0.19697,0.145777,0
7,10,140.6841,14.5146,5,"Cycler 11b",0.833333,0.152585,0.0757576,0.132377,0
7,10,140.6841,14.5146,6,"Cycler 32",0.833333,0.198682,0.227273,0.18719,0
7,10,140.6841,14.5146,7,"Resonant 2to1 Stable",0,0,0,0,0
7,10,140.6841,14.5146,8,"Resonant 2to1 Unstable",0.833333,0.12197,0.121212,0.0829248,0
7,10,140.6841,14.5146,9,"Resonant 3to1 Stable",0.0833333,0.000593653,0,0.000593653,0
7,10,140.6841,14.5146,10,"Resonant 3to1 Unstable",0.75,0.0107842,0,0.00442813,0
7,10,140.6841,14.5146,11,"Resonant 5to2 Stable",0.75,0.00784876,0,0.00184616,0
7,10,140.6841,14.5146,12,"Resonant 5to2 Unstable",0.916667,0.178219,0.121212,0.105161,1
7,10,140.6841,14.5146,13,"Distant Prograde Orbit",0.833333,0.118784,0,0.0905904,0
7,11,140.6841,15.3684,1,"Lyapunov L1",0.833333,0.0876394,0,0.0782403,0
7,11,140.6841,15.3684,2,"Lyapunov L2",0.833333,0.0461883,0,0.0365171,0
7,11,140.6841,15.3684,3,"Cycler 21",0.833333,0.159515,0.0151515,0.137176,0
7,11,140.6841,15.3684,4,"Cycler 11a",0.833333,0.163061,0.19697,0.150106,0
7,11,140.6841,15.3684,5,"Cycler 11b",0.833333,0.154683,0.0757576,0.135037,0
7,11,140.6841,15.3684,6,"Cycler 32",0.916667,0.199431,0.242424,0.18826,0
7,11,140.6841,15.3684,7,"Resonant 2to1 Stable",0,0,0,0,0
7,11,140.6841,15.3684,8,"Resonant 2to1 Unstable",0.833333,0.124695,0.121212,0.0861,0
7,11,140.6841,15.3684,9,"Resonant 3to1 Stable",0.25,0.00180976,0,0.000610609,0
7,11,140.6841,15.3684,10,"Resonant 3to1 Unstable",0.833333,0.0117486,0,0.00539445,0
7,11,140.6841,15.3684,11,"Resonant 5to2 Stable",0.833333,0.00846821,0,0.0024404,0
7,11,140.6841,15.3684,12,"Resonant 5to2 Unstable",0.916667,0.178369,0.151515,0.107294,1
7,11,140.6841,15.3684,13,"Distant Prograde Orbit",0.916667,0.127554,0,0.0986028,0
7,12,140.6841,16.2222,1,"Lyapunov L1",0.833333,0.0929939,0,0.0885667,0
7,12,140.6841,16.2222,2,"Lyapunov L2",0.833333,0.0493033,0,0.0386662,0
7,12,140.6841,16.2222,3,"Cycler 21",0.916667,0.161038,0,0.139587,0
7,12,140.6841,16.2222,4,"Cycler 11a",0.916667,0.165265,0.212121,0.152219,0
7,12,140.6841,16.2222,5,"Cycler 11b",0.916667,0.156126,0.0606061,0.137864,0
7,12,140.6841,16.2222,6,"Cycler 32",0.916667,0.200618,0.318182,0.191257,0
7,12,140.6841,16.2222,7,"Resonant 2to1 Stable",0,0,0,0,0
7,12,140.6841,16.2222,8,"Resonant 2to1 Unstable",0.916667,0.128942,0.121212,0.0910378,0
7,12,140.6841,16.2222,9,"Resonant 3to1 Stable",0.583333,0.00430023,0,0.000632892,0
7,12,140.6841,16.2222,10,"Resonant 3to1 Unstable",0.833333,0.0136895,0,0.00737767,0
7,12,140.6841,16.2222,11,"Resonant 5to2 Stable",0.833333,0.0085095,0,0.00246185,0
7,12,140.6841,16.2222,12,"Resonant 5to2 Unstable",0.916667,0.179386,0.0909091,0.114764,1
7,12,140.6841,16.2222,13,"Distant Prograde Orbit",0.916667,0.129691,0,0.102258,0
7,13,140.6841,17.0760,1,"Lyapunov L1",0.916667,0.102102,0,0.0960003,0
7,13,140.6841,17.0760,2,"Lyapunov L2",0.833333,0.0546588,0,0.0422012,0
7,13,140.6841,17.0760,3,"Cycler 21",0.916667,0.162102,0,0.140115,0
7,13,140.6841,17.0760,4,"Cycler 11a",0.916667,0.169276,0.212121,0.155874,0
7,13,140.6841,17.0760,5,"Cycler 11b",0.916667,0.15827,0.030303,0.140321,0
7,13,140.6841,17.0760,6,"Cycler 32",0.916667,0.204056,0.318182,0.194768,0
7,13,140.6841,17.0760,7,"Resonant 2to1 Stable",0,0,0,0,0
7,13,140.6841,17.0760,8,"Resonant 2to1 Unstable",0.916667,0.130529,0.121212,0.094148,0
7,13,140.6841,17.0760,9,"Resonant 3to1 Stable",0.666667,0.00489979,0,0.000633518,0
7,13,140.6841,17.0760,10,"Resonant 3to1 Unstable",0.833333,0.0176361,0,0.00919613,0
7,13,140.6841,17.0760,11,"Resonant 5to2 Stable",0.833333,0.00852859,0,0.00246698,0
7,13,140.6841,17.0760,12,"Resonant 5to2 Unstable",0.916667,0.182291,0.227273,0.120092,1
7,13,140.6841,17.0760,13,"Distant Prograde Orbit",0.916667,0.134512,0,0.107605,0
7,14,140.6841,17.9298,1,"Lyapunov L1",0.916667,0.10571,0,0.100338,0
7,14,140.6841,17.9298,2,"Lyapunov L2",0.916667,0.0616884,0,0.0484135,0
7,14,140.6841,17.9298,3,"Cycler 21",0.916667,0.163267,0,0.140897,0
7,14,140.6841,17.9298,4,"Cycler 11a",0.916667,0.169681,0.227273,0.157725,0
7,14,140.6841,17.9298,5,"Cycler 11b",0.916667,0.160859,0.030303,0.143949,0
7,14,140.6841,17.9298,6,"Cycler 32",0.916667,0.205998,0.348485,0.197188,0
7,14,140.6841,17.9298,7,"Resonant 2to1 Stable",0,0,0,0,0
7,14,140.6841,17.9298,8,"Resonant 2to1 Unstable",0.916667,0.13077,0.136364,0.0961913,0
7,14,140.6841,17.9298,9,"Resonant 3to1 Stable",0.75,0.00558627,0,0.000645649,0
7,14,140.6841,17.9298,10,"Resonant 3to1 Unstable",0.833333,0.0187633,0,0.00980144,0
7,14,140.6841,17.9298,11,"Resonant 5to2 Stable",0.833333,0.00853864,0,0.00246698,0
7,14,140.6841,17.9298,12,"Resonant 5to2 Unstable",0.916667,0.183911,0.257576,0.12409,1
7,14,140.6841,17.9298,13,"Distant Prograde Orbit",0.916667,0.136406,0,0.110047,0
7,15,140.6841,18.7836,1,"Lyapunov L1",0.916667,0.10682,0,0.101677,0
7,15,140.6841,18.7836,2,"Lyapunov L2",0.916667,0.0634595,0,0.051448,0
7,15,140.6841,18.7836,3,"Cycler 21",0.916667,0.163584,0,0.144392,0
7,15,140.6841,18.7836,4,"Cycler 11a",0.916667,0.169825,0.227273,0.158005,0
7,15,140.6841,18.7836,5,"Cycler 11b",0.916667,0.16177,0.0151515,0.14512,0
7,15,140.6841,18.7836,6,"Cycler 32",0.916667,0.206526,0.348485,0.197891,0
7,15,140.6841,18.7836,7,"Resonant 2to1 Stable",0,0,0,0,0
7,15,140.6841,18.7836,8,"Resonant 2to1 Unstable",0.916667,0.130886,0.136364,0.0968369,0
7,15,140.6841,18.7836,9,"Resonant 3to1 Stable",0.75,0.00558847,0,0.000645649,0
7,15,140.6841,18.7836,10,"Resonant 3to1 Unstable",0.833333,0.0193693,0,0.0102111,0
7,15,140.6841,18.7836,11,"Resonant 5to2 Stable",0.833333,0.00854585,0,0.00246698,0
7,15,140.6841,18.7836,12,"Resonant 5to2 Unstable",0.916667,0.184362,0.257576,0.126557,1
7,15,140.6841,18.7836,13,"Distant Prograde Orbit",0.916667,0.137,0,0.110732,0
7,16,140.6841,19.6374,1,"Lyapunov L1",0.916667,0.114012,0,0.109111,0
7,16,140.6841,19.6374,2,"Lyapunov L2",0.916667,0.0701034,0,0.0573795,0
7,16,140.6841,19.6374,3,"Cycler 21",0.916667,0.165271,0,0.146357,0
7,16,140.6841,19.6374,4,"Cycler 11a",0.916667,0.176771,0.227273,0.165102,0
7,16,140.6841,19.6374,5,"Cycler 11b",0.916667,0.16177,0,0.14531,0
7,16,140.6841,19.6374,6,"Cycler 32",0.916667,0.207003,0.348485,0.198418,0
7,16,140.6841,19.6374,7,"Resonant 2to1 Stable",0,0,0,0,0
7,16,140.6841,19.6374,8,"Resonant 2to1 Unstable",0.916667,0.131699,0.136364,0.0971967,0
7,16,140.6841,19.6374,9,"Resonant 3to1 Stable",0.75,0.00559066,0,0.000645649,0
7,16,140.6841,19.6374,10,"Resonant 3to1 Unstable",0.833333,0.0193899,0,0.0105536,0
7,16,140.6841,19.6374,11,"Resonant 5to2 Stable",0.833333,0.0085598,0,0.00246698,0
7,16,140.6841,19.6374,12,"Resonant 5to2 Unstable",0.916667,0.184752,0.257576,0.127079,1
7,16,140.6841,19.6374,13,"Distant Prograde Orbit",0.916667,0.137692,0,0.111424,0
7,17,140.6841,20.4912,1,"Lyapunov L1",0.916667,0.11546,0,0.110579,0
7,17,140.6841,20.4912,2,"Lyapunov L2",0.916667,0.073901,0,0.0601922,0
7,17,140.6841,20.4912,3,"Cycler 21",0.916667,0.166103,0,0.147237,0
7,17,140.6841,20.4912,4,"Cycler 11a",0.916667,0.178799,0.242424,0.16719,0
7,17,140.6841,20.4912,5,"Cycler 11b",0.916667,0.161774,0,0.145313,0
7,17,140.6841,20.4912,6,"Cycler 32",0.916667,0.207742,0.348485,0.199154,0
7,17,140.6841,20.4912,7,"Resonant 2to1 Stable",0,0,0,0,0
7,17,140.6841,20.4912,8,"Resonant 2to1 Unstable",0.916667,0.132109,0,0.097301,0
7,17,140.6841,20.4912,9,"Resonant 3to1 Stable",0.75,0.00559364,0,0.000645649,0
7,17,140.6841,20.4912,10,"Resonant 3to1 Unstable",0.833333,0.0194203,0,0.0107913,0
7,17,140.6841,20.4912,11,"Resonant 5to2 Stable",0.833333,0.00859453,0,0.00247547,0
7,17,140.6841,20.4912,12,"Resonant 5to2 Unstable",0.916667,0.185348,0.257576,0.127687,1
7,17,140.6841,20.4912,13,"Distant Prograde Orbit",0.916667,0.138259,0,0.112537,0
7,18,140.6841,21.3450,1,"Lyapunov L1",0.916667,0.116586,0,0.111144,0
7,18,140.6841,21.3450,2,"Lyapunov L2",0.916667,0.0794946,0,0.066601,0
7,18,140.6841,21.3450,3,"Cycler 21",0.916667,0.173887,0,0.151677,0
7,18,140.6841,21.3450,4,"Cycler 11a",0.916667,0.186936,0.227273,0.174218,0
7,18,140.6841,21.3450,5,"Cycler 11b",0.916667,0.170709,0,0.149885,0
7,18,140.6841,21.3450,6,"Cycler 32",0.916667,0.267409,0.348485,0.258824,0
7,18,140.6841,21.3450,7,"Resonant 2to1 Stable",0,0,0,0,0
7,18,140.6841,21.3450,8,"Resonant 2to1 Unstable",0.916667,0.135942,0.136364,0.0989093,0
7,18,140.6841,21.3450,9,"Resonant 3to1 Stable",0.75,0.00570671,0,0.000656256,0
7,18,140.6841,21.3450,10,"Resonant 3to1 Unstable",0.833333,0.0197213,0,0.0109558,0
7,18,140.6841,21.3450,11,"Resonant 5to2 Stable",0.833333,0.00931149,0,0.00260529,0
7,18,140.6841,21.3450,12,"Resonant 5to2 Unstable",0.916667,0.250542,0.257576,0.181569,1
7,18,140.6841,21.3450,13,"Distant Prograde Orbit",0.916667,0.150502,0,0.120433,0
7,19,140.6841,22.1988,1,"Lyapunov L1",0.916667,0.118029,0,0.112529,0
7,19,140.6841,22.1988,2,"Lyapunov L2",0.916667,0.0894291,0,0.07286,0
7,19,140.6841,22.1988,3,"Cycler 21",0.916667,0.180164,0,0.159333,0
7,19,140.6841,22.1988,4,"Cycler 11a",0.916667,0.188646,0.227273,0.176073,0
7,19,140.6841,22.1988,5,"Cycler 11b",0.916667,0.173169,0,0.152891,0
7,19,140.6841,22.1988,6,"Cycler 32",0.916667,0.275623,0.348485,0.267899,0
7,19,140.6841,22.1988,7,"Resonant 2to1 Stable",0,0,0,0,0
7,19,140.6841,22.1988,8,"Resonant 2to1 Unstable",0.916667,0.136781,0.136364,0.104169,0
7,19,140.6841,22.1988,9,"Resonant 3to1 Stable",0.75,0.00571928,0,0.0012702,0
7,19,140.6841,22.1988,10,"Resonant 3to1 Unstable",0.833333,0.0198791,0,0.0110045,0
7,19,140.6841,22.1988,11,"Resonant 5to2 Stable",0.833333,0.00986981,0,0.00272663,0
7,19,140.6841,22.1988,12,"Resonant 5to2 Unstable",0.916667,0.256928,0.257576,0.182318,0
7,19,140.6841,22.1988,13,"Distant Prograde Orbit",0.916667,0.154431,0,0.124171,0
7,20,140.6841,23.0527,1,"Lyapunov L1",0.916667,0.118921,0,0.113845,0
7,20,140.6841,23.0527,2,"Lyapunov L2",0.916667,0.0919029,0,0.0759014,0
7,20,140.6841,23.0527,3,"Cycler 21",0.916667,0.181162,0,0.161134,0
7,20,140.6841,23.0527,4,"Cycler 11a",0.916667,0.189087,0.227273,0.176587,0
7,20,140.6841,23.0527,5,"Cycler 11b",0.916667,0.175768,0,0.156061,0
7,20,140.6841,23.0527,6,"Cycler 32",0.916667,0.277247,0.348485,0.26962,0
7,20,140.6841,23.0527,7,"Resonant 2to1 Stable",0,0,0,0,0
7,20,140.6841,23.0527,8,"Resonant 2to1 Unstable",0.916667,0.137104,0.136364,0.105108,0
7,20,140.6841,23.0527,9,"Resonant 3to1 Stable",0.75,0.00572052,0,0.0012702,0
7,20,140.6841,23.0527,10,"Resonant 3to1 Unstable",0.833333,0.0199365,0,0.0110045,0
7,20,140.6841,23.0527,11,"Resonant 5to2 Stable",0.833333,0.0107683,0,0.00487969,0
7,20,140.6841,23.0527,12,"Resonant 5to2 Unstable",0.916667,0.258127,0.257576,0.185159,0
7,20,140.6841,23.0527,13,"Distant Prograde Orbit",0.916667,0.156794,0,0.126438,0
7,21,140.6841,23.9065,1,"Lyapunov L1",0.916667,0.119241,0,0.117316,0
7,21,140.6841,23.9065,2,"Lyapunov L2",0.916667,0.092082,0,0.0761328,0
7,21,140.6841,23.9065,3,"Cycler 21",0.916667,0.181801,0,0.161934,0
7,21,140.6841,23.9065,4,"Cycler 11a",0.916667,0.19675,0.227273,0.182846,0
7,21,140.6841,23.9065,5,"Cycler 11b",0.916667,0.176419,0,0.157439,0
7,21,140.6841,23.9065,6,"Cycler 32",0.916667,0.283412,0.30303,0.27903,0
7,21,140.6841,23.9065,7,"Resonant 2to1 Stable",0,0,0,0,0
7,21,140.6841,23.9065,8,"Resonant 2to1 Unstable",0.916667,0.140418,0.136364,0.109523,0
7,21,140.6841,23.9065,9,"Resonant 3to1 Stable",0.75,0.00572815,0,0.0012702,0
7,21,140.6841,23.9065,10,"Resonant 3to1 Unstable",0.833333,0.020043,0,0.0110429,0
7,21,140.6841,23.9065,11,"Resonant 5to2 Stable",0.833333,0.0112256,0,0.0070019,0
7,21,140.6841,23.9065,12,"Resonant 5to2 Unstable",0.916667,0.263026,0.257576,0.190605,0
7,21,140.6841,23.9065,13,"Distant Prograde Orbit",0.916667,0.158006,0,0.127756,0
7,22,140.6841,24.7603,1,"Lyapunov L1",0.916667,0.120604,0,0.118719,0
7,22,140.6841,24.7603,2,"Lyapunov L2",0.916667,0.0929919,0,0.0771076,0
7,22,140.6841,24.7603,3,"Cycler 21",0.916667,0.18182,0,0.162545,0
7,22,140.6841,24.7603,4,"Cycler 11a",0.916667,0.196771,0.227273,0.182878,0
7,22,140.6841,24.7603,5,"Cycler 11b",0.916667,0.176438,0,0.158033,0
7,22,140.6841,24.7603,6,"Cycler 32",0.916667,0.283855,0.30303,0.279721,0
7,22,140.6841,24.7603,7,"Resonant 2to1 Stable",0,0,0,0,0
7,22,140.6841,24.7603,8,"Resonant 2to1 Unstable",0.916667,0.140441,0.136364,0.109762,0
7,22,140.6841,24.7603,9,"Resonant 3to1 Stable",0.75,0.00573046,0,0.0012702,0
7,22,140.6841,24.7603,10,"Resonant 3to1 Unstable",0.833333,0.0200748,0,0.0110676,0
7,22,140.6841,24.7603,11,"Resonant 5to2 Stable",0.833333,0.0114129,0,0.00773138,0
7,22,140.6841,24.7603,12,"Resonant 5to2 Unstable",0.916667,0.263826,0.257576,0.192682,0
7,22,140.6841,24.7603,13,"Distant Prograde Orbit",0.916667,0.158805,0,0.128658,0
7,23,140.6841,25.6141,1,"Lyapunov L1",0.916667,0.124161,0,0.122291,0
7,23,140.6841,25.6141,2,"Lyapunov L2",0.916667,0.0942203,0,0.0783141,0
7,23,140.6841,25.6141,3,"Cycler 21",0.916667,0.182714,0,0.163762,0
7,23,140.6841,25.6141,4,"Cycler 11a",0.916667,0.196903,0.242424,0.183046,0
7,23,140.6841,25.6141,5,"Cycler 11b",0.916667,0.176557,0,0.158324,0
7,23,140.6841,25.6141,6,"Cycler 32",0.916667,0.285104,0.30303,0.280925,0
7,23,140.6841,25.6141,7,"Resonant 2to1 Stable",0,0,0,0,0
7,23,140.6841,25.6141,8,"Resonant 2to1 Unstable",0.916667,0.140844,0,0.110487,0
7,23,140.6841,25.6141,9,"Resonant 3to1 Stable",0.75,0.0057316,0,0.0012702,0
7,23,140.6841,25.6141,10,"Resonant 3to1 Unstable",0.833333,0.0201375,0,0.0110676,0
7,23,140.6841,25.6141,11,"Resonant 5to2 Stable",0.833333,0.0124728,0,0.00902855,0
7,23,140.6841,25.6141,12,"Resonant 5to2 Unstable",0.916667,0.264369,0.257576,0.194572,0
7,23,140.6841,25.6141,13,"Distant Prograde Orbit",0.916667,0.159284,0,0.130053,0
7,24,140.6841,26.4679,1,"Lyapunov L1",0.916667,0.124631,0,0.122766,0
7,24,140.6841,26.4679,2,"Lyapunov L2",0.916667,0.0946409,0,0.0787538,0
7,24,140.6841,26.4679,3,"Cycler 21",0.916667,0.182916,0,0.163837,0
7,24,140.6841,26.4679,4,"Cycler 11a",0.916667,0.197126,0.227273,0.183219,0
7,24,140.6841,26.4679,5,"Cycler 11b",0.916667,0.176754,0,0.158507,0
7,24,140.6841,26.4679,6,"Cycler 32",0.916667,0.285301,0.30303,0.281093,0
7,24,140.6841,26.4679,7,"Resonant 2to1 Stable",0,0,0,0,0
7,24,140.6841,26.4679,8,"Resonant 2to1 Unstable",0.916667,0.141161,0.136364,0.110963,0
7,24,140.6841,26.4679,9,"Resonant 3to1 Stable",0.75,0.00573164,0,0.0012702,0
7,24,140.6841,26.4679,10,"Resonant 3to1 Unstable",0.833333,0.0202156,0,0.0110971,0
7,24,140.6841,26.4679,11,"Resonant 5to2 Stable",0.833333,0.0144503,0,0.010431,0
7,24,140.6841,26.4679,12,"Resonant 5to2 Unstable",0.916667,0.264578,0.257576,0.195129,0
7,24,140.6841,26.4679,13,"Distant Prograde Orbit",0.916667,0.159482,0,0.130178,0
7,25,140.6841,27.3217,1,"Lyapunov L1",0.916667,0.12609,0,0.124322,0
7,25,140.6841,27.3217,2,"Lyapunov L2",0.916667,0.0949394,0,0.0790228,0
7,25,140.6841,27.3217,3,"Cycler 21",0.916667,0.184119,0,0.165048,0
7,25,140.6841,27.3217,4,"Cycler 11a",0.916667,0.197182,0.227273,0.183348,0
7,25,140.6841,27.3217,5,"Cycler 11b",0.916667,0.176803,0,0.158643,0
7,25,140.6841,27.3217,6,"Cycler 32",0.916667,0.288635,0.30303,0.284495,0
7,25,140.6841,27.3217,7,"Resonant 2to1 Stable",0,0,0,0,0
7,25,140.6841,27.3217,8,"Resonant 2to1 Unstable",0.916667,0.141222,0.136364,0.115345,0
7,25,140.6841,27.3217,9,"Resonant 3to1 Stable",0.75,0.00573321,0,0.0012702,0
7,25,140.6841,27.3217,10,"Resonant 3to1 Unstable",0.833333,0.0202517,0,0.0111166,0
7,25,140.6841,27.3217,11,"Resonant 5to2 Stable",0.833333,0.0149225,0,0.011178,0
7,25,140.6841,27.3217,12,"Resonant 5to2 Unstable",0.916667,0.266841,0.257576,0.197977,0
7,25,140.6841,27.3217,13,"Distant Prograde Orbit",0.916667,0.16505,0,0.135026,0
8,1,155.6052,6.8304,1,"Lyapunov L1",0.833333,0.043541,0,0.0316209,0
8,1,155.6052,6.8304,2,"Lyapunov L2",0.666667,0.0101309,0,0.00658205,0
8,1,155.6052,6.8304,3,"Cycler 21",0.833333,0.119162,0.0606061,0.100623,0
8,1,155.6052,6.8304,4,"Cycler 11a",0.833333,0.123683,0.181818,0.114602,0
8,1,155.6052,6.8304,5,"Cycler 11b",0.833333,0.103626,0.106061,0.0899036,0
8,1,155.6052,6.8304,6,"Cycler 32",0.833333,0.0871514,0.257576,0.0738953,0
8,1,155.6052,6.8304,7,"Resonant 2to1 Stable",0,0,0,0,0
8,1,155.6052,6.8304,8,"Resonant 2to1 Unstable",0.833333,0.0992067,0.106061,0.0601521,0
8,1,155.6052,6.8304,9,"Resonant 3to1 Stable",0,0,0,0,0
8,1,155.6052,6.8304,10,"Resonant 3to1 Unstable",0.666667,0.00504047,0,0.00069151,0
8,1,155.6052,6.8304,11,"Resonant 5to2 Stable",0.666667,0.00689421,0,0.00184616,0
8,1,155.6052,6.8304,12,"Resonant 5to2 Unstable",0.833333,0.05006,0.106061,0.0226256,1
8,1,155.6052,6.8304,13,"Distant Prograde Orbit",0.833333,0.0627153,0,0.0458883,0
8,2,155.6052,7.6842,1,"Lyapunov L1",0.833333,0.0485352,0,0.0363504,0
8,2,155.6052,7.6842,2,"Lyapunov L2",0.75,0.0132098,0,0.00968216,0
8,2,155.6052,7.6842,3,"Cycler 21",0.833333,0.123585,0.0151515,0.105189,0
8,2,155.6052,7.6842,4,"Cycler 11a",0.833333,0.129936,0.19697,0.120038,0
8,2,155.6052,7.6842,5,"Cycler 11b",0.833333,0.111644,0.0757576,0.0977538,0
8,2,155.6052,7.6842,6,"Cycler 32",0.833333,0.0971398,0.257576,0.083107,0
8,2,155.6052,7.6842,7,"Resonant 2to1 Stable",0,0,0,0,0
8,2,155.6052,7.6842,8,"Resonant 2to1 Unstable",0.833333,0.102857,0.121212,0.0631198,0
8,2,155.6052,7.6842,9,"Resonant 3to1 Stable",0,0,0,0,0
8,2,155.6052,7.6842,10,"Resonant 3to1 Unstable",0.666667,0.00509274,0,0.00069151,0
8,2,155.6052,7.6842,11,"Resonant 5to2 Stable",0.75,0.00751044,0,0.00184616,0
8,2,155.6052,7.6842,12,"Resonant 5to2 Unstable",0.833333,0.0571804,0.106061,0.0260941,1
8,2,155.6052,7.6842,13,"Distant Prograde Orbit",0.833333,0.0709529,0,0.0523746,0
8,3,155.6052,8.5380,1,"Lyapunov L1",0.833333,0.059155,0,0.0427827,0
8,3,155.6052,8.5380,2,"Lyapunov L2",0.75,0.0161837,0,0.0127084,0
8,3,155.6052,8.5380,3,"Cycler 21",0.833333,0.129011,0,0.11033,0
8,3,155.6052,8.5380,4,"Cycler 11a",0.833333,0.135477,0.227273,0.124279,0
8,3,155.6052,8.5380,5,"Cycler 11b",0.833333,0.121219,0.136364,0.106649,0
8,3,155.6052,8.5380,6,"Cycler 32",0.833333,0.106336,0.257576,0.0913507,0
8,3,155.6052,8.5380,7,"Resonant 2to1 Stable",0,0,0,0,0
8,3,155.6052,8.5380,8,"Resonant 2to1 Unstable",0.833333,0.105879,0.121212,0.0660343,0
8,3,155.6052,8.5380,9,"Resonant 3to1 Stable",0,0,0,0,0
8,3,155.6052,8.5380,10,"Resonant 3to1 Unstable",0.666667,0.00512746,0,0.00069151,0
8,3,155.6052,8.5380,11,"Resonant 5to2 Stable",0.75,0.00758537,0,0.00184616,0
8,3,155.6052,8.5380,12,"Resonant 5to2 Unstable",0.833333,0.0618656,0.106061,0.0285499,1
8,3,155.6052,8.5380,13,"Distant Prograde Orbit",0.833333,0.0784395,0,0.0580992,0
8,4,155.6052,9.3918,1,"Lyapunov L1",0.833333,0.0622948,0,0.0461124,0
8,4,155.6052,9.3918,2,"Lyapunov L2",0.833333,0.0192419,0,0.0149764,0
8,4,155.6052,9.3918,3,"Cycler 21",0.833333,0.132289,0,0.114371,0
8,4,155.6052,9.3918,4,"Cycler 11a",0.833333,0.139629,0.19697,0.128374,0
8,4,155.6052,9.3918,5,"Cycler 11b",0.833333,0.127317,0.106061,0.111786,0
8,4,155.6052,9.3918,6,"Cycler 32",0.833333,0.113905,0.272727,0.0991925,0
8,4,155.6052,9.3918,7,"Resonant 2to1 Stable",0,0,0,0,0
8,4,155.6052,9.3918,8,"Resonant 2to1 Unstable",0.833333,0.10826,0.121212,0.0694817,0
8,4,155.6052,9.3918,9,"Resonant 3to1 Stable",0.0833333,0.000546312,0,0.000546312,0
8,4,155.6052,9.3918,10,"Resonant 3to1 Unstable",0.833333,0.00672473,0,0.00130341,0
8,4,155.6052,9.3918,11,"Resonant 5to2 Stable",0.833333,0.00817914,0,0.00239226,0
8,4,155.6052,9.3918,12,"Resonant 5to2 Unstable",0.916667,0.0709666,0.121212,0.0331239,1
8,4,155.6052,9.3918,13,"Distant Prograde Orbit",0.833333,0.0870378,0.0454545,0.0660176,0
8,5,155.6052,10.2456,1,"Lyapunov L1",0.833333,0.0638927,0,0.0475394,0
8,5,155.6052,10.2456,2,"Lyapunov L2",0.833333,0.0221528,0,0.017473,0
8,5,155.6052,10.2456,3,"Cycler 21",0.833333,0.134539,0,0.11507,0
8,5,155.6052,10.2456,4,"Cycler 11a",0.833333,0.143448,0.19697,0.130147,0
8,5,155.6052,10.2456,5,"Cycler 11b",0.833333,0.131018,0.106061,0.113772,0
8,5,155.6052,10.2456,6,"Cycler 32",0.916667,0.126139,0.287879,0.111297,0
8,5,155.6052,10.2456,7,"Resonant 2to1 Stable",0,0,0,0,0
8,5,155.6052,10.2456,8,"Resonant 2to1 Unstable",0.833333,0.110917,0.121212,0.0707474,0
8,5,155.6052,10.2456,9,"Resonant 3to1 Stable",0.25,0.00164641,0,0.000559748,0
8,5,155.6052,10.2456,10,"Resonant 3to1 Unstable",0.833333,0.0069219,0,0.00132959,0
8,5,155.6052,10.2456,11,"Resonant 5to2 Stable",0.833333,0.00824175,0,0.00240689,0
8,5,155.6052,10.2456,12,"Resonant 5to2 Unstable",0.916667,0.0909817,0.151515,0.043237,1
8,5,155.6052,10.2456,13,"Distant Prograde Orbit",0.916667,0.0929871,0,0.068361,0
8,6,155.6052,11.0994,1,"Lyapunov L1",0.833333,0.0648896,0,0.0495952,0
8,6,155.6052,11.0994,2,"Lyapunov L2",0.833333,0.0227725,0,0.0178661,0
8,6,155.6052,11.0994,3,"Cycler 21",0.916667,0.138119,0,0.115078,0
8,6,155.6052,11.0994,4,"Cycler 11a",0.916667,0.147671,0.212121,0.131161,0
8,6,155.6052,11.0994,5,"Cycler 11b",0.916667,0.134539,0.106061,0.113913,0
8,6,155.6052,11.0994,6,"Cycler 32",0.916667,0.181329,0.348485,0.167369,0
8,6,155.6052,11.0994,7,"Resonant 2to1 Stable",0,0,0,0,0
8,6,155.6052,11.0994,8,"Resonant 2to1 Unstable",0.916667,0.113601,0.121212,0.0716156,0
8,6,155.6052,11.0994,9,"Resonant 3to1 Stable",0.583333,0.00388637,0,0.00111401,0
8,6,155.6052,11.0994,10,"Resonant 3to1 Unstable",0.833333,0.0070462,0,0.00134348,0
8,6,155.6052,11.0994,11,"Resonant 5to2 Stable",0.833333,0.00827383,0,0.00241855,0
8,6,155.6052,11.0994,12,"Resonant 5to2 Unstable",0.916667,0.164845,0.212121,0.0986947,0
8,6,155.6052,11.0994,13,"Distant Prograde Orbit",0.916667,0.100592,0,0.0699101,0
8,7,155.6052,11.9532,1,"Lyapunov L1",0.833333,0.0653348,0,0.0527085,0
8,7,155.6052,11.9532,2,"Lyapunov L2",0.833333,0.0269103,0,0.0207196,0
8,7,155.6052,11.9532,3,"Cycler 21",0.916667,0.13867,0,0.115872,0
8,7,155.6052,11.9532,4,"Cycler 11a",0.916667,0.148322,0.212121,0.132393,0
8,7,155.6052,11.9532,5,"Cycler 11b",0.916667,0.135038,0.106061,0.114619,0
8,7,155.6052,11.9532,6,"Cycler 32",0.916667,0.182153,0.348485,0.170368,0
8,7,155.6052,11.9532,7,"Resonant 2to1 Stable",0,0,0,0,0
8,7,155.6052,11.9532,8,"Resonant 2to1 Unstable",0.916667,0.114261,0.121212,0.072932,0
8,7,155.6052,11.9532,9,"Resonant 3to1 Stable",0.583333,0.00393851,0,0.00112981,0
8,7,155.6052,11.9532,10,"Resonant 3to1 Unstable",0.833333,0.00811573,0,0.0020814,0
8,7,155.6052,11.9532,11,"Resonant 5to2 Stable",0.833333,0.00831213,0,0.00242595,0
8,7,155.6052,11.9532,12,"Resonant 5to2 Unstable",0.916667,0.165621,0.212121,0.10003,0
8,7,155.6052,11.9532,13,"Distant Prograde Orbit",0.916667,0.101357,0,0.0711185,0
8,8,155.6052,12.8070,1,"Lyapunov L1",0.916667,0.074988,0,0.0601186,0
8,8,155.6052,12.8070,2,"Lyapunov L2",0.833333,0.0323625,0,0.0249406,0
8,8,155.6052,12.8070,3,"Cycler 21",0.916667,0.142385,0,0.119503,0
8,8,155.6052,12.8070,4,"Cycler 11a",0.916667,0.153109,0.212121,0.136359,0
8,8,155.6052,12.8070,5,"Cycler 11b",0.916667,0.141287,0.121212,0.121313,0
8,8,155.6052,12.8070,6,"Cycler 32",0.916667,0.186991,0.363636,0.17474,0
8,8,155.6052,12.8070,7,"Resonant 2to1 Stable",0,0,0,0,0
8,8,155.6052,12.8070,8,"Resonant 2to1 Unstable",0.916667,0.116856,0.121212,0.0767474,0
8,8,155.6052,12.8070,9,"Resonant 3to1 Stable",0.666667,0.00453881,0,0.00114138,0
8,8,155.6052,12.8070,10,"Resonant 3to1 Unstable",0.833333,0.00929211,0,0.00308817,0
8,8,155.6052,12.8070,11,"Resonant 5to2 Stable",0.833333,0.00836529,0,0.00243228,0
8,8,155.6052,12.8070,12,"Resonant 5to2 Unstable",0.916667,0.169337,0.227273,0.101249,0
8,8,155.6052,12.8070,13,"Distant Prograde Orbit",0.916667,0.105644,0,0.0772801,0
8,9,155.6052,13.6608,1,"Lyapunov L1",0.916667,0.0814011,0,0.0672197,0
8,9,155.6052,13.6608,2,"Lyapunov L2",0.833333,0.0393174,0,0.0301902,0
8,9,155.6052,13.6608,3,"Cycler 21",0.916667,0.1526,0,0.128875,0
8,9,155.6052,13.6608,4,"Cycler 11a",0.916667,0.157145,0.212121,0.141927,0
8,9,155.6052,13.6608,5,"Cycler 11b",0.916667,0.149702,0.106061,0.128452,0
8,9,155.6052,13.6608,6,"Cycler 32",0.916667,0.196739,0.318182,0.184481,0
8,9,155.6052,13.6608,7,"Resonant 2to1 Stable",0,0,0,0,0
8,9,155.6052,13.6608,8,"Resonant 2to1 Unstable",0.916667,0.119914,0.121212,0.0800353,0
8,9,155.6052,13.6608,9,"Resonant 3to1 Stable",0.666667,0.00458894,0,0.00114818,0
8,9,155.6052,13.6608,10,"Resonant 3to1 Unstable",0.833333,0.0107549,0,0.00446505,0
8,9,155.6052,13.6608,11,"Resonant 5to2 Stable",0.833333,0.00841179,0,0.00243664,0
8,9,155.6052,13.6608,12,"Resonant 5to2 Unstable",0.916667,0.17634,0.227273,0.103088,0
8,9,155.6052,13.6608,13,"Distant Prograde Orbit",0.916667,0.111702,0,0.0833384,0
8,10,155.6052,14.5146,1,"Lyapunov L1",0.916667,0.0856057,0,0.0737865,0
8,10,155.6052,14.5146,2,"Lyapunov L2",0.833333,0.0431169,0,0.0335181,0
8,10,155.6052,14.5146,3,"Cycler 21",0.916667,0.157462,0.0151515,0.134228,0
8,10,155.6052,14.5146,4,"Cycler 11a",0.916667,0.16055,0.212121,0.145777,0
8,10,155.6052,14.5146,5,"Cycler 11b",0.916667,0.153159,0.0909091,0.132377,0
8,10,155.6052,14.5146,6,"Cycler 32",0.916667,0.199274,0.318182,0.187748,0
8,10,155.6052,14.5146,7,"Resonant 2to1 Stable",0,0,0,0,0
8,10,155.6052,14.5146,8,"Resonant 2to1 Unstable",0.916667,0.122537,0.121212,0.0829248,0
8,10,155.6052,14.5146,9,"Resonant 3to1 Stable",0.666667,0.00461337,0,0.00115434,0
8,10,155.6052,14.5146,10,"Resonant 3to1 Unstable",0.833333,0.0113763,0,0.00502021,0
8,10,155.6052,14.5146,11,"Resonant 5to2 Stable",0.833333,0.00844084,0,0.00243824,0
8,10,155.6052,14.5146,12,"Resonant 5to2 Unstable",0.916667,0.178221,0.227273,0.105163,0
8,10,155.6052,14.5146,13,"Distant Prograde Orbit",0.916667,0.119364,0,0.0905904,0
8,11,155.6052,15.3684,1,"Lyapunov L1",0.916667,0.088208,0,0.0782403,0
8,11,155.6052,15.3684,2,"Lyapunov L2",0.916667,0.0467341,0,0.0365171,0
8,11,155.6052,15.3684,3,"Cycler 21",0.916667,0.160102,0.0151515,0.137792,0
8,11,155.6052,15.3684,4,"Cycler 11a",0.916667,0.163649,0.212121,0.150106,0
8,11,155.6052,15.3684,5,"Cycler 11b",0.916667,0.155271,0.0909091,0.135037,0
8,11,155.6052,15.3684,6,"Cycler 32",0.916667,0.199431,0.333333,0.188821,0
8,11,155.6052,15.3684,7,"Resonant 2to1 Stable",0,0,0,0,0
8,11,155.6052,15.3684,8,"Resonant 2to1 Unstable",0.916667,0.125275,0.121212,0.0861,0
8,11,155.6052,15.3684,9,"Resonant 3to1 Stable",0.75,0.00526734,0,0.00117143,0
8,11,155.6052,15.3684,10,"Resonant 3to1 Unstable",0.833333,0.0117575,0,0.00601956,0
8,11,155.6052,15.3684,11,"Resonant 5to2 Stable",0.833333,0.00847711,0,0.00244931,0
8,11,155.6052,15.3684,12,"Resonant 5to2 Unstable",0.916667,0.178369,0.242424,0.107294,0
8,11,155.6052,15.3684,13,"Distant Prograde Orbit",0.916667,0.127554,0,0.0986028,0
8,12,155.6052,16.2222,1,"Lyapunov L1",0.916667,0.0935817,0,0.0892136,0
8,12,155.6052,16.2222,2,"Lyapunov L2",0.916667,0.0498752,0,0.0386662,0
8,12,155.6052,16.2222,3,"Cycler 21",0.916667,0.161038,0,0.139587,0
8,12,155.6052,16.2222,4,"Cycler 11a",0.916667,0.165265,0.212121,0.152219,0
8,12,155.6052,16.2222,5,"Cycler 11b",0.916667,0.156126,0.0757576,0.137864,0
8,12,155.6052,16.2222,6,"Cycler 32",0.916667,0.200618,0.348485,0.191836,0
8,12,155.6052,16.2222,7,"Resonant 2to1 Stable",0,0,0,0,0
8,12,155.6052,16.2222,8,"Resonant 2to1 Unstable",0.916667,0.128942,0.121212,0.0910378,0
8,12,155.6052,16.2222,9,"Resonant 3to1 Stable",0.75,0.00545991,0,0.00121156,0
8,12,155.6052,16.2222,10,"Resonant 3to1 Unstable",0.833333,0.0136895,0,0.00802456,0
8,12,155.6052,16.2222,11,"Resonant 5to2 Stable",0.833333,0.0085095,0,0.00246185,0
8,12,155.6052,16.2222,12,"Resonant 5to2 Unstable",0.916667,0.179386,0.121212,0.114764,0
8,12,155.6052,16.2222,13,"Distant Prograde Orbit",0.916667,0.129691,0,0.102258,0
8,13,155.6052,17.0760,1,"Lyapunov L1",0.916667,0.102107,0,0.0966363,0
8,13,155.6052,17.0760,2,"Lyapunov L2",0.916667,0.0552404,0,0.0422012,0
8,13,155.6052,17.0760,3,"Cycler 21",0.916667,0.162108,0,0.140115,0
8,13,155.6052,17.0760,4,"Cycler 11a",0.916667,0.169281,0.212121,0.155874,0
8,13,155.6052,17.0760,5,"Cycler 11b",0.916667,0.158275,0.030303,0.140321,0
8,13,155.6052,17.0760,6,"Cycler 32",0.916667,0.204062,0.333333,0.195368,0
8,13,155.6052,17.0760,7,"Resonant 2to1 Stable",0,0,0,0,0
8,13,155.6052,17.0760,8,"Resonant 2to1 Unstable",0.916667,0.130534,0.121212,0.094148,0
8,13,155.6052,17.0760,9,"Resonant 3to1 Stable",0.75,0.00552456,0,0.00124011,0
8,13,155.6052,17.0760,10,"Resonant 3to1 Unstable",0.833333,0.0176361,0,0.00928799,0
8,13,155.6052,17.0760,11,"Resonant 5to2 Stable",0.833333,0.00852859,0,0.00301118,0
8,13,155.6052,17.0760,12,"Resonant 5to2 Unstable",0.916667,0.182296,0.242424,0.120097,0
8,13,155.6052,17.0760,13,"Distant Prograde Orbit",0.916667,0.134518,0,0.107605,0
8,14,155.6052,17.9298,1,"Lyapunov L1",0.916667,0.10571,0,0.101028,0
8,14,155.6052,17.9298,2,"Lyapunov L2",0.916667,0.0616884,0,0.0484135,0
8,14,155.6052,17.9298,3,"Cycler 21",0.916667,0.163267,0,0.141467,0
8,14,155.6052,17.9298,4,"Cycler 11a",0.916667,0.169681,0.227273,0.157725,0
8,14,155.6052,17.9298,5,"Cycler 11b",0.916667,0.160859,0.030303,0.143949,0
8,14,155.6052,17.9298,6,"Cycler 32",0.916667,0.205998,0.348485,0.197799,0
8,14,155.6052,17.9298,7,"Resonant 2to1 Stable",0,0,0,0,0
8,14,155.6052,17.9298,8,"Resonant 2to1 Unstable",0.916667,0.13077,0.136364,0.0961913,0
8,14,155.6052,17.9298,9,"Resonant 3to1 Stable",0.75,0.00558627,0,0.00125679,0
8,14,155.6052,17.9298,10,"Resonant 3to1 Unstable",0.833333,0.0187633,0,0.00987393,0
8,14,155.6052,17.9298,11,"Resonant 5to2 Stable",0.833333,0.00853864,0,0.00423167,0
8,14,155.6052,17.9298,12,"Resonant 5to2 Unstable",0.916667,0.183911,0.257576,0.124667,0
8,14,155.6052,17.9298,13,"Distant Prograde Orbit",0.916667,0.136406,0,0.110047,0
8,15,155.6052,18.7836,1,"Lyapunov L1",0.916667,0.10683,0,0.102353,0
8,15,155.6052,18.7836,2,"Lyapunov L2",0.916667,0.0634694,0,0.051448,0
8,15,155.6052,18.7836,3,"Cycler 21",0.916667,0.163595,0,0.145003,0
8,15,155.6052,18.7836,4,"Cycler 11a",0.916667,0.169835,0.227273,0.158005,0
8,15,155.6052,18.7836,5,"Cycler 11b",0.916667,0.161781,0.0151515,0.14512,0
8,15,155.6052,18.7836,6,"Cycler 32",0.916667,0.206537,0.348485,0.199078,0
8,15,155.6052,18.7836,7,"Resonant 2to1 Stable",0,0,0,0,0
8,15,155.6052,18.7836,8,"Resonant 2to1 Unstable",0.916667,0.130896,0.136364,0.0968369,0
8,15,155.6052,18.7836,9,"Resonant 3to1 Stable",0.75,0.00568556,0,0.00126846,0
8,15,155.6052,18.7836,10,"Resonant 3to1 Unstable",0.833333,0.0193693,0,0.0102703,0
8,15,155.6052,18.7836,11,"Resonant 5to2 Stable",0.833333,0.00854585,0,0.00495143,0
8,15,155.6052,18.7836,12,"Resonant 5to2 Unstable",0.916667,0.184374,0.257576,0.127249,0
8,15,155.6052,18.7836,13,"Distant Prograde Orbit",0.916667,0.137011,0,0.110732,0
8,16,155.6052,19.6374,1,"Lyapunov L1",0.916667,0.114023,0,0.109884,0
8,16,155.6052,19.6374,2,"Lyapunov L2",0.916667,0.0701134,0,0.0573795,0
8,16,155.6052,19.6374,3,"Cycler 21",0.916667,0.165282,0,0.147046,0
8,16,155.6052,19.6374,4,"Cycler 11a",0.916667,0.176782,0.227273,0.165102,0
8,16,155.6052,19.6374,5,"Cycler 11b",0.916667,0.161781,0,0.14591,0
8,16,155.6052,19.6374,6,"Cycler 32",0.916667,0.207014,0.348485,0.199606,0
8,16,155.6052,19.6374,7,"Resonant 2to1 Stable",0,0,0,0,0
8,16,155.6052,19.6374,8,"Resonant 2to1 Unstable",0.916667,0.13171,0.136364,0.0971967,0
8,16,155.6052,19.6374,9,"Resonant 3to1 Stable",0.75,0.00568782,0,0.00126846,0
8,16,155.6052,19.6374,10,"Resonant 3to1 Unstable",0.833333,0.0193899,0,0.0106214,0
8,16,155.6052,19.6374,11,"Resonant 5to2 Stable",0.833333,0.0085598,0,0.00571915,0
8,16,155.6052,19.6374,12,"Resonant 5to2 Unstable",0.916667,0.184764,0.257576,0.12777,0
8,16,155.6052,19.6374,13,"Distant Prograde Orbit",0.916667,0.137703,0,0.111424,0
8,17,155.6052,20.4912,1,"Lyapunov L1",0.916667,0.11547,0,0.111344,0
8,17,155.6052,20.4912,2,"Lyapunov L2",0.916667,0.0739111,0,0.0601922,0
8,17,155.6052,20.4912,3,"Cycler 21",0.916667,0.166114,0,0.147927,0
8,17,155.6052,20.4912,4,"Cycler 11a",0.916667,0.17881,0.242424,0.16719,0
8,17,155.6052,20.4912,5,"Cycler 11b",0.916667,0.161785,0,0.146,0
8,17,155.6052,20.4912,6,"Cycler 32",0.916667,0.207753,0.348485,0.200367,0
8,17,155.6052,20.4912,7,"Resonant 2to1 Stable",0,0,0,0,0
8,17,155.6052,20.4912,8,"Resonant 2to1 Unstable",0.916667,0.13212,0,0.097301,0
8,17,155.6052,20.4912,9,"Resonant 3to1 Stable",0.75,0.00569091,0,0.00126846,0
8,17,155.6052,20.4912,10,"Resonant 3to1 Unstable",0.833333,0.0194203,0,0.010851,0
8,17,155.6052,20.4912,11,"Resonant 5to2 Stable",0.833333,0.00859453,0,0.00584007,0
8,17,155.6052,20.4912,12,"Resonant 5to2 Unstable",0.916667,0.18536,0.257576,0.128379,0
8,17,155.6052,20.4912,13,"Distant Prograde Orbit",0.916667,0.13827,0,0.112537,0
8,18,155.6052,21.3450,1,"Lyapunov L1",0.916667,0.116587,0,0.111874,0
8,18,155.6052,21.3450,2,"Lyapunov L2",0.916667,0.0794956,0,0.066601,0
8,18,155.6052,21.3450,3,"Cycler 21",0.916667,0.173888,0,0.1524,0
8,18,155.6052,21.3450,4,"Cycler 11a",0.916667,0.186937,0.227273,0.174218,0
8,18,155.6052,21.3450,5,"Cycler 11b",0.916667,0.17071,0,0.150587,0
8,18,155.6052,21.3450,6,"Cycler 32",0.916667,0.26741,0.348485,0.260089,0
8,18,155.6052,21.3450,7,"Resonant 2to1 Stable",0,0,0,0,0
8,18,155.6052,21.3450,8,"Resonant 2to1 Unstable",0.916667,0.135943,0.136364,0.0989093,0
8,18,155.6052,21.3450,9,"Resonant 3to1 Stable",0.75,0.00571561,0,0.00126846,0
8,18,155.6052,21.3450,10,"Resonant 3to1 Unstable",0.833333,0.0197213,0,0.0109689,0
8,18,155.6052,21.3450,11,"Resonant 5to2 Stable",0.833333,0.00931149,0,0.00608176,0
8,18,155.6052,21.3450,12,"Resonant 5to2 Unstable",0.916667,0.250544,0.257576,0.18225,0
8,18,155.6052,21.3450,13,"Distant Prograde Orbit",0.916667,0.150503,0,0.120433,0
8,19,155.6052,22.1988,1,"Lyapunov L1",0.916667,0.118032,0,0.113296,0
8,19,155.6052,22.1988,2,"Lyapunov L2",0.916667,0.0894324,0,0.07286,0
8,19,155.6052,22.1988,3,"Cycler 21",0.916667,0.180167,0,0.160075,0
8,19,155.6052,22.1988,4,"Cycler 11a",0.916667,0.188649,0.227273,0.176073,0
8,19,155.6052,22.1988,5,"Cycler 11b",0.916667,0.173172,0,0.153607,0
8,19,155.6052,22.1988,6,"Cycler 32",0.916667,0.275626,0.348485,0.268554,0
8,19,155.6052,22.1988,7,"Resonant 2to1 Stable",0,0,0,0,0
8,19,155.6052,22.1988,8,"Resonant 2to1 Unstable",0.916667,0.136784,0.136364,0.104169,0
8,19,155.6052,22.1988,9,"Resonant 3to1 Stable",0.75,0.00575042,0,0.00127389,0
8,19,155.6052,22.1988,10,"Resonant 3to1 Unstable",0.833333,0.0198791,0,0.0110397,0
8,19,155.6052,22.1988,11,"Resonant 5to2 Stable",0.833333,0.00986981,0,0.00682988,0
8,19,155.6052,22.1988,12,"Resonant 5to2 Unstable",0.916667,0.256931,0.257576,0.183007,0
8,19,155.6052,22.1988,13,"Distant Prograde Orbit",0.916667,0.154434,0,0.124724,0
8,20,155.6052,23.0527,1,"Lyapunov L1",0.916667,0.118925,0,0.114662,0
8,20,155.6052,23.0527,2,"Lyapunov L2",0.916667,0.0919062,0,0.0759014,0
8,20,155.6052,23.0527,3,"Cycler 21",0.916667,0.181166,0,0.161239,0
8,20,155.6052,23.0527,4,"Cycler 11a",0.916667,0.18909,0.227273,0.176587,0
8,20,155.6052,23.0527,5,"Cycler 11b",0.916667,0.175772,0,0.156183,0
8,20,155.6052,23.0527,6,"Cycler 32",0.916667,0.277251,0.348485,0.270312,0
8,20,155.6052,23.0527,7,"Resonant 2to1 Stable",0,0,0,0,0
8,20,155.6052,23.0527,8,"Resonant 2to1 Unstable",0.916667,0.137108,0.136364,0.105108,0
8,20,155.6052,23.0527,9,"Resonant 3to1 Stable",0.75,0.00575167,0,0.00127389,0
8,20,155.6052,23.0527,10,"Resonant 3to1 Unstable",0.833333,0.0199365,0,0.0110675,0
8,20,155.6052,23.0527,11,"Resonant 5to2 Stable",0.833333,0.0107683,0,0.00719428,0
8,20,155.6052,23.0527,12,"Resonant 5to2 Unstable",0.916667,0.25813,0.257576,0.185227,0
8,20,155.6052,23.0527,13,"Distant Prograde Orbit",0.916667,0.156798,0,0.126991,0
8,21,155.6052,23.9065,1,"Lyapunov L1",0.916667,0.119245,0,0.117329,0
8,21,155.6052,23.9065,2,"Lyapunov L2",0.916667,0.0920853,0,0.0761328,0
8,21,155.6052,23.9065,3,"Cycler 21",0.916667,0.181804,0,0.161954,0
8,21,155.6052,23.9065,4,"Cycler 11a",0.916667,0.196753,0.227273,0.182846,0
8,21,155.6052,23.9065,5,"Cycler 11b",0.916667,0.176422,0,0.157439,0
8,21,155.6052,23.9065,6,"Cycler 32",0.916667,0.283416,0.30303,0.279049,0
8,21,155.6052,23.9065,7,"Resonant 2to1 Stable",0,0,0,0,0
8,21,155.6052,23.9065,8,"Resonant 2to1 Unstable",0.916667,0.140422,0.136364,0.109523,0
8,21,155.6052,23.9065,9,"Resonant 3to1 Stable",0.75,0.00575939,0,0.00127389,0
8,21,155.6052,23.9065,10,"Resonant 3to1 Unstable",0.833333,0.020043,0,0.0110792,0
8,21,155.6052,23.9065,11,"Resonant 5to2 Stable",0.833333,0.0112256,0,0.00761642,0
8,21,155.6052,23.9065,12,"Resonant 5to2 Unstable",0.916667,0.26303,0.257576,0.190609,0
8,21,155.6052,23.9065,13,"Distant Prograde Orbit",0.916667,0.15801,0,0.128309,0
8,22,155.6052,24.7603,1,"Lyapunov L1",0.916667,0.120608,0,0.118723,0
8,22,155.6052,24.7603,2,"Lyapunov L2",0.916667,0.0929952,0,0.0771076,0
8,22,155.6052,24.7603,3,"Cycler 21",0.916667,0.181824,0,0.162545,0
8,22,155.6052,24.7603,4,"Cycler 11a",0.916667,0.196775,0.227273,0.182878,0
8,22,155.6052,24.7603,5,"Cycler 11b",0.916667,0.176442,0,0.158033,0
8,22,155.6052,24.7603,6,"Cycler 32",0.916667,0.283859,0.30303,0.279721,0
8,22,155.6052,24.7603,7,"Resonant 2to1 Stable",0,0,0,0,0
8,22,155.6052,24.7603,8,"Resonant 2to1 Unstable",0.916667,0.140445,0.136364,0.109762,0
8,22,155.6052,24.7603,9,"Resonant 3to1 Stable",0.75,0.00576172,0,0.00127389,0
8,22,155.6052,24.7603,10,"Resonant 3to1 Unstable",0.833333,0.0200748,0,0.0110949,0
8,22,155.6052,24.7603,11,"Resonant 5to2 Stable",0.833333,0.0114129,0,0.00832978,0
8,22,155.6052,24.7603,12,"Resonant 5to2 Unstable",0.916667,0.26383,0.257576,0.192686,0
8,22,155.6052,24.7603,13,"Distant Prograde Orbit",0.916667,0.158809,0,0.129233,0
8,23,155.6052,25.6141,1,"Lyapunov L1",0.916667,0.124164,0,0.122295,0
8,23,155.6052,25.6141,2,"Lyapunov L2",0.916667,0.0942237,0,0.0783141,0
8,23,155.6052,25.6141,3,"Cycler 21",0.916667,0.182718,0,0.163762,0
8,23,155.6052,25.6141,4,"Cycler 11a",0.916667,0.196907,0.242424,0.183046,0
8,23,155.6052,25.6141,5,"Cycler 11b",0.916667,0.176561,0,0.158324,0
8,23,155.6052,25.6141,6,"Cycler 32",0.916667,0.285107,0.30303,0.280925,0
8,23,155.6052,25.6141,7,"Resonant 2to1 Stable",0,0,0,0,0
8,23,155.6052,25.6141,8,"Resonant 2to1 Unstable",0.916667,0.140848,0,0.110487,0
8,23,155.6052,25.6141,9,"Resonant 3to1 Stable",0.75,0.00576287,0,0.00127389,0
8,23,155.6052,25.6141,10,"Resonant 3to1 Unstable",0.833333,0.0201375,0,0.0110949,0
8,23,155.6052,25.6141,11,"Resonant 5to2 Stable",0.833333,0.0124728,0,0.00905183,0
8,23,155.6052,25.6141,12,"Resonant 5to2 Unstable",0.916667,0.264373,0.257576,0.194576,0
8,23,155.6052,25.6141,13,"Distant Prograde Orbit",0.916667,0.159288,0,0.130053,0
8,24,155.6052,26.4679,1,"Lyapunov L1",0.916667,0.124635,0,0.12277,0
8,24,155.6052,26.4679,2,"Lyapunov L2",0.916667,0.0946442,0,0.0787538,0
8,24,155.6052,26.4679,3,"Cycler 21",0.916667,0.182919,0,0.163837,0
8,24,155.6052,26.4679,4,"Cycler 11a",0.916667,0.197129,0.227273,0.183219,0
8,24,155.6052,26.4679,5,"Cycler 11b",0.916667,0.176758,0,0.158507,0
8,24,155.6052,26.4679,6,"Cycler 32",0.916667,0.285305,0.30303,0.281093,0
8,24,155.6052,26.4679,7,"Resonant 2to1 Stable",0,0,0,0,0
8,24,155.6052,26.4679,8,"Resonant 2to1 Unstable",0.916667,0.141164,0.136364,0.110963,0
8,24,155.6052,26.4679,9,"Resonant 3to1 Stable",0.75,0.00576291,0,0.00127389,0
8,24,155.6052,26.4679,10,"Resonant 3to1 Unstable",0.833333,0.0202156,0,0.0111244,0
8,24,155.6052,26.4679,11,"Resonant 5to2 Stable",0.833333,0.0144503,0,0.0104542,0
8,24,155.6052,26.4679,12,"Resonant 5to2 Unstable",0.916667,0.264582,0.257576,0.195132,0
8,24,155.6052,26.4679,13,"Distant Prograde Orbit",0.916667,0.159485,0,0.130178,0
8,25,155.6052,27.3217,1,"Lyapunov L1",0.916667,0.126093,0,0.124326,0
8,25,155.6052,27.3217,2,"Lyapunov L2",0.916667,0.0949427,0,0.0790228,0
8,25,155.6052,27.3217,3,"Cycler 21",0.916667,0.184122,0,0.165048,0
8,25,155.6052,27.3217,4,"Cycler 11a",0.916667,0.197185,0.227273,0.183348,0
8,25,155.6052,27.3217,5,"Cycler 11b",0.916667,0.176807,0,0.158643,0
8,25,155.6052,27.3217,6,"Cycler 32",0.916667,0.288638,0.30303,0.284495,0
8,25,155.6052,27.3217,7,"Resonant 2to1 Stable",0,0,0,0,0
8,25,155.6052,27.3217,8,"Resonant 2to1 Unstable",0.916667,0.141225,0.136364,0.115345,0
8,25,155.6052,27.3217,9,"Resonant 3to1 Stable",0.75,0.0057645,0,0.00127389,0
8,25,155.6052,27.3217,10,"Resonant 3to1 Unstable",0.833333,0.0202517,0,0.0111439,0
8,25,155.6052,27.3217,11,"Resonant 5to2 Stable",0.833333,0.0149225,0,0.0112013,0
8,25,155.6052,27.3217,12,"Resonant 5to2 Unstable",0.916667,0.266845,0.257576,0.197981,0
8,25,155.6052,27.3217,13,"Distant Prograde Orbit",0.916667,0.165053,0,0.135026,0
9,1,170.5262,6.8304,1,"Lyapunov L1",0.833333,0.0435423,0,0.03217,0
9,1,170.5262,6.8304,2,"Lyapunov L2",0.75,0.0106661,0,0.00713124,0
9,1,170.5262,6.8304,3,"Cycler 21",0.833333,0.119164,0.0606061,0.100623,0
9,1,170.5262,6.8304,4,"Cycler 11a",0.833333,0.123685,0.19697,0.114602,0
9,1,170.5262,6.8304,5,"Cycler 11b",0.833333,0.103627,0.106061,0.0899036,0
9,1,170.5262,6.8304,6,"Cycler 32",0.833333,0.0871531,0.257576,0.0738953,0
9,1,170.5262,6.8304,7,"Resonant 2to1 Stable",0,0,0,0,0
9,1,170.5262,6.8304,8,"Resonant 2to1 Unstable",0.833333,0.0992082,0.121212,0.0601521,0
9,1,170.5262,6.8304,9,"Resonant 3to1 Stable",0,0,0,0,0
9,1,170.5262,6.8304,10,"Resonant 3to1 Unstable",0.666667,0.0050527,0,0.000693347,0
9,1,170.5262,6.8304,11,"Resonant 5to2 Stable",0.75,0.00742939,0,0.00184616,0
9,1,170.5262,6.8304,12,"Resonant 5to2 Unstable",0.833333,0.0500618,0.106061,0.0226275,1
9,1,170.5262,6.8304,13,"Distant Prograde Orbit",0.833333,0.0627168,0,0.0458883,0
9,2,170.5262,7.6842,1,"Lyapunov L1",0.833333,0.0485366,0,0.0363504,0
9,2,170.5262,7.6842,2,"Lyapunov L2",0.75,0.0132098,0,0.0102055,0
9,2,170.5262,7.6842,3,"Cycler 21",0.833333,0.123587,0.0151515,0.105189,0
9,2,170.5262,7.6842,4,"Cycler 11a",0.833333,0.129937,0.19697,0.120038,0
9,2,170.5262,7.6842,5,"Cycler 11b",0.833333,0.111645,0.0757576,0.0977538,0
9,2,170.5262,7.6842,6,"Cycler 32",0.833333,0.0971415,0.257576,0.083107,0
9,2,170.5262,7.6842,7,"Resonant 2to1 Stable",0,0,0,0,0
9,2,170.5262,7.6842,8,"Resonant 2to1 Unstable",0.833333,0.102859,0.121212,0.0631198,0
9,2,170.5262,7.6842,9,"Resonant 3to1 Stable",0.0833333,0.00050262,0,0.00050262,0
9,2,170.5262,7.6842,10,"Resonant 3to1 Unstable",0.75,0.00561565,0,0.00120378,0
9,2,170.5262,7.6842,11,"Resonant 5to2 Stable",0.833333,0.00802087,0,0.0023566,0
9,2,170.5262,7.6842,12,"Resonant 5to2 Unstable",0.916667,0.0576849,0.106061,0.0271219,1
9,2,170.5262,7.6842,13,"Distant Prograde Orbit",0.833333,0.0709544,0,0.0523746,0
9,3,170.5262,8.5380,1,"Lyapunov L1",0.833333,0.0591949,0,0.0427827,0
9,3,170.5262,8.5380,2,"Lyapunov L2",0.833333,0.0167152,0,0.0127602,0
9,3,170.5262,8.5380,3,"Cycler 21",0.916667,0.129547,0,0.11033,0
9,3,170.5262,8.5380,4,"Cycler 11a",0.916667,0.136016,0.242424,0.124279,0
9,3,170.5262,8.5380,5,"Cycler 11b",0.916667,0.121755,0.136364,0.106649,0
9,3,170.5262,8.5380,6,"Cycler 32",0.916667,0.106894,0.348485,0.0918604,0
9,3,170.5262,8.5380,7,"Resonant 2to1 Stable",0,0,0,0,0
9,3,170.5262,8.5380,8,"Resonant 2to1 Unstable",0.916667,0.106411,0.121212,0.0660343,0
9,3,170.5262,8.5380,9,"Resonant 3to1 Stable",0.583333,0.00349682,0,0.00103024,0
9,3,170.5262,8.5380,10,"Resonant 3to1 Unstable",0.833333,0.00655219,0,0.00127611,0
9,3,170.5262,8.5380,11,"Resonant 5to2 Stable",0.833333,0.00811716,0,0.00237796,0
9,3,170.5262,8.5380,12,"Resonant 5to2 Unstable",0.916667,0.062439,0.121212,0.0291751,0
9,3,170.5262,8.5380,13,"Distant Prograde Orbit",0.916667,0.0789832,0,0.0580992,0
9,4,170.5262,9.3918,1,"Lyapunov L1",0.916667,0.0627996,0,0.0461124,0
9,4,170.5262,9.3918,2,"Lyapunov L2",0.833333,0.0192495,0,0.0149764,0
9,4,170.5262,9.3918,3,"Cycler 21",0.916667,0.132813,0,0.114371,0
9,4,170.5262,9.3918,4,"Cycler 11a",0.916667,0.140156,0.212121,0.128374,0
9,4,170.5262,9.3918,5,"Cycler 11b",0.916667,0.127841,0.121212,0.111786,0
9,4,170.5262,9.3918,6,"Cycler 32",0.916667,0.114449,0.363636,0.0997131,0
9,4,170.5262,9.3918,7,"Resonant 2to1 Stable",0,0,0,0,0
9,4,170.5262,9.3918,8,"Resonant 2to1 Unstable",0.916667,0.108779,0.121212,0.0694817,0
9,4,170.5262,9.3918,9,"Resonant 3to1 Stable",0.666667,0.00413777,0,0.00106691,0
9,4,170.5262,9.3918,10,"Resonant 3to1 Unstable",0.833333,0.00682963,0,0.00131753,0
9,4,170.5262,9.3918,11,"Resonant 5to2 Stable",0.833333,0.00817914,0,0.00239226,0
9,4,170.5262,9.3918,12,"Resonant 5to2 Unstable",0.916667,0.0709807,0.227273,0.033138,0
9,4,170.5262,9.3918,13,"Distant Prograde Orbit",0.916667,0.0875698,0.0454545,0.0660176,0
9,5,170.5262,10.2456,1,"Lyapunov L1",0.916667,0.0644135,0,0.0475394,0
9,5,170.5262,10.2456,2,"Lyapunov L2",0.833333,0.0221611,0,0.017473,0
9,5,170.5262,10.2456,3,"Cycler 21",0.916667,0.135081,0,0.11507,0
9,5,170.5262,10.2456,4,"Cycler 11a",0.916667,0.143992,0.212121,0.130147,0
9,5,170.5262,10.2456,5,"Cycler 11b",0.916667,0.131559,0.121212,0.113772,0
9,5,170.5262,10.2456,6,"Cycler 32",0.916667,0.126153,0.363636,0.111829,0
9,5,170.5262,10.2456,7,"Resonant 2to1 Stable",0,0,0,0,0
9,5,170.5262,10.2456,8,"Resonant 2to1 Unstable",0.916667,0.111454,0.121212,0.0707474,0
9,5,170.5262,10.2456,9,"Resonant 3to1 Stable",0.666667,0.00427177,0,0.00109187,0
9,5,170.5262,10.2456,10,"Resonant 3to1 Unstable",0.833333,0.0070289,0,0.00134361,0
9,5,170.5262,10.2456,11,"Resonant 5to2 Stable",0.833333,0.00824175,0,0.00240689,0
9,5,170.5262,10.2456,12,"Resonant 5to2 Unstable",0.916667,0.0909958,0.227273,0.043251,0
9,5,170.5262,10.2456,13,"Distant Prograde Orbit",0.916667,0.0929997,0,0.068361,0
9,6,170.5262,11.0994,1,"Lyapunov L1",0.916667,0.0654323,0,0.0495952,0
9,6,170.5262,11.0994,2,"Lyapunov L2",0.833333,0.0227845,0,0.0178661,0
9,6,170.5262,11.0994,3,"Cycler 21",0.916667,0.138136,0,0.115078,0
9,6,170.5262,11.0994,4,"Cycler 11a",0.916667,0.147689,0.212121,0.131161,0
9,6,170.5262,11.0994,5,"Cycler 11b",0.916667,0.134557,0.121212,0.113913,0
9,6,170.5262,11.0994,6,"Cycler 32",0.916667,0.181349,0.363636,0.167369,0
9,6,170.5262,11.0994,7,"Resonant 2to1 Stable",0,0,0,0,0
9,6,170.5262,11.0994,8,"Resonant 2to1 Unstable",0.916667,0.113619,0.121212,0.0716156,0
9,6,170.5262,11.0994,9,"Resonant 3to1 Stable",0.666667,0.00441324,0,0.00111401,0
9,6,170.5262,11.0994,10,"Resonant 3to1 Unstable",0.833333,0.00720176,0,0.00136328,0
9,6,170.5262,11.0994,11,"Resonant 5to2 Stable",0.833333,0.00827383,0,0.00241855,0
9,6,170.5262,11.0994,12,"Resonant 5to2 Unstable",0.916667,0.164864,0.227273,0.0987145,0
9,6,170.5262,11.0994,13,"Distant Prograde Orbit",0.916667,0.10061,0,0.0699101,0
9,7,170.5262,11.9532,1,"Lyapunov L1",0.916667,0.0658684,0,0.0527085,0
9,7,170.5262,11.9532,2,"Lyapunov L2",0.916667,0.0274056,0,0.0207196,0
9,7,170.5262,11.9532,3,"Cycler 21",0.916667,0.13867,0,0.115872,0
9,7,170.5262,11.9532,4,"Cycler 11a",0.916667,0.148322,0.212121,0.132393,0
9,7,170.5262,11.9532,5,"Cycler 11b",0.916667,0.135038,0.121212,0.114619,0
9,7,170.5262,11.9532,6,"Cycler 32",0.916667,0.182153,0.378788,0.170382,0
9,7,170.5262,11.9532,7,"Resonant 2to1 Stable",0,0,0,0,0
9,7,170.5262,11.9532,8,"Resonant 2to1 Unstable",0.916667,0.114261,0.121212,0.072932,0
9,7,170.5262,11.9532,9,"Resonant 3to1 Stable",0.75,0.00496738,0,0.00114031,0
9,7,170.5262,11.9532,10,"Resonant 3to1 Unstable",0.833333,0.00811623,0,0.00208589,0
9,7,170.5262,11.9532,11,"Resonant 5to2 Stable",0.833333,0.00831263,0,0.00242645,0
9,7,170.5262,11.9532,12,"Resonant 5to2 Unstable",0.916667,0.165621,0.242424,0.10003,0
9,7,170.5262,11.9532,13,"Distant Prograde Orbit",0.916667,0.101357,0,0.0711185,0
9,8,170.5262,12.8070,1,"Lyapunov L1",0.916667,0.074988,0,0.0601186,0
9,8,170.5262,12.8070,2,"Lyapunov L2",0.916667,0.0328734,0,0.0249406,0
9,8,170.5262,12.8070,3,"Cycler 21",0.916667,0.142385,0,0.119503,0
9,8,170.5262,12.8070,4,"Cycler 11a",0.916667,0.153109,0.212121,0.136359,0
9,8,170.5262,12.8070,5,"Cycler 11b",0.916667,0.141287,0.121212,0.121313,0
9,8,170.5262,12.8070,6,"Cycler 32",0.916667,0.186991,0.378788,0.174747,0
9,8,170.5262,12.8070,7,"Resonant 2to1 Stable",0,0,0,0,0
9,8,170.5262,12.8070,8,"Resonant 2to1 Unstable",0.916667,0.116856,0.121212,0.0767474,0
9,8,170.5262,12.8070,9,"Resonant 3to1 Stable",0.75,0.00504969,0,0.00114805,0
9,8,170.5262,12.8070,10,"Resonant 3to1 Unstable",0.833333,0.00929211,0,0.00308817,0
9,8,170.5262,12.8070,11,"Resonant 5to2 Stable",0.833333,0.00836529,0,0.00293236,0
9,8,170.5262,12.8070,12,"Resonant 5to2 Unstable",0.916667,0.169337,0.242424,0.101749,0
9,8,170.5262,12.8070,13,"Distant Prograde Orbit",0.916667,0.105644,0,0.0772801,0
9,9,170.5262,13.6608,1,"Lyapunov L1",0.916667,0.0814011,0,0.0677353,0
9,9,170.5262,13.6608,2,"Lyapunov L2",0.916667,0.0398415,0,0.0301902,0
9,9,170.5262,13.6608,3,"Cycler 21",0.916667,0.1526,0,0.129416,0
9,9,170.5262,13.6608,4,"Cycler 11a",0.916667,0.157145,0.212121,0.141927,0
9,9,170.5262,13.6608,5,"Cycler 11b",0.916667,0.149702,0.106061,0.128952,0
9,9,170.5262,13.6608,6,"Cycler 32",0.916667,0.196739,0.333333,0.184487,0
9,9,170.5262,13.6608,7,"Resonant 2to1 Stable",0,0,0,0,0
9,9,170.5262,13.6608,8,"Resonant 2to1 Unstable",0.916667,0.119914,0.121212,0.0800353,0
9,9,170.5262,13.6608,9,"Resonant 3to1 Stable",0.75,0.00511305,0,0.00115427,0
9,9,170.5262,13.6608,10,"Resonant 3to1 Unstable",0.833333,0.0107549,0,0.00446505,0
9,9,170.5262,13.6608,11,"Resonant 5to2 Stable",0.833333,0.00841179,0,0.00456272,0
9,9,170.5262,13.6608,12,"Resonant 5to2 Unstable",0.916667,0.17634,0.242424,0.103658,0
9,9,170.5262,13.6608,13,"Distant Prograde Orbit",0.916667,0.111702,0,0.0833384,0
9,10,170.5262,14.5146,1,"Lyapunov L1",0.916667,0.0856057,0,0.0744046,0
9,10,170.5262,14.5146,2,"Lyapunov L2",0.916667,0.0436501,0,0.0335181,0
9,10,170.5262,14.5146,3,"Cycler 21",0.916667,0.157462,0.0151515,0.134835,0
9,10,170.5262,14.5146,4,"Cycler 11a",0.916667,0.16055,0.212121,0.145777,0
9,10,170.5262,14.5146,5,"Cycler 11b",0.916667,0.153159,0.0909091,0.132971,0
9,10,170.5262,14.5146,6,"Cycler 32",0.916667,0.199274,0.333333,0.188339,0
9,10,170.5262,14.5146,7,"Resonant 2to1 Stable",0,0,0,0,0
9,10,170.5262,14.5146,8,"Resonant 2to1 Unstable",0.916667,0.122537,0.121212,0.0829248,0
9,10,170.5262,14.5146,9,"Resonant 3to1 Stable",0.75,0.00514658,0,0.00115961,0
9,10,170.5262,14.5146,10,"Resonant 3to1 Unstable",0.833333,0.0113763,0,0.00502021,0
9,10,170.5262,14.5146,11,"Resonant 5to2 Stable",0.833333,0.00844084,0,0.00544305,0
9,10,170.5262,14.5146,12,"Resonant 5to2 Unstable",0.916667,0.178221,0.242424,0.105763,0
9,10,170.5262,14.5146,13,"Distant Prograde Orbit",0.916667,0.119364,0,0.0905904,0
9,11,170.5262,15.3684,1,"Lyapunov L1",0.916667,0.088208,0,0.0788693,0
9,11,170.5262,15.3684,2,"Lyapunov L2",0.916667,0.0467341,0,0.0365171,0
9,11,170.5262,15.3684,3,"Cycler 21",0.916667,0.160102,0.0151515,0.138489,0
9,11,170.5262,15.3684,4,"Cycler 11a",0.916667,0.163649,0.212121,0.150106,0
9,11,170.5262,15.3684,5,"Cycler 11b",0.916667,0.155271,0.0909091,0.13564,0
9,11,170.5262,15.3684,6,"Cycler 32",0.916667,0.199431,0.333333,0.189414,0
9,11,170.5262,15.3684,7,"Resonant 2to1 Stable",0,0,0,0,0
9,11,170.5262,15.3684,8,"Resonant 2to1 Unstable",0.916667,0.125275,0.121212,0.0861,0
9,11,170.5262,15.3684,9,"Resonant 3to1 Stable",0.75,0.00526734,0,0.00117407,0
9,11,170.5262,15.3684,10,"Resonant 3to1 Unstable",0.833333,0.0117575,0,0.00601956,0
9,11,170.5262,15.3684,11,"Resonant 5to2 Stable",0.833333,0.00847711,0,0.00562898,0
9,11,170.5262,15.3684,12,"Resonant 5to2 Unstable",0.916667,0.178369,0.242424,0.107955,0
9,11,170.5262,15.3684,13,"Distant Prograde Orbit",0.916667,0.127554,0,0.0986028,0
9,12,170.5262,16.2222,1,"Lyapunov L1",0.916667,0.0935817,0,0.0899321,0
9,12,170.5262,16.2222,2,"Lyapunov L2",0.916667,0.0498752,0,0.0386662,0
9,12,170.5262,16.2222,3,"Cycler 21",0.916667,0.161038,0,0.140313,0
9,12,170.5262,16.2222,4,"Cycler 11a",0.916667,0.165265,0.212121,0.152219,0
9,12,170.5262,16.2222,5,"Cycler 11b",0.916667,0.156126,0.0757576,0.138525,0
9,12,170.5262,16.2222,6,"Cycler 32",0.916667,0.200618,0.348485,0.192503,0
9,12,170.5262,16.2222,7,"Resonant 2to1 Stable",0,0,0,0,0
9,12,170.5262,16.2222,8,"Resonant 2to1 Unstable",0.916667,0.128942,0.121212,0.0910378,0
9,12,170.5262,16.2222,9,"Resonant 3to1 Stable",0.75,0.00545991,0,0.00121156,0
9,12,170.5262,16.2222,10,"Resonant 3to1 Unstable",0.833333,0.0136895,0,0.00802456,0
9,12,170.5262,16.2222,11,"Resonant 5to2 Stable",0.833333,0.0085095,0,0.00594756,0
9,12,170.5262,16.2222,12,"Resonant 5to2 Unstable",0.916667,0.179386,0.121212,0.115477,0
9,12,170.5262,16.2222,13,"Distant Prograde Orbit",0.916667,0.129691,0,0.102258,0
9,13,170.5262,17.0760,1,"Lyapunov L1",0.916667,0.102107,0,0.0968469,0
9,13,170.5262,17.0760,2,"Lyapunov L2",0.916667,0.0552404,0,0.0422012,0
9,13,170.5262,17.0760,3,"Cycler 21",0.916667,0.162108,0,0.140841,0
9,13,170.5262,17.0760,4,"Cycler 11a",0.916667,0.169281,0.212121,0.155874,0
9,13,170.5262,17.0760,5,"Cycler 11b",0.916667,0.158275,0.030303,0.14101,0
9,13,170.5262,17.0760,6,"Cycler 32",0.916667,0.204062,0.333333,0.196035,0
9,13,170.5262,17.0760,7,"Resonant 2to1 Stable",0,0,0,0,0
9,13,170.5262,17.0760,8,"Resonant 2to1 Unstable",0.916667,0.130534,0.121212,0.094148,0
9,13,170.5262,17.0760,9,"Resonant 3to1 Stable",0.833333,0.006017,0,0.00124011,0
9,13,170.5262,17.0760,10,"Resonant 3to1 Unstable",0.916667,0.0181286,0,0.00928799,0
9,13,170.5262,17.0760,11,"Resonant 5to2 Stable",0.833333,0.00852859,0,0.0065187,0
9,13,170.5262,17.0760,12,"Resonant 5to2 Unstable",0.916667,0.182296,0.257576,0.120818,0
9,13,170.5262,17.0760,13,"Distant Prograde Orbit",0.916667,0.134518,0,0.108099,0
9,14,170.5262,17.9298,1,"Lyapunov L1",0.916667,0.10571,0,0.101192,0
9,14,170.5262,17.9298,2,"Lyapunov L2",0.916667,0.0616884,0,0.0484135,0
9,14,170.5262,17.9298,3,"Cycler 21",0.916667,0.163267,0,0.141654,0
9,14,170.5262,17.9298,4,"Cycler 11a",0.916667,0.169681,0.212121,0.157725,0
9,14,170.5262,17.9298,5,"Cycler 11b",0.916667,0.160859,0.030303,0.144686,0
9,14,170.5262,17.9298,6,"Cycler 32",0.916667,0.205998,0.333333,0.198466,0
9,14,170.5262,17.9298,7,"Resonant 2to1 Stable",0,0,0,0,0
9,14,170.5262,17.9298,8,"Resonant 2to1 Unstable",0.916667,0.13077,0.121212,0.0961913,0
9,14,170.5262,17.9298,9,"Resonant 3to1 Stable",0.833333,0.00609006,0,0.00125679,0
9,14,170.5262,17.9298,10,"Resonant 3to1 Unstable",0.916667,0.0192699,0,0.00988426,0
9,14,170.5262,17.9298,11,"Resonant 5to2 Stable",0.833333,0.00854143,0,0.00664582,0
9,14,170.5262,17.9298,12,"Resonant 5to2 Unstable",0.916667,0.183911,0.257576,0.124821,0
9,14,170.5262,17.9298,13,"Distant Prograde Orbit",0.916667,0.136406,0,0.110541,0
9,15,170.5262,18.7836,1,"Lyapunov L1",0.916667,0.10683,0,0.102517,0
9,15,170.5262,18.7836,2,"Lyapunov L2",0.916667,0.0634694,0,0.051448,0
9,15,170.5262,18.7836,3,"Cycler 21",0.916667,0.163595,0,0.145149,0
9,15,170.5262,18.7836,4,"Cycler 11a",0.916667,0.169835,0.227273,0.158005,0
9,15,170.5262,18.7836,5,"Cycler 11b",0.916667,0.161781,0.0151515,0.145858,0
9,15,170.5262,18.7836,6,"Cycler 32",0.916667,0.206537,0.348485,0.199169,0
9,15,170.5262,18.7836,7,"Resonant 2to1 Stable",0,0,0,0,0
9,15,170.5262,18.7836,8,"Resonant 2to1 Unstable",0.916667,0.130896,0.136364,0.0968369,0
9,15,170.5262,18.7836,9,"Resonant 3to1 Stable",0.833333,0.00620044,0,0.00126846,0
9,15,170.5262,18.7836,10,"Resonant 3to1 Unstable",0.916667,0.0198842,0,0.0102806,0
9,15,170.5262,18.7836,11,"Resonant 5to2 Stable",0.833333,0.00854585,0,0.00670734,0
9,15,170.5262,18.7836,12,"Resonant 5to2 Unstable",0.916667,0.184374,0.272727,0.127306,0
9,15,170.5262,18.7836,13,"Distant Prograde Orbit",0.916667,0.137011,0,0.111281,0
9,16,170.5262,19.6374,1,"Lyapunov L1",0.916667,0.114025,0,0.10996,0
9,16,170.5262,19.6374,2,"Lyapunov L2",0.916667,0.0701158,0,0.0573795,0
9,16,170.5262,19.6374,3,"Cycler 21",0.916667,0.165284,0,0.147114,0
9,16,170.5262,19.6374,4,"Cycler 11a",0.916667,0.176785,0.227273,0.165102,0
9,16,170.5262,19.6374,5,"Cycler 11b",0.916667,0.161784,0,0.146047,0
9,16,170.5262,19.6374,6,"Cycler 32",0.916667,0.207017,0.348485,0.199696,0
9,16,170.5262,19.6374,7,"Resonant 2to1 Stable",0,0,0,0,0
9,16,170.5262,19.6374,8,"Resonant 2to1 Unstable",0.916667,0.131713,0.136364,0.0971998,0
9,16,170.5262,19.6374,9,"Resonant 3to1 Stable",0.833333,0.0062027,0,0.00126846,0
9,16,170.5262,19.6374,10,"Resonant 3to1 Unstable",0.916667,0.0199062,0,0.0106317,0
9,16,170.5262,19.6374,11,"Resonant 5to2 Stable",0.833333,0.00858563,0,0.00674219,0
9,16,170.5262,19.6374,12,"Resonant 5to2 Unstable",0.916667,0.184766,0.272727,0.127859,0
9,16,170.5262,19.6374,13,"Distant Prograde Orbit",0.916667,0.137706,0,0.111973,0
9,17,170.5262,20.4912,1,"Lyapunov L1",0.916667,0.115479,0,0.11142,0
9,17,170.5262,20.4912,2,"Lyapunov L2",0.916667,0.0739167,0,0.0601922,0
9,17,170.5262,20.4912,3,"Cycler 21",0.916667,0.16612,0,0.147995,0
9,17,170.5262,20.4912,4,"Cycler 11a",0.916667,0.178817,0.212121,0.16719,0
9,17,170.5262,20.4912,5,"Cycler 11b",0.916667,0.161791,0,0.14605,0
9,17,170.5262,20.4912,6,"Cycler 32",0.916667,0.20776,0.333333,0.200432,0
9,17,170.5262,20.4912,7,"Resonant 2to1 Stable",0,0,0,0,0
9,17,170.5262,20.4912,8,"Resonant 2to1 Unstable",0.916667,0.132131,0.121212,0.0973125,0
9,17,170.5262,20.4912,9,"Resonant 3to1 Stable",0.833333,0.00620579,0,0.00126846,0
9,17,170.5262,20.4912,10,"Resonant 3to1 Unstable",0.916667,0.0199546,0,0.010886,0
9,17,170.5262,20.4912,11,"Resonant 5to2 Stable",0.833333,0.00867869,0,0.00678915,0
9,17,170.5262,20.4912,12,"Resonant 5to2 Unstable",0.916667,0.185366,0.257576,0.128473,0
9,17,170.5262,20.4912,13,"Distant Prograde Orbit",0.916667,0.138276,0,0.113087,0
9,18,170.5262,21.3450,1,"Lyapunov L1",0.916667,0.116587,0,0.111943,0
9,18,170.5262,21.3450,2,"Lyapunov L2",0.916667,0.0794956,0,0.066601,0
9,18,170.5262,21.3450,3,"Cycler 21",0.916667,0.173888,0,0.152434,0
9,18,170.5262,21.3450,4,"Cycler 11a",0.916667,0.186937,0.227273,0.174218,0
9,18,170.5262,21.3450,5,"Cycler 11b",0.916667,0.17071,0,0.150623,0
9,18,170.5262,21.3450,6,"Cycler 32",0.916667,0.26741,0.348485,0.260112,0
9,18,170.5262,21.3450,7,"Resonant 2to1 Stable",0,0,0,0,0
9,18,170.5262,21.3450,8,"Resonant 2to1 Unstable",0.916667,0.135943,0.136364,0.0989093,0
9,18,170.5262,21.3450,9,"Resonant 3to1 Stable",0.833333,0.00623049,0,0.00126846,0
9,18,170.5262,21.3450,10,"Resonant 3to1 Unstable",0.916667,0.0202361,0,0.0110145,0
9,18,170.5262,21.3450,11,"Resonant 5to2 Stable",0.833333,0.00931149,0,0.00693338,0
9,18,170.5262,21.3450,12,"Resonant 5to2 Unstable",0.916667,0.250544,0.272727,0.182347,0
9,18,170.5262,21.3450,13,"Distant Prograde Orbit",0.916667,0.150503,0,0.120983,0
9,19,170.5262,22.1988,1,"Lyapunov L1",0.916667,0.118032,0,0.113338,0
9,19,170.5262,22.1988,2,"Lyapunov L2",0.916667,0.0894324,0,0.07286,0
9,19,170.5262,22.1988,3,"Cycler 21",0.916667,0.180167,0,0.160122,0
9,19,170.5262,22.1988,4,"Cycler 11a",0.916667,0.188649,0.227273,0.176073,0
9,19,170.5262,22.1988,5,"Cycler 11b",0.916667,0.173172,0,0.153629,0
9,19,170.5262,22.1988,6,"Cycler 32",0.916667,0.275626,0.348485,0.268577,0
9,19,170.5262,22.1988,7,"Resonant 2to1 Stable",0,0,0,0,0
9,19,170.5262,22.1988,8,"Resonant 2to1 Unstable",0.916667,0.136784,0.136364,0.104169,0
9,19,170.5262,22.1988,9,"Resonant 3to1 Stable",0.833333,0.00626691,0,0.00127389,0
9,19,170.5262,22.1988,10,"Resonant 3to1 Unstable",0.916667,0.0203956,0,0.0110768,0
9,19,170.5262,22.1988,11,"Resonant 5to2 Stable",0.833333,0.00986981,0,0.00710994,0
9,19,170.5262,22.1988,12,"Resonant 5to2 Unstable",0.916667,0.256931,0.272727,0.183099,0
9,19,170.5262,22.1988,13,"Distant Prograde Orbit",0.916667,0.154434,0,0.12474,0
9,20,170.5262,23.0527,1,"Lyapunov L1",0.916667,0.118926,0,0.114681,0
9,20,170.5262,23.0527,2,"Lyapunov L2",0.916667,0.0919074,0,0.0759014,0
9,20,170.5262,23.0527,3,"Cycler 21",0.916667,0.181167,0,0.161278,0
9,20,170.5262,23.0527,4,"Cycler 11a",0.916667,0.189092,0.227273,0.176587,0
9,20,170.5262,23.0527,5,"Cycler 11b",0.916667,0.175773,0,0.1562,0
9,20,170.5262,23.0527,6,"Cycler 32",0.916667,0.277252,0.348485,0.270378,0
9,20,170.5262,23.0527,7,"Resonant 2to1 Stable",0,0,0,0,0
9,20,170.5262,23.0527,8,"Resonant 2to1 Unstable",0.916667,0.137109,0.136364,0.105108,0
9,20,170.5262,23.0527,9,"Resonant 3to1 Stable",0.833333,0.00627957,0,0.00127515,0
9,20,170.5262,23.0527,10,"Resonant 3to1 Unstable",0.916667,0.0204538,0,0.0111079,0
9,20,170.5262,23.0527,11,"Resonant 5to2 Stable",0.833333,0.0107683,0,0.00745909,0
9,20,170.5262,23.0527,12,"Resonant 5to2 Unstable",0.916667,0.258132,0.272727,0.185297,0
9,20,170.5262,23.0527,13,"Distant Prograde Orbit",0.916667,0.156799,0,0.127007,0
9,21,170.5262,23.9065,1,"Lyapunov L1",0.916667,0.119246,0,0.117329,0
9,21,170.5262,23.9065,2,"Lyapunov L2",0.916667,0.0920865,0,0.0761328,0
9,21,170.5262,23.9065,3,"Cycler 21",0.916667,0.181805,0,0.161954,0
9,21,170.5262,23.9065,4,"Cycler 11a",0.916667,0.196754,0.227273,0.182846,0
9,21,170.5262,23.9065,5,"Cycler 11b",0.916667,0.176423,0,0.157439,0
9,21,170.5262,23.9065,6,"Cycler 32",0.916667,0.283417,0.30303,0.279083,0
9,21,170.5262,23.9065,7,"Resonant 2to1 Stable",0,0,0,0,0
9,21,170.5262,23.9065,8,"Resonant 2to1 Unstable",0.916667,0.140423,0.136364,0.109523,0
9,21,170.5262,23.9065,9,"Resonant 3to1 Stable",0.833333,0.00628731,0,0.00127515,0
9,21,170.5262,23.9065,10,"Resonant 3to1 Unstable",0.916667,0.0205602,0,0.0111079,0
9,21,170.5262,23.9065,11,"Resonant 5to2 Stable",0.833333,0.0112256,0,0.00776139,0
9,21,170.5262,23.9065,12,"Resonant 5to2 Unstable",0.916667,0.263031,0.272727,0.19061,0
9,21,170.5262,23.9065,13,"Distant Prograde Orbit",0.916667,0.158011,0,0.128391,0
9,22,170.5262,24.7603,1,"Lyapunov L1",0.916667,0.120609,0,0.118723,0
9,22,170.5262,24.7603,2,"Lyapunov L2",0.916667,0.0929964,0,0.0771076,0
9,22,170.5262,24.7603,3,"Cycler 21",0.916667,0.181825,0,0.162545,0
9,22,170.5262,24.7603,4,"Cycler 11a",0.916667,0.196776,0.227273,0.182878,0
9,22,170.5262,24.7603,5,"Cycler 11b",0.916667,0.176443,0,0.158033,0
9,22,170.5262,24.7603,6,"Cycler 32",0.916667,0.28386,0.30303,0.279721,0
9,22,170.5262,24.7603,7,"Resonant 2to1 Stable",0,0,0,0,0
9,22,170.5262,24.7603,8,"Resonant 2to1 Unstable",0.916667,0.140446,0.136364,0.109762,0
9,22,170.5262,24.7603,9,"Resonant 3to1 Stable",0.833333,0.00628965,0,0.00127515,0
9,22,170.5262,24.7603,10,"Resonant 3to1 Unstable",0.916667,0.0205921,0,0.0111237,0
9,22,170.5262,24.7603,11,"Resonant 5to2 Stable",0.833333,0.0114129,0,0.00841801,0
9,22,170.5262,24.7603,12,"Resonant 5to2 Unstable",0.916667,0.263831,0.272727,0.192687,0
9,22,170.5262,24.7603,13,"Distant Prograde Orbit",0.916667,0.15881,0,0.129293,0
9,23,170.5262,25.6141,1,"Lyapunov L1",0.916667,0.124165,0,0.122295,0
9,23,170.5262,25.6141,2,"Lyapunov L2",0.916667,0.0942248,0,0.0783141,0
9,23,170.5262,25.6141,3,"Cycler 21",0.916667,0.182719,0,0.163762,0
9,23,170.5262,25.6141,4,"Cycler 11a",0.916667,0.196908,0.242424,0.183046,0
9,23,170.5262,25.6141,5,"Cycler 11b",0.916667,0.176562,0,0.158324,0
9,23,170.5262,25.6141,6,"Cycler 32",0.916667,0.285109,0.30303,0.280925,0
9,23,170.5262,25.6141,7,"Resonant 2to1 Stable",0,0,0,0,0
9,23,170.5262,25.6141,8,"Resonant 2to1 Unstable",0.916667,0.140849,0,0.110487,0
9,23,170.5262,25.6141,9,"Resonant 3to1 Stable",0.833333,0.00629081,0,0.00127515,0
9,23,170.5262,25.6141,10,"Resonant 3to1 Unstable",0.916667,0.0206547,0,0.0111237,0
9,23,170.5262,25.6141,11,"Resonant 5to2 Stable",0.833333,0.0124728,0,0.009092,0
9,23,170.5262,25.6141,12,"Resonant 5to2 Unstable",0.916667,0.264374,0.272727,0.194577,0
9,23,170.5262,25.6141,13,"Distant Prograde Orbit",0.916667,0.159289,0,0.130065,0
9,24,170.5262,26.4679,1,"Lyapunov L1",0.916667,0.124636,0,0.12277,0
9,24,170.5262,26.4679,2,"Lyapunov L2",0.916667,0.0946454,0,0.0787538,0
9,24,170.5262,26.4679,3,"Cycler 21",0.916667,0.18292,0,0.163837,0
9,24,170.5262,26.4679,4,"Cycler 11a",0.916667,0.19713,0.227273,0.183219,0
9,24,170.5262,26.4679,5,"Cycler 11b",0.916667,0.176759,0,0.158507,0
9,24,170.5262,26.4679,6,"Cycler 32",0.916667,0.285306,0.30303,0.281093,0
9,24,170.5262,26.4679,7,"Resonant 2to1 Stable",0,0,0,0,0
9,24,170.5262,26.4679,8,"Resonant 2to1 Unstable",0.916667,0.141166,0.136364,0.110963,0
9,24,170.5262,26.4679,9,"Resonant 3to1 Stable",0.833333,0.00629085,0,0.00127515,0
9,24,170.5262,26.4679,10,"Resonant 3to1 Unstable",0.916667,0.0207328,0,0.0111532,0
9,24,170.5262,26.4679,11,"Resonant 5to2 Stable",0.833333,0.0144503,0,0.010483,0
9,24,170.5262,26.4679,12,"Resonant 5to2 Unstable",0.916667,0.264583,0.272727,0.195134,0
9,24,170.5262,26.4679,13,"Distant Prograde Orbit",0.916667,0.159487,0,0.130178,0
9,25,170.5262,27.3217,1,"Lyapunov L1",0.916667,0.126095,0,0.124326,0
9,25,170.5262,27.3217,2,"Lyapunov L2",0.916667,0.0949439,0,0.0795559,0
9,25,170.5262,27.3217,3,"Cycler 21",0.916667,0.184124,0,0.165048,0
9,25,170.5262,27.3217,4,"Cycler 11a",0.916667,0.197186,0.227273,0.183348,0
9,25,170.5262,27.3217,5,"Cycler 11b",0.916667,0.176808,0,0.158643,0
9,25,170.5262,27.3217,6,"Cycler 32",0.916667,0.288639,0.30303,0.284495,0
9,25,170.5262,27.3217,7,"Resonant 2to1 Stable",0,0,0,0,0
9,25,170.5262,27.3217,8,"Resonant 2to1 Unstable",0.916667,0.141227,0.136364,0.115345,0
9,25,170.5262,27.3217,9,"Resonant 3to1 Stable",0.833333,0.00629244,0,0.00127515,0
9,25,170.5262,27.3217,10,"Resonant 3to1 Unstable",0.916667,0.020769,0,0.0111727,0
9,25,170.5262,27.3217,11,"Resonant 5to2 Stable",0.833333,0.0149225,0,0.0117632,0
9,25,170.5262,27.3217,12,"Resonant 5to2 Unstable",0.916667,0.266846,0.272727,0.197982,0
9,25,170.5262,27.3217,13,"Distant Prograde Orbit",0.916667,0.165054,0,0.135026,0
10,1,185.4473,6.8304,1,"Lyapunov L1",0.833333,0.0435423,0,0.03217,0
10,1,185.4473,6.8304,2,"Lyapunov L2",0.75,0.0106661,0,0.00762786,0
10,1,185.4473,6.8304,3,"Cycler 21",0.833333,0.119164,0.0606061,0.100623,0
10,1,185.4473,6.8304,4,"Cycler 11a",0.916667,0.124138,0.19697,0.114602,0
10,1,185.4473,6.8304,5,"Cycler 11b",0.833333,0.103627,0.106061,0.0899036,0
10,1,185.4473,6.8304,6,"Cycler 32",0.916667,0.08762,0.287879,0.0748327,0
10,1,185.4473,6.8304,7,"Resonant 2to1 Stable",0,0,0,0,0
10,1,185.4473,6.8304,8,"Resonant 2to1 Unstable",0.833333,0.0992082,0.121212,0.0606488,0
10,1,185.4473,6.8304,9,"Resonant 3to1 Stable",0.333333,0.00185033,0,0.000942298,0
10,1,185.4473,6.8304,10,"Resonant 3to1 Unstable",0.75,0.00553671,0,0.00164773,0
10,1,185.4473,6.8304,11,"Resonant 5to2 Stable",0.833333,0.0079134,0,0.00233018,0
10,1,185.4473,6.8304,12,"Resonant 5to2 Unstable",0.916667,0.0505372,0.106061,0.0231028,0
10,1,185.4473,6.8304,13,"Distant Prograde Orbit",0.916667,0.0631718,0,0.0458883,0
10,2,185.4473,7.6842,1,"Lyapunov L1",0.833333,0.0485414,0,0.0363504,0
10,2,185.4473,7.6842,2,"Lyapunov L2",0.833333,0.0136842,0,0.0102055,0
10,2,185.4473,7.6842,3,"Cycler 21",0.916667,0.12406,0.0151515,0.105189,0
10,2,185.4473,7.6842,4,"Cycler 11a",0.916667,0.130415,0.212121,0.120038,0
10,2,185.4473,7.6842,5,"Cycler 11b",0.916667,0.112119,0.0757576,0.0977538,0
10,2,185.4473,7.6842,6,"Cycler 32",0.916667,0.0976332,0.348485,0.084063,0
10,2,185.4473,7.6842,7,"Resonant 2to1 Stable",0,0,0,0,0
10,2,185.4473,7.6842,8,"Resonant 2to1 Unstable",0.916667,0.103331,0.121212,0.0631198,0
10,2,185.4473,7.6842,9,"Resonant 3to1 Stable",0.583333,0.00333685,0,0.000988288,0
10,2,185.4473,7.6842,10,"Resonant 3to1 Unstable",0.833333,0.00613511,0,0.00168078,0
10,2,185.4473,7.6842,11,"Resonant 5to2 Stable",0.833333,0.00802087,0,0.0023566,0
10,2,185.4473,7.6842,12,"Resonant 5to2 Unstable",0.916667,0.0576915,0.121212,0.0271285,0
10,2,185.4473,7.6842,13,"Distant Prograde Orbit",0.916667,0.0714342,0,0.0523746,0
10,3,185.4473,8.5380,1,"Lyapunov L1",0.916667,0.0596698,0,0.0427827,0
10,3,185.4473,8.5380,2,"Lyapunov L2",0.833333,0.0167152,0,0.0127602,0
10,3,185.4473,8.5380,3,"Cycler 21",0.916667,0.129547,0,0.11033,0
10,3,185.4473,8.5380,4,"Cycler 11a",0.916667,0.136016,0.242424,0.124279,0
10,3,185.4473,8.5380,5,"Cycler 11b",0.916667,0.121755,0.151515,0.106649,0
10,3,185.4473,8.5380,6,"Cycler 32",0.916667,0.106894,0.363636,0.0923307,0
10,3,185.4473,8.5380,7,"Resonant 2to1 Stable",0,0,0,0,0
10,3,185.4473,8.5380,8,"Resonant 2to1 Unstable",0.916667,0.106411,0.121212,0.0660343,0
10,3,185.4473,8.5380,9,"Resonant 3to1 Stable",0.666667,0.00397169,0,0.00103024,0
10,3,185.4473,8.5380,10,"Resonant 3to1 Unstable",0.833333,0.00655219,0,0.00174647,0
10,3,185.4473,8.5380,11,"Resonant 5to2 Stable",0.833333,0.00811716,0,0.00237796,0
10,3,185.4473,8.5380,12,"Resonant 5to2 Unstable",0.916667,0.062439,0.121212,0.0291751,0
10,3,185.4473,8.5380,13,"Distant Prograde Orbit",0.916667,0.0789832,0,0.0580992,0
10,4,185.4473,9.3918,1,"Lyapunov L1",0.916667,0.0627996,0,0.0461124,0
10,4,185.4473,9.3918,2,"Lyapunov L2",0.833333,0.0192495,0,0.0149764,0
10,4,185.4473,9.3918,3,"Cycler 21",0.916667,0.132813,0,0.114371,0
10,4,185.4473,9.3918,4,"Cycler 11a",0.916667,0.140156,0.212121,0.128374,0
10,4,185.4473,9.3918,5,"Cycler 11b",0.916667,0.127841,0.121212,0.111786,0
10,4,185.4473,9.3918,6,"Cycler 32",0.916667,0.114449,0.363636,0.10019,0
10,4,185.4473,9.3918,7,"Resonant 2to1 Stable",0,0,0,0,0
10,4,185.4473,9.3918,8,"Resonant 2to1 Unstable",0.916667,0.108779,0.121212,0.0694817,0
10,4,185.4473,9.3918,9,"Resonant 3to1 Stable",0.666667,0.00413777,0,0.00107318,0
10,4,185.4473,9.3918,10,"Resonant 3to1 Unstable",0.833333,0.00682963,0,0.0017879,0
10,4,185.4473,9.3918,11,"Resonant 5to2 Stable",0.833333,0.00817914,0,0.00239226,0
10,4,185.4473,9.3918,12,"Resonant 5to2 Unstable",0.916667,0.0709807,0.227273,0.033138,0
10,4,185.4473,9.3918,13,"Distant Prograde Orbit",0.916667,0.0875698,0.0454545,0.0660176,0
10,5,185.4473,10.2456,1,"Lyapunov L1",0.916667,0.0644135,0,0.0475394,0
10,5,185.4473,10.2456,2,"Lyapunov L2",0.916667,0.0226201,0,0.017473,0
10,5,185.4473,10.2456,3,"Cycler 21",0.916667,0.135081,0,0.11507,0
10,5,185.4473,10.2456,4,"Cycler 11a",0.916667,0.143992,0.212121,0.130147,0
10,5,185.4473,10.2456,5,"Cycler 11b",0.916667,0.131559,0.121212,0.113772,0
10,5,185.4473,10.2456,6,"Cycler 32",0.916667,0.126153,0.378788,0.112542,0
10,5,185.4473,10.2456,7,"Resonant 2to1 Stable",0,0,0,0,0
10,5,185.4473,10.2456,8,"Resonant 2to1 Unstable",0.916667,0.111454,0.121212,0.0707474,0
10,5,185.4473,10.2456,9,"Resonant 3to1 Stable",0.75,0.00473082,0,0.00109472,0
10,5,185.4473,10.2456,10,"Resonant 3to1 Unstable",0.833333,0.0070289,0,0.00205311,0
10,5,185.4473,10.2456,11,"Resonant 5to2 Stable",0.833333,0.00824175,0,0.00240689,0
10,5,185.4473,10.2456,12,"Resonant 5to2 Unstable",0.916667,0.0909958,0.242424,0.043251,0
10,5,185.4473,10.2456,13,"Distant Prograde Orbit",0.916667,0.0929997,0,0.068361,0
10,6,185.4473,11.0994,1,"Lyapunov L1",0.916667,0.0654323,0,0.0495952,0
10,6,185.4473,11.0994,2,"Lyapunov L2",0.916667,0.0232581,0,0.0178661,0
10,6,185.4473,11.0994,3,"Cycler 21",0.916667,0.138136,0,0.115078,0
10,6,185.4473,11.0994,4,"Cycler 11a",0.916667,0.147689,0.212121,0.131161,0
10,6,185.4473,11.0994,5,"Cycler 11b",0.916667,0.134557,0.121212,0.113913,0
10,6,185.4473,11.0994,6,"Cycler 32",0.916667,0.181349,0.378788,0.168104,0
10,6,185.4473,11.0994,7,"Resonant 2to1 Stable",0,0,0,0,0
10,6,185.4473,11.0994,8,"Resonant 2to1 Unstable",0.916667,0.113619,0.121212,0.0721693,0
10,6,185.4473,11.0994,9,"Resonant 3to1 Stable",0.75,0.00488684,0,0.00112163,0
10,6,185.4473,11.0994,10,"Resonant 3to1 Unstable",0.833333,0.00720176,0,0.00264421,0
10,6,185.4473,11.0994,11,"Resonant 5to2 Stable",0.833333,0.00827383,0,0.00241855,0
10,6,185.4473,11.0994,12,"Resonant 5to2 Unstable",0.916667,0.164864,0.242424,0.0987145,0
10,6,185.4473,11.0994,13,"Distant Prograde Orbit",0.916667,0.10061,0,0.0699101,0
10,7,185.4473,11.9532,1,"Lyapunov L1",0.916667,0.0658684,0,0.0531951,0
10,7,185.4473,11.9532,2,"Lyapunov L2",0.916667,0.0274056,0,0.0207196,0
10,7,185.4473,11.9532,3,"Cycler 21",0.916667,0.13867,0,0.116328,0
10,7,185.4473,11.9532,4,"Cycler 11a",0.916667,0.148322,0.212121,0.132393,0
10,7,185.4473,11.9532,5,"Cycler 11b",0.916667,0.135038,0.121212,0.114619,0
10,7,185.4473,11.9532,6,"Cycler 32",0.916667,0.182153,0.378788,0.170519,0
10,7,185.4473,11.9532,7,"Resonant 2to1 Stable",0,0,0,0,0
10,7,185.4473,11.9532,8,"Resonant 2to1 Unstable",0.916667,0.114261,0.121212,0.0734858,0
10,7,185.4473,11.9532,9,"Resonant 3to1 Stable",0.75,0.00496738,0,0.00114031,0
10,7,185.4473,11.9532,10,"Resonant 3to1 Unstable",0.833333,0.00811623,0,0.00277656,0
10,7,185.4473,11.9532,11,"Resonant 5to2 Stable",0.833333,0.00831263,0,0.00336931,0
10,7,185.4473,11.9532,12,"Resonant 5to2 Unstable",0.916667,0.165621,0.242424,0.10003,0
10,7,185.4473,11.9532,13,"Distant Prograde Orbit",0.916667,0.101357,0,0.0711185,0
10,8,185.4473,12.8070,1,"Lyapunov L1",0.916667,0.074988,0,0.0607093,0
10,8,185.4473,12.8070,2,"Lyapunov L2",0.916667,0.0328734,0,0.0249406,0
10,8,185.4473,12.8070,3,"Cycler 21",0.916667,0.142385,0,0.120098,0
10,8,185.4473,12.8070,4,"Cycler 11a",0.916667,0.153109,0.212121,0.136359,0
10,8,185.4473,12.8070,5,"Cycler 11b",0.916667,0.141287,0.121212,0.121885,0
10,8,185.4473,12.8070,6,"Cycler 32",0.916667,0.186991,0.378788,0.175308,0
10,8,185.4473,12.8070,7,"Resonant 2to1 Stable",0,0,0,0,0
10,8,185.4473,12.8070,8,"Resonant 2to1 Unstable",0.916667,0.116856,0.121212,0.0767474,0
10,8,185.4473,12.8070,9,"Resonant 3to1 Stable",0.75,0.00504969,0,0.00114805,0
10,8,185.4473,12.8070,10,"Resonant 3to1 Unstable",0.833333,0.00929211,0,0.00314499,0
10,8,185.4473,12.8070,11,"Resonant 5to2 Stable",0.833333,0.00836529,0,0.00523588,0
10,8,185.4473,12.8070,12,"Resonant 5to2 Unstable",0.916667,0.169337,0.242424,0.10179,0
10,8,185.4473,12.8070,13,"Distant Prograde Orbit",0.916667,0.105644,0,0.0772801,0
10,9,185.4473,13.6608,1,"Lyapunov L1",0.916667,0.0814011,0,0.0678775,0
10,9,185.4473,13.6608,2,"Lyapunov L2",0.916667,0.0398415,0,0.0301902,0
10,9,185.4473,13.6608,3,"Cycler 21",0.916667,0.1526,0,0.12955,0
10,9,185.4473,13.6608,4,"Cycler 11a",0.916667,0.157145,0.212121,0.141927,0
10,9,185.4473,13.6608,5,"Cycler 11b",0.916667,0.149702,0.106061,0.129093,0
10,9,185.4473,13.6608,6,"Cycler 32",0.916667,0.196739,0.333333,0.185072,0
10,9,185.4473,13.6608,7,"Resonant 2to1 Stable",0,0,0,0,0
10,9,185.4473,13.6608,8,"Resonant 2to1 Unstable",0.916667,0.119914,0.121212,0.0800353,0
10,9,185.4473,13.6608,9,"Resonant 3to1 Stable",0.75,0.00511305,0,0.00115427,0
10,9,185.4473,13.6608,10,"Resonant 3to1 Unstable",0.833333,0.0107549,0,0.00446505,0
10,9,185.4473,13.6608,11,"Resonant 5to2 Stable",0.833333,0.00841179,0,0.00564311,0
10,9,185.4473,13.6608,12,"Resonant 5to2 Unstable",0.916667,0.17634,0.242424,0.103737,0
10,9,185.4473,13.6608,13,"Distant Prograde Orbit",0.916667,0.111702,0,0.0833384,0
10,10,185.4473,14.5146,1,"Lyapunov L1",0.916667,0.0856057,0,0.074511,0
10,10,185.4473,14.5146,2,"Lyapunov L2",0.916667,0.0436501,0,0.0335181,0
10,10,185.4473,14.5146,3,"Cycler 21",0.916667,0.157462,0.0151515,0.13496,0
10,10,185.4473,14.5146,4,"Cycler 11a",0.916667,0.16055,0.212121,0.145777,0
10,10,185.4473,14.5146,5,"Cycler 11b",0.916667,0.153159,0.0909091,0.133095,0
10,10,185.4473,14.5146,6,"Cycler 32",0.916667,0.199274,0.333333,0.188407,0
10,10,185.4473,14.5146,7,"Resonant 2to1 Stable",0,0,0,0,0
10,10,185.4473,14.5146,8,"Resonant 2to1 Unstable",0.916667,0.122537,0.121212,0.0829248,0
10,10,185.4473,14.5146,9,"Resonant 3to1 Stable",0.75,0.00514658,0,0.00117157,0
10,10,185.4473,14.5146,10,"Resonant 3to1 Unstable",0.833333,0.0113763,0,0.00502021,0
10,10,185.4473,14.5146,11,"Resonant 5to2 Stable",0.833333,0.00844084,0,0.00641109,0
10,10,185.4473,14.5146,12,"Resonant 5to2 Unstable",0.916667,0.178221,0.242424,0.105844,0
10,10,185.4473,14.5146,13,"Distant Prograde Orbit",0.916667,0.119364,0,0.0910665,0
10,11,185.4473,15.3684,1,"Lyapunov L1",0.916667,0.088208,0,0.079467,0
10,11,185.4473,15.3684,2,"Lyapunov L2",0.916667,0.0467341,0,0.0365171,0
10,11,185.4473,15.3684,3,"Cycler 21",0.916667,0.160102,0.0151515,0.138582,0
10,11,185.4473,15.3684,4,"Cycler 11a",0.916667,0.163649,0.212121,0.150106,0
10,11,185.4473,15.3684,5,"Cycler 11b",0.916667,0.155271,0.0909091,0.135786,0
10,11,185.4473,15.3684,6,"Cycler 32",0.916667,0.199431,0.333333,0.18955,0
10,11,185.4473,15.3684,7,"Resonant 2to1 Stable",0,0,0,0,0
10,11,185.4473,15.3684,8,"Resonant 2to1 Unstable",0.916667,0.125275,0.121212,0.0861,0
10,11,185.4473,15.3684,9,"Resonant 3to1 Stable",0.75,0.00526734,0,0.00119961,0
10,11,185.4473,15.3684,10,"Resonant 3to1 Unstable",0.833333,0.0117575,0,0.00649962,0
10,11,185.4473,15.3684,11,"Resonant 5to2 Stable",0.833333,0.00847711,0,0.00670325,0
10,11,185.4473,15.3684,12,"Resonant 5to2 Unstable",0.916667,0.178369,0.242424,0.108,0
10,11,185.4473,15.3684,13,"Distant Prograde Orbit",0.916667,0.127554,0,0.0991638,0
10,12,185.4473,16.2222,1,"Lyapunov L1",0.916667,0.0935817,0,0.0900098,0
10,12,185.4473,16.2222,2,"Lyapunov L2",0.916667,0.0498752,0,0.0386662,0
10,12,185.4473,16.2222,3,"Cycler 21",0.916667,0.161038,0,0.140362,0
10,12,185.4473,16.2222,4,"Cycler 11a",0.916667,0.165265,0.212121,0.152219,0
10,12,185.4473,16.2222,5,"Cycler 11b",0.916667,0.156126,0.0757576,0.138629,0
10,12,185.4473,16.2222,6,"Cycler 32",0.916667,0.200618,0.363636,0.192573,0
10,12,185.4473,16.2222,7,"Resonant 2to1 Stable",0,0,0,0,0
10,12,185.4473,16.2222,8,"Resonant 2to1 Unstable",0.916667,0.128942,0.121212,0.0910378,0
10,12,185.4473,16.2222,9,"Resonant 3to1 Stable",0.833333,0.00590975,0,0.00123849,0
10,12,185.4473,16.2222,10,"Resonant 3to1 Unstable",0.916667,0.0141393,0,0.00802456,0
10,12,185.4473,16.2222,11,"Resonant 5to2 Stable",0.833333,0.0085095,0,0.00679453,0
10,12,185.4473,16.2222,12,"Resonant 5to2 Unstable",0.916667,0.179386,0.136364,0.115479,0
10,12,185.4473,16.2222,13,"Distant Prograde Orbit",0.916667,0.129691,0,0.102829,0
10,13,185.4473,17.0760,1,"Lyapunov L1",0.916667,0.102107,0,0.0969011,0
10,13,185.4473,17.0760,2,"Lyapunov L2",0.916667,0.0552404,0,0.0422012,0
10,13,185.4473,17.0760,3,"Cycler 21",0.916667,0.162108,0,0.140919,0
10,13,185.4473,17.0760,4,"Cycler 11a",0.916667,0.169281,0.212121,0.155874,0
10,13,185.4473,17.0760,5,"Cycler 11b",0.916667,0.158275,0.030303,0.141095,0
10,13,185.4473,17.0760,6,"Cycler 32",0.916667,0.204062,0.333333,0.196088,0
10,13,185.4473,17.0760,7,"Resonant 2to1 Stable",0,0,0,0,0
10,13,185.4473,17.0760,8,"Resonant 2to1 Unstable",0.916667,0.130534,0.121212,0.094148,0
10,13,185.4473,17.0760,9,"Resonant 3to1 Stable",0.833333,0.006017,0,0.00124488,0
10,13,185.4473,17.0760,10,"Resonant 3to1 Unstable",0.916667,0.0181286,0,0.00928799,0
10,13,185.4473,17.0760,11,"Resonant 5to2 Stable",0.833333,0.00852859,0,0.00692102,0
10,13,185.4473,17.0760,12,"Resonant 5to2 Unstable",0.916667,0.182296,0.257576,0.120821,0
10,13,185.4473,17.0760,13,"Distant Prograde Orbit",0.916667,0.134518,0,0.108233,0
10,14,185.4473,17.9298,1,"Lyapunov L1",0.916667,0.10571,0,0.101226,0
10,14,185.4473,17.9298,2,"Lyapunov L2",0.916667,0.0616884,0,0.0484135,0
10,14,185.4473,17.9298,3,"Cycler 21",0.916667,0.163267,0,0.141715,0
10,14,185.4473,17.9298,4,"Cycler 11a",0.916667,0.169681,0.212121,0.157725,0
10,14,185.4473,17.9298,5,"Cycler 11b",0.916667,0.160859,0.030303,0.144768,0
10,14,185.4473,17.9298,6,"Cycler 32",0.916667,0.205998,0.333333,0.198567,0
10,14,185.4473,17.9298,7,"Resonant 2to1 Stable",0,0,0,0,0
10,14,185.4473,17.9298,8,"Resonant 2to1 Unstable",0.916667,0.13077,0.121212,0.0961913,0
10,14,185.4473,17.9298,9,"Resonant 3to1 Stable",0.833333,0.00609006,0,0.00125679,0
10,14,185.4473,17.9298,10,"Resonant 3to1 Unstable",0.916667,0.0192699,0,0.00988426,0
10,14,185.4473,17.9298,11,"Resonant 5to2 Stable",0.833333,0.00854143,0,0.00710696,0
10,14,185.4473,17.9298,12,"Resonant 5to2 Unstable",0.916667,0.183911,0.257576,0.124841,0
10,14,185.4473,17.9298,13,"Distant Prograde Orbit",0.916667,0.136406,0,0.110705,0
10,15,185.4473,18.7836,1,"Lyapunov L1",0.916667,0.10683,0,0.102613,0
10,15,185.4473,18.7836,2,"Lyapunov L2",0.916667,0.0634694,0,0.051448,0
10,15,185.4473,18.7836,3,"Cycler 21",0.916667,0.163595,0,0.145238,0
10,15,185.4473,18.7836,4,"Cycler 11a",0.916667,0.169835,0.227273,0.158005,0
10,15,185.4473,18.7836,5,"Cycler 11b",0.916667,0.161781,0.0151515,0.145964,0
10,15,185.4473,18.7836,6,"Cycler 32",0.916667,0.206537,0.348485,0.199314,0
10,15,185.4473,18.7836,7,"Resonant 2to1 Stable",0,0,0,0,0
10,15,185.4473,18.7836,8,"Resonant 2to1 Unstable",0.916667,0.130896,0.136364,0.0968369,0
10,15,185.4473,18.7836,9,"Resonant 3to1 Stable",0.833333,0.00620044,0,0.00126846,0
10,15,185.4473,18.7836,10,"Resonant 3to1 Unstable",0.916667,0.0198842,0,0.0102806,0
10,15,185.4473,18.7836,11,"Resonant 5to2 Stable",0.833333,0.00854585,0,0.00735836,0
10,15,185.4473,18.7836,12,"Resonant 5to2 Unstable",0.916667,0.184374,0.272727,0.127351,0
10,15,185.4473,18.7836,13,"Distant Prograde Orbit",0.916667,0.137011,0,0.111452,0
10,16,185.4473,19.6374,1,"Lyapunov L1",0.916667,0.114029,0,0.11006,0
10,16,185.4473,19.6374,2,"Lyapunov L2",0.916667,0.0701191,0,0.0573795,0
10,16,185.4473,19.6374,3,"Cycler 21",0.916667,0.165288,0,0.147211,0
10,16,185.4473,19.6374,4,"Cycler 11a",0.916667,0.176789,0.227273,0.165105,0
10,16,185.4473,19.6374,5,"Cycler 11b",0.916667,0.161788,0,0.146165,0
10,16,185.4473,19.6374,6,"Cycler 32",0.916667,0.207021,0.348485,0.199848,0
10,16,185.4473,19.6374,7,"Resonant 2to1 Stable",0,0,0,0,0
10,16,185.4473,19.6374,8,"Resonant 2to1 Unstable",0.916667,0.131717,0.136364,0.097204,0
10,16,185.4473,19.6374,9,"Resonant 3to1 Stable",0.833333,0.0062027,0,0.00126846,0
10,16,185.4473,19.6374,10,"Resonant 3to1 Unstable",0.916667,0.0199081,0,0.0106317,0
10,16,185.4473,19.6374,11,"Resonant 5to2 Stable",0.833333,0.00862163,0,0.00747184,0
10,16,185.4473,19.6374,12,"Resonant 5to2 Unstable",0.916667,0.18477,0.272727,0.127896,0
10,16,185.4473,19.6374,13,"Distant Prograde Orbit",0.916667,0.137709,0,0.112192,0
10,17,185.4473,20.4912,1,"Lyapunov L1",0.916667,0.115482,0,0.111519,0
10,17,185.4473,20.4912,2,"Lyapunov L2",0.916667,0.0739195,0,0.0606779,0
10,17,185.4473,20.4912,3,"Cycler 21",0.916667,0.166124,0,0.148106,0
10,17,185.4473,20.4912,4,"Cycler 11a",0.916667,0.17882,0.212121,0.167195,0
10,17,185.4473,20.4912,5,"Cycler 11b",0.916667,0.161794,0,0.146194,0
10,17,185.4473,20.4912,6,"Cycler 32",0.916667,0.207763,0.333333,0.200589,0
10,17,185.4473,20.4912,7,"Resonant 2to1 Stable",0,0,0,0,0
10,17,185.4473,20.4912,8,"Resonant 2to1 Unstable",0.916667,0.132135,0.121212,0.097316,0
10,17,185.4473,20.4912,9,"Resonant 3to1 Stable",0.833333,0.00620579,0,0.00126846,0
10,17,185.4473,20.4912,10,"Resonant 3to1 Unstable",0.916667,0.0199546,0,0.010886,0
10,17,185.4473,20.4912,11,"Resonant 5to2 Stable",0.833333,0.00870664,0,0.00805627,0
10,17,185.4473,20.4912,12,"Resonant 5to2 Unstable",0.916667,0.185369,0.257576,0.128511,0
10,17,185.4473,20.4912,13,"Distant Prograde Orbit",0.916667,0.138279,0,0.113311,0
10,18,185.4473,21.3450,1,"Lyapunov L1",0.916667,0.116587,0,0.112039,0
10,18,185.4473,21.3450,2,"Lyapunov L2",0.916667,0.0794956,0,0.0672246,0
10,18,185.4473,21.3450,3,"Cycler 21",0.916667,0.173888,0,0.152557,0
10,18,185.4473,21.3450,4,"Cycler 11a",0.916667,0.186937,0.227273,0.174218,0
10,18,185.4473,21.3450,5,"Cycler 11b",0.916667,0.17071,0,0.150773,0
10,18,185.4473,21.3450,6,"Cycler 32",0.916667,0.26741,0.348485,0.260269,0
10,18,185.4473,21.3450,7,"Resonant 2to1 Stable",0,0,0,0,0
10,18,185.4473,21.3450,8,"Resonant 2to1 Unstable",0.916667,0.135943,0.136364,0.0989093,0
10,18,185.4473,21.3450,9,"Resonant 3to1 Stable",0.833333,0.00623049,0,0.00127344,0
10,18,185.4473,21.3450,10,"Resonant 3to1 Unstable",0.916667,0.0202361,0,0.0110145,0
10,18,185.4473,21.3450,11,"Resonant 5to2 Stable",0.833333,0.00931149,0,0.0084008,0
10,18,185.4473,21.3450,12,"Resonant 5to2 Unstable",0.916667,0.250544,0.272727,0.182387,0
10,18,185.4473,21.3450,13,"Distant Prograde Orbit",0.916667,0.150503,0,0.121265,0
10,19,185.4473,22.1988,1,"Lyapunov L1",0.916667,0.118032,0,0.113446,0
10,19,185.4473,22.1988,2,"Lyapunov L2",0.916667,0.0894324,0,0.0735575,0
10,19,185.4473,22.1988,3,"Cycler 21",0.916667,0.180167,0,0.160213,0
10,19,185.4473,22.1988,4,"Cycler 11a",0.916667,0.188649,0.227273,0.176073,0
10,19,185.4473,22.1988,5,"Cycler 11b",0.916667,0.173172,0,0.153781,0
10,19,185.4473,22.1988,6,"Cycler 32",0.916667,0.275626,0.348485,0.268766,0
10,19,185.4473,22.1988,7,"Resonant 2to1 Stable",0,0,0,0,0
10,19,185.4473,22.1988,8,"Resonant 2to1 Unstable",0.916667,0.136784,0.136364,0.104169,0
10,19,185.4473,22.1988,9,"Resonant 3to1 Stable",0.833333,0.00626691,0,0.00127607,0
10,19,185.4473,22.1988,10,"Resonant 3to1 Unstable",0.916667,0.0203956,0,0.0110768,0
10,19,185.4473,22.1988,11,"Resonant 5to2 Stable",0.833333,0.00986981,0,0.00865042,0
10,19,185.4473,22.1988,12,"Resonant 5to2 Unstable",0.916667,0.256931,0.272727,0.183141,0
10,19,185.4473,22.1988,13,"Distant Prograde Orbit",0.916667,0.154434,0,0.125003,0
10,20,185.4473,23.0527,1,"Lyapunov L1",0.916667,0.118926,0,0.114788,0
10,20,185.4473,23.0527,2,"Lyapunov L2",0.916667,0.0919074,0,0.0765989,0
10,20,185.4473,23.0527,3,"Cycler 21",0.916667,0.181167,0,0.161368,0
10,20,185.4473,23.0527,4,"Cycler 11a",0.916667,0.189092,0.227273,0.176587,0
10,20,185.4473,23.0527,5,"Cycler 11b",0.916667,0.175773,0,0.156335,0
10,20,185.4473,23.0527,6,"Cycler 32",0.916667,0.277252,0.348485,0.270494,0
10,20,185.4473,23.0527,7,"Resonant 2to1 Stable",0,0,0,0,0
10,20,185.4473,23.0527,8,"Resonant 2to1 Unstable",0.916667,0.137109,0.136364,0.105108,0
10,20,185.4473,23.0527,9,"Resonant 3to1 Stable",0.833333,0.00627957,0,0.00127733,0
10,20,185.4473,23.0527,10,"Resonant 3to1 Unstable",0.916667,0.0204538,0,0.0111079,0
10,20,185.4473,23.0527,11,"Resonant 5to2 Stable",0.833333,0.0107683,0,0.00891433,0
10,20,185.4473,23.0527,12,"Resonant 5to2 Unstable",0.916667,0.258132,0.272727,0.18534,0
10,20,185.4473,23.0527,13,"Distant Prograde Orbit",0.916667,0.156799,0,0.127275,0
10,21,185.4473,23.9065,1,"Lyapunov L1",0.916667,0.119246,0,0.117386,0
10,21,185.4473,23.9065,2,"Lyapunov L2",0.916667,0.0920865,0,0.0768303,0
10,21,185.4473,23.9065,3,"Cycler 21",0.916667,0.181805,0,0.162042,0
10,21,185.4473,23.9065,4,"Cycler 11a",0.916667,0.196754,0.227273,0.182846,0
10,21,185.4473,23.9065,5,"Cycler 11b",0.916667,0.176423,0,0.157489,0
10,21,185.4473,23.9065,6,"Cycler 32",0.916667,0.283417,0.30303,0.279199,0
10,21,185.4473,23.9065,7,"Resonant 2to1 Stable",0,0,0,0,0
10,21,185.4473,23.9065,8,"Resonant 2to1 Unstable",0.916667,0.140423,0.136364,0.109523,0
10,21,185.4473,23.9065,9,"Resonant 3to1 Stable",0.833333,0.00628731,0,0.00127733,0
10,21,185.4473,23.9065,10,"Resonant 3to1 Unstable",0.916667,0.0205602,0,0.0111079,0
10,21,185.4473,23.9065,11,"Resonant 5to2 Stable",0.833333,0.0112256,0,0.00905488,0
10,21,185.4473,23.9065,12,"Resonant 5to2 Unstable",0.916667,0.263031,0.272727,0.190696,0
10,21,185.4473,23.9065,13,"Distant Prograde Orbit",0.916667,0.158011,0,0.128593,0
10,22,185.4473,24.7603,1,"Lyapunov L1",0.916667,0.120609,0,0.118723,0
10,22,185.4473,24.7603,2,"Lyapunov L2",0.916667,0.0929964,0,0.0778051,0
10,22,185.4473,24.7603,3,"Cycler 21",0.916667,0.181825,0,0.162545,0
10,22,185.4473,24.7603,4,"Cycler 11a",0.916667,0.196776,0.227273,0.182878,0
10,22,185.4473,24.7603,5,"Cycler 11b",0.916667,0.176443,0,0.158033,0
10,22,185.4473,24.7603,6,"Cycler 32",0.916667,0.28386,0.30303,0.279723,0
10,22,185.4473,24.7603,7,"Resonant 2to1 Stable",0,0,0,0,0
10,22,185.4473,24.7603,8,"Resonant 2to1 Unstable",0.916667,0.140446,0.136364,0.109762,0
10,22,185.4473,24.7603,9,"Resonant 3to1 Stable",0.916667,0.00674441,0,0.00173209,0
10,22,185.4473,24.7603,10,"Resonant 3to1 Unstable",0.916667,0.0205921,0,0.0111237,0
10,22,185.4473,24.7603,11,"Resonant 5to2 Stable",0.916667,0.0118677,0,0.00979962,0
10,22,185.4473,24.7603,12,"Resonant 5to2 Unstable",0.916667,0.263831,0.272727,0.192715,0
10,22,185.4473,24.7603,13,"Distant Prograde Orbit",0.916667,0.15881,0,0.129495,0
10,23,185.4473,25.6141,1,"Lyapunov L1",0.916667,0.124165,0,0.122295,0
10,23,185.4473,25.6141,2,"Lyapunov L2",0.916667,0.0942248,0,0.0790116,0
10,23,185.4473,25.6141,3,"Cycler 21",0.916667,0.182719,0,0.163762,0
10,23,185.4473,25.6141,4,"Cycler 11a",0.916667,0.196908,0.242424,0.183046,0
10,23,185.4473,25.6141,5,"Cycler 11b",0.916667,0.176562,0,0.158324,0
10,23,185.4473,25.6141,6,"Cycler 32",0.916667,0.285109,0.30303,0.280927,0
10,23,185.4473,25.6141,7,"Resonant 2to1 Stable",0,0,0,0,0
10,23,185.4473,25.6141,8,"Resonant 2to1 Unstable",0.916667,0.140849,0,0.110487,0
10,23,185.4473,25.6141,9,"Resonant 3to1 Stable",0.916667,0.00674837,0,0.00173489,0
10,23,185.4473,25.6141,10,"Resonant 3to1 Unstable",0.916667,0.0206547,0,0.0111237,0
10,23,185.4473,25.6141,11,"Resonant 5to2 Stable",0.916667,0.0129304,0,0.0104489,0
10,23,185.4473,25.6141,12,"Resonant 5to2 Unstable",0.916667,0.264374,0.272727,0.194577,0
10,23,185.4473,25.6141,13,"Distant Prograde Orbit",0.916667,0.159289,0,0.130266,0
10,24,185.4473,26.4679,1,"Lyapunov L1",0.916667,0.124636,0,0.12277,0
10,24,185.4473,26.4679,2,"Lyapunov L2",0.916667,0.0946454,0,0.0794513,0
10,24,185.4473,26.4679,3,"Cycler 21",0.916667,0.18292,0,0.163837,0
10,24,185.4473,26.4679,4,"Cycler 11a",0.916667,0.19713,0.227273,0.183219,0
10,24,185.4473,26.4679,5,"Cycler 11b",0.916667,0.176759,0,0.158507,0
10,24,185.4473,26.4679,6,"Cycler 32",0.916667,0.285306,0.30303,0.281095,0
10,24,185.4473,26.4679,7,"Resonant 2to1 Stable",0,0,0,0,0
10,24,185.4473,26.4679,8,"Resonant 2to1 Unstable",0.916667,0.141166,0.136364,0.110963,0
10,24,185.4473,26.4679,9,"Resonant 3to1 Stable",0.916667,0.00674841,0,0.00173489,0
10,24,185.4473,26.4679,10,"Resonant 3to1 Unstable",0.916667,0.0207328,0,0.0111532,0
10,24,185.4473,26.4679,11,"Resonant 5to2 Stable",0.916667,0.0149078,0,0.0117266,0
10,24,185.4473,26.4679,12,"Resonant 5to2 Unstable",0.916667,0.264583,0.272727,0.195134,0
10,24,185.4473,26.4679,13,"Distant Prograde Orbit",0.916667,0.159487,0,0.130266,0
10,25,185.4473,27.3217,1,"Lyapunov L1",0.916667,0.126095,0,0.124326,0
10,25,185.4473,27.3217,2,"Lyapunov L2",0.916667,0.0949439,0,0.0797203,0
10,25,185.4473,27.3217,3,"Cycler 21",0.916667,0.184124,0,0.165048,0
10,25,185.4473,27.3217,4,"Cycler 11a",0.916667,0.197186,0.242424,0.183348,0
10,25,185.4473,27.3217,5,"Cycler 11b",0.916667,0.176808,0,0.158643,0
10,25,185.4473,27.3217,6,"Cycler 32",0.916667,0.288639,0.318182,0.284497,0
10,25,185.4473,27.3217,7,"Resonant 2to1 Stable",0,0,0,0,0
10,25,185.4473,27.3217,8,"Resonant 2to1 Unstable",0.916667,0.141227,0.151515,0.115345,0
10,25,185.4473,27.3217,9,"Resonant 3to1 Stable",0.916667,0.00675337,0,0.00173489,0
10,25,185.4473,27.3217,10,"Resonant 3to1 Unstable",0.916667,0.020769,0,0.0111727,0
10,25,185.4473,27.3217,11,"Resonant 5to2 Stable",0.916667,0.0153834,0,0.0124326,0
10,25,185.4473,27.3217,12,"Resonant 5to2 Unstable",0.916667,0.266846,0.287879,0.197982,0
10,25,185.4473,27.3217,13,"Distant Prograde Orbit",0.916667,0.165054,0,0.135073,0
11,1,200.3683,6.8304,1,"Lyapunov L1",0.916667,0.0439703,0,0.03217,0
11,1,200.3683,6.8304,2,"Lyapunov L2",0.833333,0.0111042,0,0.00762786,0
11,1,200.3683,6.8304,3,"Cycler 21",0.916667,0.119612,0.0606061,0.100623,0
11,1,200.3683,6.8304,4,"Cycler 11a",0.916667,0.124138,0.212121,0.114602,0
11,1,200.3683,6.8304,5,"Cycler 11b",0.916667,0.104076,0.121212,0.0899036,0
11,1,200.3683,6.8304,6,"Cycler 32",0.916667,0.08762,0.363636,0.0748358,0
11,1,200.3683,6.8304,7,"Resonant 2to1 Stable",0,0,0,0,0
11,1,200.3683,6.8304,8,"Resonant 2to1 Unstable",0.916667,0.0996561,0.121212,0.0606488,0
11,1,200.3683,6.8304,9,"Resonant 3to1 Stable",0.75,0.00407106,0,0.00138946,0
11,1,200.3683,6.8304,10,"Resonant 3to1 Unstable",0.833333,0.00597475,0,0.00165088,0
11,1,200.3683,6.8304,11,"Resonant 5to2 Stable",0.916667,0.00836056,0,0.00277734,0
11,1,200.3683,6.8304,12,"Resonant 5to2 Unstable",0.916667,0.0505372,0.121212,0.0231028,0
11,1,200.3683,6.8304,13,"Distant Prograde Orbit",0.916667,0.0631718,0,0.0458883,0
11,2,200.3683,7.6842,1,"Lyapunov L1",0.916667,0.0489938,0,0.0363504,0
11,2,200.3683,7.6842,2,"Lyapunov L2",0.833333,0.0136878,0,0.0102055,0
11,2,200.3683,7.6842,3,"Cycler 21",0.916667,0.124067,0.0151515,0.105189,0
11,2,200.3683,7.6842,4,"Cycler 11a",0.916667,0.130422,0.212121,0.120038,0
11,2,200.3683,7.6842,5,"Cycler 11b",0.916667,0.112125,0.0909091,0.0977538,0
11,2,200.3683,7.6842,6,"Cycler 32",0.916667,0.0976403,0.363636,0.0840662,0
11,2,200.3683,7.6842,7,"Resonant 2to1 Stable",0,0,0,0,0
11,2,200.3683,7.6842,8,"Resonant 2to1 Unstable",0.916667,0.103337,0.121212,0.0631198,0
11,2,200.3683,7.6842,9,"Resonant 3to1 Stable",0.75,0.00423077,0,0.00143545,0
11,2,200.3683,7.6842,10,"Resonant 3to1 Unstable",0.833333,0.00619189,0,0.00169178,0
11,2,200.3683,7.6842,11,"Resonant 5to2 Stable",0.916667,0.00846803,0,0.00280376,0
11,2,200.3683,7.6842,12,"Resonant 5to2 Unstable",0.916667,0.0576994,0.121212,0.0271364,0
11,2,200.3683,7.6842,13,"Distant Prograde Orbit",0.916667,0.0714408,0,0.0523746,0
11,3,200.3683,8.5380,1,"Lyapunov L1",0.916667,0.0596739,0,0.0427827,0
11,3,200.3683,8.5380,2,"Lyapunov L2",0.833333,0.016718,0,0.0127602,0
11,3,200.3683,8.5380,3,"Cycler 21",0.916667,0.129552,0,0.11033,0
11,3,200.3683,8.5380,4,"Cycler 11a",0.916667,0.136021,0.242424,0.124279,0
11,3,200.3683,8.5380,5,"Cycler 11b",0.916667,0.121759,0.151515,0.106649,0
11,3,200.3683,8.5380,6,"Cycler 32",0.916667,0.106899,0.363636,0.0924291,0
11,3,200.3683,8.5380,7,"Resonant 2to1 Stable",0,0,0,0,0
11,3,200.3683,8.5380,8,"Resonant 2to1 Unstable",0.916667,0.106415,0.121212,0.0660343,0
11,3,200.3683,8.5380,9,"Resonant 3to1 Stable",0.75,0.00441885,0,0.0014774,0
11,3,200.3683,8.5380,10,"Resonant 3to1 Unstable",0.833333,0.00659256,0,0.00185039,0
11,3,200.3683,8.5380,11,"Resonant 5to2 Stable",0.916667,0.00856432,0,0.00282512,0
11,3,200.3683,8.5380,12,"Resonant 5to2 Unstable",0.916667,0.0624445,0.121212,0.0291806,0
11,3,200.3683,8.5380,13,"Distant Prograde Orbit",0.916667,0.0789879,0,0.0580992,0
11,4,200.3683,9.3918,1,"Lyapunov L1",0.916667,0.0627996,0,0.0461124,0
11,4,200.3683,9.3918,2,"Lyapunov L2",0.916667,0.0196828,0,0.0149764,0
11,4,200.3683,9.3918,3,"Cycler 21",0.916667,0.132813,0,0.114371,0
11,4,200.3683,9.3918,4,"Cycler 11a",0.916667,0.140156,0.212121,0.128374,0
11,4,200.3683,9.3918,5,"Cycler 11b",0.916667,0.127841,0.121212,0.111786,0
11,4,200.3683,9.3918,6,"Cycler 32",0.916667,0.114449,0.378788,0.100325,0
11,4,200.3683,9.3918,7,"Resonant 2to1 Stable",0,0,0,0,0
11,4,200.3683,9.3918,8,"Resonant 2to1 Unstable",0.916667,0.108779,0.121212,0.0694817,0
11,4,200.3683,9.3918,9,"Resonant 3to1 Stable",0.833333,0.00501818,0,0.00152034,0
11,4,200.3683,9.3918,10,"Resonant 3to1 Unstable",0.833333,0.00682963,0,0.00192345,0
11,4,200.3683,9.3918,11,"Resonant 5to2 Stable",0.916667,0.0086263,0,0.00283942,0
11,4,200.3683,9.3918,12,"Resonant 5to2 Unstable",0.916667,0.0709807,0.242424,0.033138,0
11,4,200.3683,9.3918,13,"Distant Prograde Orbit",0.916667,0.0875698,0.0606061,0.0660176,0
11,5,200.3683,10.2456,1,"Lyapunov L1",0.916667,0.0644135,0,0.0475394,0
11,5,200.3683,10.2456,2,"Lyapunov L2",0.916667,0.0226201,0,0.017473,0
11,5,200.3683,10.2456,3,"Cycler 21",0.916667,0.135081,0,0.11507,0
11,5,200.3683,10.2456,4,"Cycler 11a",0.916667,0.143992,0.212121,0.130147,0
11,5,200.3683,10.2456,5,"Cycler 11b",0.916667,0.131559,0.121212,0.113772,0
11,5,200.3683,10.2456,6,"Cycler 32",0.916667,0.126153,0.378788,0.112542,0
11,5,200.3683,10.2456,7,"Resonant 2to1 Stable",0,0,0,0,0
11,5,200.3683,10.2456,8,"Resonant 2to1 Unstable",0.916667,0.111454,0.121212,0.0713078,0
11,5,200.3683,10.2456,9,"Resonant 3to1 Stable",0.833333,0.00517798,0,0.00154188,0
11,5,200.3683,10.2456,10,"Resonant 3to1 Unstable",0.833333,0.0070289,0,0.00261352,0
11,5,200.3683,10.2456,11,"Resonant 5to2 Stable",0.916667,0.00868891,0,0.00285405,0
11,5,200.3683,10.2456,12,"Resonant 5to2 Unstable",0.916667,0.0909958,0.242424,0.043251,0
11,5,200.3683,10.2456,13,"Distant Prograde Orbit",0.916667,0.0929997,0,0.068361,0
11,6,200.3683,11.0994,1,"Lyapunov L1",0.916667,0.0654323,0,0.0495952,0
11,6,200.3683,11.0994,2,"Lyapunov L2",0.916667,0.0232581,0,0.0178661,0
11,6,200.3683,11.0994,3,"Cycler 21",0.916667,0.138136,0,0.115078,0
11,6,200.3683,11.0994,4,"Cycler 11a",0.916667,0.147689,0.212121,0.131161,0
11,6,200.3683,11.0994,5,"Cycler 11b",0.916667,0.134557,0.121212,0.113913,0
11,6,200.3683,11.0994,6,"Cycler 32",0.916667,0.181349,0.378788,0.168104,0
11,6,200.3683,11.0994,7,"Resonant 2to1 Stable",0,0,0,0,0
11,6,200.3683,11.0994,8,"Resonant 2to1 Unstable",0.916667,0.113619,0.121212,0.0721909,0
11,6,200.3683,11.0994,9,"Resonant 3to1 Stable",0.833333,0.005334,0,0.00156879,0
11,6,200.3683,11.0994,10,"Resonant 3to1 Unstable",0.833333,0.00720176,0,0.00266581,0
11,6,200.3683,11.0994,11,"Resonant 5to2 Stable",0.916667,0.00872099,0,0.00286571,0
11,6,200.3683,11.0994,12,"Resonant 5to2 Unstable",0.916667,0.164864,0.242424,0.0987145,0
11,6,200.3683,11.0994,13,"Distant Prograde Orbit",0.916667,0.10061,0,0.0699101,0
11,7,200.3683,11.9532,1,"Lyapunov L1",0.916667,0.0658684,0,0.053252,0
11,7,200.3683,11.9532,2,"Lyapunov L2",0.916667,0.0274056,0,0.0207196,0
11,7,200.3683,11.9532,3,"Cycler 21",0.916667,0.13867,0,0.11642,0
11,7,200.3683,11.9532,4,"Cycler 11a",0.916667,0.148322,0.212121,0.132393,0
11,7,200.3683,11.9532,5,"Cycler 11b",0.916667,0.135038,0.121212,0.115133,0
11,7,200.3683,11.9532,6,"Cycler 32",0.916667,0.182153,0.378788,0.170989,0
11,7,200.3683,11.9532,7,"Resonant 2to1 Stable",0,0,0,0,0
11,7,200.3683,11.9532,8,"Resonant 2to1 Unstable",0.916667,0.114261,0.121212,0.0735074,0
11,7,200.3683,11.9532,9,"Resonant 3to1 Stable",0.833333,0.00541454,0,0.00158747,0
11,7,200.3683,11.9532,10,"Resonant 3to1 Unstable",0.833333,0.00811623,0,0.00279816,0
11,7,200.3683,11.9532,11,"Resonant 5to2 Stable",0.916667,0.00875979,0,0.00544974,0
11,7,200.3683,11.9532,12,"Resonant 5to2 Unstable",0.916667,0.165621,0.242424,0.100531,0
11,7,200.3683,11.9532,13,"Distant Prograde Orbit",0.916667,0.101357,0,0.0711185,0
11,8,200.3683,12.8070,1,"Lyapunov L1",0.916667,0.074988,0,0.0607483,0
11,8,200.3683,12.8070,2,"Lyapunov L2",0.916667,0.0328734,0,0.0249406,0
11,8,200.3683,12.8070,3,"Cycler 21",0.916667,0.142385,0,0.12015,0
11,8,200.3683,12.8070,4,"Cycler 11a",0.916667,0.153109,0.212121,0.136359,0
11,8,200.3683,12.8070,5,"Cycler 11b",0.916667,0.141287,0.121212,0.121934,0
11,8,200.3683,12.8070,6,"Cycler 32",0.916667,0.186991,0.378788,0.175345,0
11,8,200.3683,12.8070,7,"Resonant 2to1 Stable",0,0,0,0,0
11,8,200.3683,12.8070,8,"Resonant 2to1 Unstable",0.916667,0.116856,0.121212,0.0767474,0
11,8,200.3683,12.8070,9,"Resonant 3to1 Stable",0.833333,0.00549685,0,0.00159521,0
11,8,200.3683,12.8070,10,"Resonant 3to1 Unstable",0.833333,0.00929211,0,0.00314499,0
11,8,200.3683,12.8070,11,"Resonant 5to2 Stable",0.916667,0.00881245,0,0.00587905,0
11,8,200.3683,12.8070,12,"Resonant 5to2 Unstable",0.916667,0.169337,0.242424,0.10181,0
11,8,200.3683,12.8070,13,"Distant Prograde Orbit",0.916667,0.105644,0,0.0772801,0
11,9,200.3683,13.6608,1,"Lyapunov L1",0.916667,0.0814011,0,0.0683622,0
11,9,200.3683,13.6608,2,"Lyapunov L2",0.916667,0.0398415,0,0.0301902,0
11,9,200.3683,13.6608,3,"Cycler 21",0.916667,0.1526,0,0.129587,0
11,9,200.3683,13.6608,4,"Cycler 11a",0.916667,0.157145,0.212121,0.141927,0
11,9,200.3683,13.6608,5,"Cycler 11b",0.916667,0.149702,0.106061,0.129128,0
11,9,200.3683,13.6608,6,"Cycler 32",0.916667,0.196739,0.333333,0.18511,0
11,9,200.3683,13.6608,7,"Resonant 2to1 Stable",0,0,0,0,0
11,9,200.3683,13.6608,8,"Resonant 2to1 Unstable",0.916667,0.119914,0.121212,0.0800353,0
11,9,200.3683,13.6608,9,"Resonant 3to1 Stable",0.833333,0.00556021,0,0.0016025,0
11,9,200.3683,13.6608,10,"Resonant 3to1 Unstable",0.833333,0.0107549,0,0.00489932,0
11,9,200.3683,13.6608,11,"Resonant 5to2 Stable",0.916667,0.00885895,0,0.00674166,0
11,9,200.3683,13.6608,12,"Resonant 5to2 Unstable",0.916667,0.17634,0.242424,0.103743,0
11,9,200.3683,13.6608,13,"Distant Prograde Orbit",0.916667,0.111702,0,0.0838241,0
11,10,200.3683,14.5146,1,"Lyapunov L1",0.916667,0.0856057,0,0.0749571,0
11,10,200.3683,14.5146,2,"Lyapunov L2",0.916667,0.0436501,0,0.0335181,0
11,10,200.3683,14.5146,3,"Cycler 21",0.916667,0.157462,0.0151515,0.135534,0
11,10,200.3683,14.5146,4,"Cycler 11a",0.916667,0.16055,0.212121,0.145777,0
11,10,200.3683,14.5146,5,"Cycler 11b",0.916667,0.153159,0.0909091,0.133101,0
11,10,200.3683,14.5146,6,"Cycler 32",0.916667,0.199274,0.333333,0.188441,0
11,10,200.3683,14.5146,7,"Resonant 2to1 Stable",0,0,0,0,0
11,10,200.3683,14.5146,8,"Resonant 2to1 Unstable",0.916667,0.122537,0.121212,0.0829248,0
11,10,200.3683,14.5146,9,"Resonant 3to1 Stable",0.833333,0.00559374,0,0.00161873,0
11,10,200.3683,14.5146,10,"Resonant 3to1 Unstable",0.833333,0.0113763,0,0.00603296,0
11,10,200.3683,14.5146,11,"Resonant 5to2 Stable",0.916667,0.008888,0,0.00697751,0
11,10,200.3683,14.5146,12,"Resonant 5to2 Unstable",0.916667,0.178221,0.242424,0.105844,0
11,10,200.3683,14.5146,13,"Distant Prograde Orbit",0.916667,0.119364,0,0.0911384,0
11,11,200.3683,15.3684,1,"Lyapunov L1",0.916667,0.088208,0,0.0794688,0
11,11,200.3683,15.3684,2,"Lyapunov L2",0.916667,0.0467341,0,0.0365171,0
11,11,200.3683,15.3684,3,"Cycler 21",0.916667,0.160102,0.0151515,0.138594,0
11,11,200.3683,15.3684,4,"Cycler 11a",0.916667,0.163649,0.212121,0.150106,0
11,11,200.3683,15.3684,5,"Cycler 11b",0.916667,0.155271,0.0909091,0.135786,0
11,11,200.3683,15.3684,6,"Cycler 32",0.916667,0.199431,0.333333,0.18955,0
11,11,200.3683,15.3684,7,"Resonant 2to1 Stable",0,0,0,0,0
11,11,200.3683,15.3684,8,"Resonant 2to1 Unstable",0.916667,0.125275,0.121212,0.0861,0
11,11,200.3683,15.3684,9,"Resonant 3to1 Stable",0.916667,0.00613547,0,0.00164677,0
11,11,200.3683,15.3684,10,"Resonant 3to1 Unstable",0.916667,0.0121785,0,0.00651323,0
11,11,200.3683,15.3684,11,"Resonant 5to2 Stable",0.916667,0.00892427,0,0.00715041,0
11,11,200.3683,15.3684,12,"Resonant 5to2 Unstable",0.916667,0.178369,0.257576,0.108,0
11,11,200.3683,15.3684,13,"Distant Prograde Orbit",0.916667,0.127554,0,0.0991638,0
11,12,200.3683,16.2222,1,"Lyapunov L1",0.916667,0.0935817,0,0.0900098,0
11,12,200.3683,16.2222,2,"Lyapunov L2",0.916667,0.0498752,0,0.0386662,0
11,12,200.3683,16.2222,3,"Cycler 21",0.916667,0.161038,0,0.140362,0
11,12,200.3683,16.2222,4,"Cycler 11a",0.916667,0.165265,0.212121,0.152219,0
11,12,200.3683,16.2222,5,"Cycler 11b",0.916667,0.156126,0.0757576,0.138629,0
11,12,200.3683,16.2222,6,"Cycler 32",0.916667,0.200618,0.363636,0.192573,0
11,12,200.3683,16.2222,7,"Resonant 2to1 Stable",0,0,0,0,0
11,12,200.3683,16.2222,8,"Resonant 2to1 Unstable",0.916667,0.128942,0.121212,0.0910378,0
11,12,200.3683,16.2222,9,"Resonant 3to1 Stable",0.916667,0.00635691,0,0.00168565,0
11,12,200.3683,16.2222,10,"Resonant 3to1 Unstable",0.916667,0.0141393,0,0.00802456,0
11,12,200.3683,16.2222,11,"Resonant 5to2 Stable",0.916667,0.00895667,0,0.00724871,0
11,12,200.3683,16.2222,12,"Resonant 5to2 Unstable",0.916667,0.179386,0.136364,0.115479,0
11,12,200.3683,16.2222,13,"Distant Prograde Orbit",0.916667,0.129691,0,0.102836,0
11,13,200.3683,17.0760,1,"Lyapunov L1",0.916667,0.102107,0,0.0969011,0
11,13,200.3683,17.0760,2,"Lyapunov L2",0.916667,0.0552404,0,0.0422012,0
11,13,200.3683,17.0760,3,"Cycler 21",0.916667,0.162108,0,0.140919,0
11,13,200.3683,17.0760,4,"Cycler 11a",0.916667,0.169281,0.212121,0.155874,0
11,13,200.3683,17.0760,5,"Cycler 11b",0.916667,0.158275,0.030303,0.141098,0
11,13,200.3683,17.0760,6,"Cycler 32",0.916667,0.204062,0.333333,0.196113,0
11,13,200.3683,17.0760,7,"Resonant 2to1 Stable",0,0,0,0,0
11,13,200.3683,17.0760,8,"Resonant 2to1 Unstable",0.916667,0.130534,0.121212,0.094148,0
11,13,200.3683,17.0760,9,"Resonant 3to1 Stable",0.916667,0.00646416,0,0.00169204,0
11,13,200.3683,17.0760,10,"Resonant 3to1 Unstable",0.916667,0.0181286,0,0.00928799,0
11,13,200.3683,17.0760,11,"Resonant 5to2 Stable",0.916667,0.00897575,0,0.00741718,0
11,13,200.3683,17.0760,12,"Resonant 5to2 Unstable",0.916667,0.182296,0.257576,0.120821,0
11,13,200.3683,17.0760,13,"Distant Prograde Orbit",0.916667,0.134518,0,0.108255,0
11,14,200.3683,17.9298,1,"Lyapunov L1",0.916667,0.10571,0,0.101231,0
11,14,200.3683,17.9298,2,"Lyapunov L2",0.916667,0.0616884,0,0.0488354,0
11,14,200.3683,17.9298,3,"Cycler 21",0.916667,0.163267,0,0.141715,0
11,14,200.3683,17.9298,4,"Cycler 11a",0.916667,0.169681,0.212121,0.157725,0
11,14,200.3683,17.9298,5,"Cycler 11b",0.916667,0.160859,0.030303,0.144768,0
11,14,200.3683,17.9298,6,"Cycler 32",0.916667,0.205998,0.333333,0.198581,0
11,14,200.3683,17.9298,7,"Resonant 2to1 Stable",0,0,0,0,0
11,14,200.3683,17.9298,8,"Resonant 2to1 Unstable",0.916667,0.13077,0.121212,0.0961913,0
11,14,200.3683,17.9298,9,"Resonant 3to1 Stable",0.916667,0.00653722,0,0.00170395,0
11,14,200.3683,17.9298,10,"Resonant 3to1 Unstable",0.916667,0.0192699,0,0.00988426,0
11,14,200.3683,17.9298,11,"Resonant 5to2 Stable",0.916667,0.00898859,0,0.00799486,0
11,14,200.3683,17.9298,12,"Resonant 5to2 Unstable",0.916667,0.183911,0.257576,0.124841,0
11,14,200.3683,17.9298,13,"Distant Prograde Orbit",0.916667,0.136406,0,0.110705,0
11,15,200.3683,18.7836,1,"Lyapunov L1",0.916667,0.106833,0,0.102613,0
11,15,200.3683,18.7836,2,"Lyapunov L2",0.916667,0.0634719,0,0.0519267,0
11,15,200.3683,18.7836,3,"Cycler 21",0.916667,0.163597,0,0.145238,0
11,15,200.3683,18.7836,4,"Cycler 11a",0.916667,0.169838,0.227273,0.158005,0
11,15,200.3683,18.7836,5,"Cycler 11b",0.916667,0.161784,0.0151515,0.145964,0
11,15,200.3683,18.7836,6,"Cycler 32",0.916667,0.20654,0.348485,0.199314,0
11,15,200.3683,18.7836,7,"Resonant 2to1 Stable",0,0,0,0,0
11,15,200.3683,18.7836,8,"Resonant 2to1 Unstable",0.916667,0.130899,0.136364,0.0968369,0
11,15,200.3683,18.7836,9,"Resonant 3to1 Stable",0.916667,0.0066738,0,0.00171855,0
11,15,200.3683,18.7836,10,"Resonant 3to1 Unstable",0.916667,0.019886,0,0.0102806,0
11,15,200.3683,18.7836,11,"Resonant 5to2 Stable",0.916667,0.00899301,0,0.00830276,0
11,15,200.3683,18.7836,12,"Resonant 5to2 Unstable",0.916667,0.184377,0.272727,0.127354,0
11,15,200.3683,18.7836,13,"Distant Prograde Orbit",0.916667,0.137014,0,0.11147,0
11,16,200.3683,19.6374,1,"Lyapunov L1",0.916667,0.114032,0,0.11006,0
11,16,200.3683,19.6374,2,"Lyapunov L2",0.916667,0.0701216,0,0.0578619,0
11,16,200.3683,19.6374,3,"Cycler 21",0.916667,0.165291,0,0.147211,0
11,16,200.3683,19.6374,4,"Cycler 11a",0.916667,0.176791,0.227273,0.165105,0
11,16,200.3683,19.6374,5,"Cycler 11b",0.916667,0.16179,0,0.146165,0
11,16,200.3683,19.6374,6,"Cycler 32",0.916667,0.207024,0.348485,0.199848,0
11,16,200.3683,19.6374,7,"Resonant 2to1 Stable",0,0,0,0,0
11,16,200.3683,19.6374,8,"Resonant 2to1 Unstable",0.916667,0.13172,0.136364,0.097204,0
11,16,200.3683,19.6374,9,"Resonant 3to1 Stable",0.916667,0.00667608,0,0.00171855,0
11,16,200.3683,19.6374,10,"Resonant 3to1 Unstable",0.916667,0.0199099,0,0.0106317,0
11,16,200.3683,19.6374,11,"Resonant 5to2 Stable",0.916667,0.00906879,0,0.00840136,0
11,16,200.3683,19.6374,12,"Resonant 5to2 Unstable",0.916667,0.184773,0.272727,0.127899,0
11,16,200.3683,19.6374,13,"Distant Prograde Orbit",0.916667,0.137712,0,0.112192,0
11,17,200.3683,20.4912,1,"Lyapunov L1",0.916667,0.115485,0,0.111519,0
11,17,200.3683,20.4912,2,"Lyapunov L2",0.916667,0.073922,0,0.0608636,0
11,17,200.3683,20.4912,3,"Cycler 21",0.916667,0.166126,0,0.148106,0
11,17,200.3683,20.4912,4,"Cycler 11a",0.916667,0.178823,0.212121,0.167195,0
11,17,200.3683,20.4912,5,"Cycler 11b",0.916667,0.161797,0,0.146194,0
11,17,200.3683,20.4912,6,"Cycler 32",0.916667,0.207766,0.333333,0.200589,0
11,17,200.3683,20.4912,7,"Resonant 2to1 Stable",0,0,0,0,0
11,17,200.3683,20.4912,8,"Resonant 2to1 Unstable",0.916667,0.132137,0.121212,0.097316,0
11,17,200.3683,20.4912,9,"Resonant 3to1 Stable",0.916667,0.00669779,0,0.00173716,0
11,17,200.3683,20.4912,10,"Resonant 3to1 Unstable",0.916667,0.0199564,0,0.010886,0
11,17,200.3683,20.4912,11,"Resonant 5to2 Stable",0.916667,0.0091724,0,0.00873094,0
11,17,200.3683,20.4912,12,"Resonant 5to2 Unstable",0.916667,0.185372,0.257576,0.128514,0
11,17,200.3683,20.4912,13,"Distant Prograde Orbit",0.916667,0.138282,0,0.113334,0
11,18,200.3683,21.3450,1,"Lyapunov L1",0.916667,0.11659,0,0.112039,0
11,18,200.3683,21.3450,2,"Lyapunov L2",0.916667,0.0794981,0,0.0672723,0
11,18,200.3683,21.3450,3,"Cycler 21",0.916667,0.173891,0,0.152557,0
11,18,200.3683,21.3450,4,"Cycler 11a",0.916667,0.18694,0.227273,0.174218,0
11,18,200.3683,21.3450,5,"Cycler 11b",0.916667,0.170712,0,0.150773,0
11,18,200.3683,21.3450,6,"Cycler 32",0.916667,0.267413,0.348485,0.260269,0
11,18,200.3683,21.3450,7,"Resonant 2to1 Stable",0,0,0,0,0
11,18,200.3683,21.3450,8,"Resonant 2to1 Unstable",0.916667,0.135946,0.136364,0.0989093,0
11,18,200.3683,21.3450,9,"Resonant 3to1 Stable",0.916667,0.00672271,0,0.00174214,0
11,18,200.3683,21.3450,10,"Resonant 3to1 Unstable",0.916667,0.0202379,0,0.0110145,0
11,18,200.3683,21.3450,11,"Resonant 5to2 Stable",0.916667,0.00977725,0,0.0089143,0
11,18,200.3683,21.3450,12,"Resonant 5to2 Unstable",0.916667,0.250546,0.272727,0.18239,0
11,18,200.3683,21.3450,13,"Distant Prograde Orbit",0.916667,0.150505,0,0.121265,0
11,19,200.3683,22.1988,1,"Lyapunov L1",0.916667,0.118033,0,0.113446,0
11,19,200.3683,22.1988,2,"Lyapunov L2",0.916667,0.0894327,0,0.0735575,0
11,19,200.3683,22.1988,3,"Cycler 21",0.916667,0.180168,0,0.160213,0
11,19,200.3683,22.1988,4,"Cycler 11a",0.916667,0.188649,0.227273,0.176073,0
11,19,200.3683,22.1988,5,"Cycler 11b",0.916667,0.173173,0,0.153781,0
11,19,200.3683,22.1988,6,"Cycler 32",0.916667,0.275627,0.348485,0.268766,0
11,19,200.3683,22.1988,7,"Resonant 2to1 Stable",0,0,0,0,0
11,19,200.3683,22.1988,8,"Resonant 2to1 Unstable",0.916667,0.136785,0.136364,0.104169,0
11,19,200.3683,22.1988,9,"Resonant 3to1 Stable",0.916667,0.00675236,0,0.00175908,0
11,19,200.3683,22.1988,10,"Resonant 3to1 Unstable",0.916667,0.0203958,0,0.0110768,0
11,19,200.3683,22.1988,11,"Resonant 5to2 Stable",0.916667,0.0103525,0,0.00913312,0
11,19,200.3683,22.1988,12,"Resonant 5to2 Unstable",0.916667,0.256932,0.272727,0.183141,0
11,19,200.3683,22.1988,13,"Distant Prograde Orbit",0.916667,0.154435,0,0.125003,0
11,20,200.3683,23.0527,1,"Lyapunov L1",0.916667,0.118926,0,0.114788,0
11,20,200.3683,23.0527,2,"Lyapunov L2",0.916667,0.0919074,0,0.0765989,0
11,20,200.3683,23.0527,3,"Cycler 21",0.916667,0.181167,0,0.161368,0
11,20,200.3683,23.0527,4,"Cycler 11a",0.916667,0.189092,0.227273,0.176587,0
11,20,200.3683,23.0527,5,"Cycler 11b",0.916667,0.175773,0,0.156335,0
11,20,200.3683,23.0527,6,"Cycler 32",0.916667,0.277252,0.348485,0.270494,0
11,20,200.3683,23.0527,7,"Resonant 2to1 Stable",0,0,0,0,0
11,20,200.3683,23.0527,8,"Resonant 2to1 Unstable",0.916667,0.137109,0.136364,0.105108,0
11,20,200.3683,23.0527,9,"Resonant 3to1 Stable",0.916667,0.00677589,0,0.00177365,0
11,20,200.3683,23.0527,10,"Resonant 3to1 Unstable",0.916667,0.0204538,0,0.0111079,0
11,20,200.3683,23.0527,11,"Resonant 5to2 Stable",0.916667,0.0112647,0,0.00941065,0
11,20,200.3683,23.0527,12,"Resonant 5to2 Unstable",0.916667,0.258132,0.272727,0.18534,0
11,20,200.3683,23.0527,13,"Distant Prograde Orbit",0.916667,0.156799,0,0.127275,0
11,21,200.3683,23.9065,1,"Lyapunov L1",0.916667,0.119246,0,0.117386,0
11,21,200.3683,23.9065,2,"Lyapunov L2",0.916667,0.0920865,0,0.0768303,0
11,21,200.3683,23.9065,3,"Cycler 21",0.916667,0.181805,0,0.162042,0
11,21,200.3683,23.9065,4,"Cycler 11a",0.916667,0.196754,0.227273,0.182846,0
11,21,200.3683,23.9065,5,"Cycler 11b",0.916667,0.176423,0,0.157489,0
11,21,200.3683,23.9065,6,"Cycler 32",0.916667,0.283417,0.30303,0.279199,0
11,21,200.3683,23.9065,7,"Resonant 2to1 Stable",0,0,0,0,0
11,21,200.3683,23.9065,8,"Resonant 2to1 Unstable",0.916667,0.140423,0.136364,0.109523,0
11,21,200.3683,23.9065,9,"Resonant 3to1 Stable",0.916667,0.00678363,0,0.00177365,0
11,21,200.3683,23.9065,10,"Resonant 3to1 Unstable",0.916667,0.0205602,0,0.0111079,0
11,21,200.3683,23.9065,11,"Resonant 5to2 Stable",0.916667,0.0117219,0,0.0095512,0
11,21,200.3683,23.9065,12,"Resonant 5to2 Unstable",0.916667,0.263031,0.272727,0.190696,0
11,21,200.3683,23.9065,13,"Distant Prograde Orbit",0.916667,0.158011,0,0.128593,0
11,22,200.3683,24.7603,1,"Lyapunov L1",0.916667,0.120609,0,0.118723,0
11,22,200.3683,24.7603,2,"Lyapunov L2",0.916667,0.0929964,0,0.0778958,0
11,22,200.3683,24.7603,3,"Cycler 21",0.916667,0.181825,0,0.162545,0
11,22,200.3683,24.7603,4,"Cycler 11a",0.916667,0.196776,0.227273,0.182878,0
11,22,200.3683,24.7603,5,"Cycler 11b",0.916667,0.176443,0,0.158033,0
11,22,200.3683,24.7603,6,"Cycler 32",0.916667,0.28386,0.30303,0.279725,0
11,22,200.3683,24.7603,7,"Resonant 2to1 Stable",0,0,0,0,0
11,22,200.3683,24.7603,8,"Resonant 2to1 Unstable",0.916667,0.140446,0.136364,0.109762,0
11,22,200.3683,24.7603,9,"Resonant 3to1 Stable",0.916667,0.00678597,0,0.00177598,0
11,22,200.3683,24.7603,10,"Resonant 3to1 Unstable",0.916667,0.0205921,0,0.0111237,0
11,22,200.3683,24.7603,11,"Resonant 5to2 Stable",0.916667,0.0119092,0,0.00993189,0
11,22,200.3683,24.7603,12,"Resonant 5to2 Unstable",0.916667,0.263831,0.272727,0.192715,0
11,22,200.3683,24.7603,13,"Distant Prograde Orbit",0.916667,0.15881,0,0.129495,0
11,23,200.3683,25.6141,1,"Lyapunov L1",0.916667,0.124165,0,0.122295,0
11,23,200.3683,25.6141,2,"Lyapunov L2",0.916667,0.0942248,0,0.0791044,0
11,23,200.3683,25.6141,3,"Cycler 21",0.916667,0.182719,0,0.163762,0
11,23,200.3683,25.6141,4,"Cycler 11a",0.916667,0.196908,0.242424,0.183046,0
11,23,200.3683,25.6141,5,"Cycler 11b",0.916667,0.176562,0,0.158324,0
11,23,200.3683,25.6141,6,"Cycler 32",0.916667,0.285109,0.30303,0.280929,0
11,23,200.3683,25.6141,7,"Resonant 2to1 Stable",0,0,0,0,0
11,23,200.3683,25.6141,8,"Resonant 2to1 Unstable",0.916667,0.140849,0,0.110487,0
11,23,200.3683,25.6141,9,"Resonant 3to1 Stable",0.916667,0.00678713,0,0.00177598,0
11,23,200.3683,25.6141,10,"Resonant 3to1 Unstable",0.916667,0.0206547,0,0.0111237,0
11,23,200.3683,25.6141,11,"Resonant 5to2 Stable",0.916667,0.0129691,0,0.0105805,0
11,23,200.3683,25.6141,12,"Resonant 5to2 Unstable",0.916667,0.264374,0.272727,0.194577,0
11,23,200.3683,25.6141,13,"Distant Prograde Orbit",0.916667,0.159289,0,0.130266,0
11,24,200.3683,26.4679,1,"Lyapunov L1",0.916667,0.124636,0,0.12277,0
11,24,200.3683,26.4679,2,"Lyapunov L2",0.916667,0.0946454,0,0.0795441,0
11,24,200.3683,26.4679,3,"Cycler 21",0.916667,0.18292,0,0.163837,0
11,24,200.3683,26.4679,4,"Cycler 11a",0.916667,0.19713,0.227273,0.183219,0
11,24,200.3683,26.4679,5,"Cycler 11b",0.916667,0.176759,0,0.158507,0
11,24,200.3683,26.4679,6,"Cycler 32",0.916667,0.285306,0.30303,0.281097,0
11,24,200.3683,26.4679,7,"Resonant 2to1 Stable",0,0,0,0,0
11,24,200.3683,26.4679,8,"Resonant 2to1 Unstable",0.916667,0.141166,0.136364,0.110963,0
11,24,200.3683,26.4679,9,"Resonant 3to1 Stable",0.916667,0.00678717,0,0.00177598,0
11,24,200.3683,26.4679,10,"Resonant 3to1 Unstable",0.916667,0.0207328,0,0.0111532,0
11,24,200.3683,26.4679,11,"Resonant 5to2 Stable",0.916667,0.0149466,0,0.0118581,0
11,24,200.3683,26.4679,12,"Resonant 5to2 Unstable",0.916667,0.264583,0.272727,0.195134,0
11,24,200.3683,26.4679,13,"Distant Prograde Orbit",0.916667,0.159487,0,0.130266,0
11,25,200.3683,27.3217,1,"Lyapunov L1",0.916667,0.126095,0,0.124326,0
11,25,200.3683,27.3217,2,"Lyapunov L2",0.916667,0.0949439,0,0.0798141,0
11,25,200.3683,27.3217,3,"Cycler 21",0.916667,0.184124,0,0.165048,0
11,25,200.3683,27.3217,4,"Cycler 11a",0.916667,0.197186,0.227273,0.183348,0
11,25,200.3683,27.3217,5,"Cycler 11b",0.916667,0.176808,0,0.158643,0
11,25,200.3683,27.3217,6,"Cycler 32",0.916667,0.288639,0.30303,0.284499,0
11,25,200.3683,27.3217,7,"Resonant 2to1 Stable",0,0,0,0,0
11,25,200.3683,27.3217,8,"Resonant 2to1 Unstable",0.916667,0.141227,0.136364,0.115345,0
11,25,200.3683,27.3217,9,"Resonant 3to1 Stable",0.916667,0.00678876,0,0.00177598,0
11,25,200.3683,27.3217,10,"Resonant 3to1 Unstable",0.916667,0.020769,0,0.0111727,0
11,25,200.3683,27.3217,11,"Resonant 5to2 Stable",0.916667,0.0154188,0,0.0125651,0
11,25,200.3683,27.3217,12,"Resonant 5to2 Unstable",0.916667,0.266846,0.272727,0.197982,0
11,25,200.3683,27.3217,13,"Distant Prograde Orbit",0.916667,0.165054,0,0.135073,0
12,1,215.2893,6.8304,1,"Lyapunov L1",0.916667,0.0439703,0,0.03217,0
12,1,215.2893,6.8304,2,"Lyapunov L2",0.833333,0.0111042,0,0.00762786,0
12,1,215.2893,6.8304,3,"Cycler 21",0.916667,0.119612,0.0606061,0.100623,0
12,1,215.2893,6.8304,4,"Cycler 11a",0.916667,0.124138,0.212121,0.115013,0
12,1,215.2893,6.8304,5,"Cycler 11b",0.916667,0.104076,0.121212,0.0899036,0
12,1,215.2893,6.8304,6,"Cycler 32",0.916667,0.08762,0.363636,0.0748358,0
12,1,215.2893,6.8304,7,"Resonant 2to1 Stable",0,0,0,0,0
12,1,215.2893,6.8304,8,"Resonant 2to1 Unstable",0.916667,0.0996561,0.121212,0.0610925,0
12,1,215.2893,6.8304,9,"Resonant 3to1 Stable",0.75,0.00407106,0,0.00138946,0
12,1,215.2893,6.8304,10,"Resonant 3to1 Unstable",0.833333,0.00597475,0,0.00250569,0
12,1,215.2893,6.8304,11,"Resonant 5to2 Stable",0.916667,0.00836056,0,0.00277734,0
12,1,215.2893,6.8304,12,"Resonant 5to2 Unstable",0.916667,0.0505372,0.121212,0.0231028,0
12,1,215.2893,6.8304,13,"Distant Prograde Orbit",0.916667,0.0631718,0,0.0458883,0
12,2,215.2893,7.6842,1,"Lyapunov L1",0.916667,0.0489938,0,0.0363504,0
12,2,215.2893,7.6842,2,"Lyapunov L2",0.833333,0.0136878,0,0.0102055,0
12,2,215.2893,7.6842,3,"Cycler 21",0.916667,0.124067,0.0151515,0.105189,0
12,2,215.2893,7.6842,4,"Cycler 11a",0.916667,0.130422,0.212121,0.120453,0
12,2,215.2893,7.6842,5,"Cycler 11b",0.916667,0.112125,0.0909091,0.0977538,0
12,2,215.2893,7.6842,6,"Cycler 32",0.916667,0.0976403,0.363636,0.0840953,0
12,2,215.2893,7.6842,7,"Resonant 2to1 Stable",0,0,0,0,0
12,2,215.2893,7.6842,8,"Resonant 2to1 Unstable",0.916667,0.103337,0.121212,0.0635674,0
12,2,215.2893,7.6842,9,"Resonant 3to1 Stable",0.75,0.00423077,0,0.00143545,0
12,2,215.2893,7.6842,10,"Resonant 3to1 Unstable",0.833333,0.00619189,0,0.00258371,0
12,2,215.2893,7.6842,11,"Resonant 5to2 Stable",0.916667,0.00846803,0,0.00280376,0
12,2,215.2893,7.6842,12,"Resonant 5to2 Unstable",0.916667,0.0576994,0.121212,0.0271364,0
12,2,215.2893,7.6842,13,"Distant Prograde Orbit",0.916667,0.0714408,0,0.0523746,0
12,3,215.2893,8.5380,1,"Lyapunov L1",0.916667,0.0596739,0,0.0427827,0
12,3,215.2893,8.5380,2,"Lyapunov L2",0.916667,0.0171288,0,0.0127602,0
12,3,215.2893,8.5380,3,"Cycler 21",0.916667,0.129552,0,0.11033,0
12,3,215.2893,8.5380,4,"Cycler 11a",0.916667,0.136021,0.242424,0.124695,0
12,3,215.2893,8.5380,5,"Cycler 11b",0.916667,0.121759,0.151515,0.106649,0
12,3,215.2893,8.5380,6,"Cycler 32",0.916667,0.106899,0.378788,0.0924291,0
12,3,215.2893,8.5380,7,"Resonant 2to1 Stable",0,0,0,0,0
12,3,215.2893,8.5380,8,"Resonant 2to1 Unstable",0.916667,0.106415,0.121212,0.0664819,0
12,3,215.2893,8.5380,9,"Resonant 3to1 Stable",0.833333,0.00482966,0,0.0014774,0
12,3,215.2893,8.5380,10,"Resonant 3to1 Unstable",0.833333,0.00659256,0,0.00271318,0
12,3,215.2893,8.5380,11,"Resonant 5to2 Stable",0.916667,0.00856432,0,0.00282512,0
12,3,215.2893,8.5380,12,"Resonant 5to2 Unstable",0.916667,0.0624445,0.121212,0.0291806,0
12,3,215.2893,8.5380,13,"Distant Prograde Orbit",0.916667,0.0789879,0,0.0580992,0
12,4,215.2893,9.3918,1,"Lyapunov L1",0.916667,0.0627996,0,0.0461124,0
12,4,215.2893,9.3918,2,"Lyapunov L2",0.916667,0.0196828,0,0.0149764,0
12,4,215.2893,9.3918,3,"Cycler 21",0.916667,0.132813,0,0.114371,0
12,4,215.2893,9.3918,4,"Cycler 11a",0.916667,0.140156,0.212121,0.128789,0
12,4,215.2893,9.3918,5,"Cycler 11b",0.916667,0.127841,0.121212,0.111786,0
12,4,215.2893,9.3918,6,"Cycler 32",0.916667,0.114449,0.378788,0.100355,0
12,4,215.2893,9.3918,7,"Resonant 2to1 Stable",0,0,0,0,0
12,4,215.2893,9.3918,8,"Resonant 2to1 Unstable",0.916667,0.108779,0.121212,0.070023,0
12,4,215.2893,9.3918,9,"Resonant 3to1 Stable",0.833333,0.00501818,0,0.00152034,0
12,4,215.2893,9.3918,10,"Resonant 3to1 Unstable",0.833333,0.00682963,0,0.00290971,0
12,4,215.2893,9.3918,11,"Resonant 5to2 Stable",0.916667,0.0086263,0,0.00283942,0
12,4,215.2893,9.3918,12,"Resonant 5to2 Unstable",0.916667,0.0709807,0.242424,0.033138,0
12,4,215.2893,9.3918,13,"Distant Prograde Orbit",0.916667,0.0875698,0.0606061,0.0660176,0
12,5,215.2893,10.2456,1,"Lyapunov L1",0.916667,0.0644135,0,0.0475394,0
12,5,215.2893,10.2456,2,"Lyapunov L2",0.916667,0.0226201,0,0.017473,0
12,5,215.2893,10.2456,3,"Cycler 21",0.916667,0.135081,0,0.115464,0
12,5,215.2893,10.2456,4,"Cycler 11a",0.916667,0.143992,0.212121,0.130562,0
12,5,215.2893,10.2456,5,"Cycler 11b",0.916667,0.131559,0.121212,0.113772,0
12,5,215.2893,10.2456,6,"Cycler 32",0.916667,0.126153,0.378788,0.112542,0
12,5,215.2893,10.2456,7,"Resonant 2to1 Stable",0,0,0,0,0
12,5,215.2893,10.2456,8,"Resonant 2to1 Unstable",0.916667,0.111454,0.121212,0.0713172,0
12,5,215.2893,10.2456,9,"Resonant 3to1 Stable",0.833333,0.00517798,0,0.00154188,0
12,5,215.2893,10.2456,10,"Resonant 3to1 Unstable",0.833333,0.0070289,0,0.00303809,0
12,5,215.2893,10.2456,11,"Resonant 5to2 Stable",0.916667,0.00868891,0,0.00324817,0
12,5,215.2893,10.2456,12,"Resonant 5to2 Unstable",0.916667,0.0909958,0.242424,0.043251,0
12,5,215.2893,10.2456,13,"Distant Prograde Orbit",0.916667,0.0929997,0,0.068361,0
12,6,215.2893,11.0994,1,"Lyapunov L1",0.916667,0.0654323,0,0.0500268,0
12,6,215.2893,11.0994,2,"Lyapunov L2",0.916667,0.0232581,0,0.0178661,0
12,6,215.2893,11.0994,3,"Cycler 21",0.916667,0.138136,0,0.115545,0
12,6,215.2893,11.0994,4,"Cycler 11a",0.916667,0.147689,0.212121,0.131576,0
12,6,215.2893,11.0994,5,"Cycler 11b",0.916667,0.134557,0.121212,0.114338,0
12,6,215.2893,11.0994,6,"Cycler 32",0.916667,0.181349,0.378788,0.168104,0
12,6,215.2893,11.0994,7,"Resonant 2to1 Stable",0,0,0,0,0
12,6,215.2893,11.0994,8,"Resonant 2to1 Unstable",0.916667,0.113619,0.121212,0.0721909,0
12,6,215.2893,11.0994,9,"Resonant 3to1 Stable",0.833333,0.005334,0,0.00156879,0
12,6,215.2893,11.0994,10,"Resonant 3to1 Unstable",0.833333,0.00720176,0,0.00308099,0
12,6,215.2893,11.0994,11,"Resonant 5to2 Stable",0.916667,0.00872099,0,0.00462793,0
12,6,215.2893,11.0994,12,"Resonant 5to2 Unstable",0.916667,0.164864,0.242424,0.0991526,0
12,6,215.2893,11.0994,13,"Distant Prograde Orbit",0.916667,0.10061,0,0.0699101,0
12,7,215.2893,11.9532,1,"Lyapunov L1",0.916667,0.0658684,0,0.0532737,0
12,7,215.2893,11.9532,2,"Lyapunov L2",0.916667,0.0274056,0,0.0207196,0
12,7,215.2893,11.9532,3,"Cycler 21",0.916667,0.13867,0,0.116466,0
12,7,215.2893,11.9532,4,"Cycler 11a",0.916667,0.148322,0.212121,0.132809,0
12,7,215.2893,11.9532,5,"Cycler 11b",0.916667,0.135038,0.121212,0.115163,0
12,7,215.2893,11.9532,6,"Cycler 32",0.916667,0.182153,0.378788,0.170989,0
12,7,215.2893,11.9532,7,"Resonant 2to1 Stable",0,0,0,0,0
12,7,215.2893,11.9532,8,"Resonant 2to1 Unstable",0.916667,0.114261,0.121212,0.0735205,0
12,7,215.2893,11.9532,9,"Resonant 3to1 Stable",0.833333,0.00541454,0,0.00158747,0
12,7,215.2893,11.9532,10,"Resonant 3to1 Unstable",0.833333,0.00811623,0,0.00322647,0
12,7,215.2893,11.9532,11,"Resonant 5to2 Stable",0.916667,0.00875979,0,0.00559019,0
12,7,215.2893,11.9532,12,"Resonant 5to2 Unstable",0.916667,0.165621,0.242424,0.100574,0
12,7,215.2893,11.9532,13,"Distant Prograde Orbit",0.916667,0.101357,0,0.0711185,0
12,8,215.2893,12.8070,1,"Lyapunov L1",0.916667,0.074988,0,0.0607561,0
12,8,215.2893,12.8070,2,"Lyapunov L2",0.916667,0.0328734,0,0.0249406,0
12,8,215.2893,12.8070,3,"Cycler 21",0.916667,0.142385,0,0.120163,0
12,8,215.2893,12.8070,4,"Cycler 11a",0.916667,0.153109,0.212121,0.136774,0
12,8,215.2893,12.8070,5,"Cycler 11b",0.916667,0.141287,0.121212,0.121934,0
12,8,215.2893,12.8070,6,"Cycler 32",0.916667,0.186991,0.378788,0.175396,0
12,8,215.2893,12.8070,7,"Resonant 2to1 Stable",0,0,0,0,0
12,8,215.2893,12.8070,8,"Resonant 2to1 Unstable",0.916667,0.116856,0.121212,0.0767474,0
12,8,215.2893,12.8070,9,"Resonant 3to1 Stable",0.833333,0.00549685,0,0.00159521,0
12,8,215.2893,12.8070,10,"Resonant 3to1 Unstable",0.833333,0.00929211,0,0.00356016,0
12,8,215.2893,12.8070,11,"Resonant 5to2 Stable",0.916667,0.00881245,0,0.00643552,0
12,8,215.2893,12.8070,12,"Resonant 5to2 Unstable",0.916667,0.169337,0.242424,0.101863,0
12,8,215.2893,12.8070,13,"Distant Prograde Orbit",0.916667,0.105644,0,0.077711,0
12,9,215.2893,13.6608,1,"Lyapunov L1",0.916667,0.0814011,0,0.0683622,0
12,9,215.2893,13.6608,2,"Lyapunov L2",0.916667,0.0398415,0,0.0301902,0
12,9,215.2893,13.6608,3,"Cycler 21",0.916667,0.1526,0,0.130025,0
12,9,215.2893,13.6608,4,"Cycler 11a",0.916667,0.157145,0.212121,0.141927,0
12,9,215.2893,13.6608,5,"Cycler 11b",0.916667,0.149702,0.106061,0.129134,0
12,9,215.2893,13.6608,6,"Cycler 32",0.916667,0.196739,0.333333,0.185121,0
12,9,215.2893,13.6608,7,"Resonant 2to1 Stable",0,0,0,0,0
12,9,215.2893,13.6608,8,"Resonant 2to1 Unstable",0.916667,0.119914,0.121212,0.0800353,0
12,9,215.2893,13.6608,9,"Resonant 3to1 Stable",0.916667,0.0059604,0,0.0016025,0
12,9,215.2893,13.6608,10,"Resonant 3to1 Unstable",0.916667,0.0111551,0,0.00533774,0
12,9,215.2893,13.6608,11,"Resonant 5to2 Stable",0.916667,0.00885895,0,0.00675852,0
12,9,215.2893,13.6608,12,"Resonant 5to2 Unstable",0.916667,0.17634,0.257576,0.103743,0
12,9,215.2893,13.6608,13,"Distant Prograde Orbit",0.916667,0.111702,0,0.0838241,0
12,10,215.2893,14.5146,1,"Lyapunov L1",0.916667,0.0856057,0,0.0749571,0
12,10,215.2893,14.5146,2,"Lyapunov L2",0.916667,0.0436501,0,0.0335181,0
12,10,215.2893,14.5146,3,"Cycler 21",0.916667,0.157462,0.0151515,0.135534,0
12,10,215.2893,14.5146,4,"Cycler 11a",0.916667,0.16055,0.212121,0.145777,0
12,10,215.2893,14.5146,5,"Cycler 11b",0.916667,0.153159,0.0909091,0.133516,0
12,10,215.2893,14.5146,6,"Cycler 32",0.916667,0.199274,0.333333,0.188441,0
12,10,215.2893,14.5146,7,"Resonant 2to1 Stable",0,0,0,0,0
12,10,215.2893,14.5146,8,"Resonant 2to1 Unstable",0.916667,0.122537,0.121212,0.0829248,0
12,10,215.2893,14.5146,9,"Resonant 3to1 Stable",0.916667,0.00600316,0,0.00161873,0
12,10,215.2893,14.5146,10,"Resonant 3to1 Unstable",0.916667,0.0117857,0,0.00644704,0
12,10,215.2893,14.5146,11,"Resonant 5to2 Stable",0.916667,0.008888,0,0.00697751,0
12,10,215.2893,14.5146,12,"Resonant 5to2 Unstable",0.916667,0.178221,0.257576,0.105844,0
12,10,215.2893,14.5146,13,"Distant Prograde Orbit",0.916667,0.119364,0,0.0911384,0
12,11,215.2893,15.3684,1,"Lyapunov L1",0.916667,0.088208,0,0.0794688,0
12,11,215.2893,15.3684,2,"Lyapunov L2",0.916667,0.0467341,0,0.0365171,0
12,11,215.2893,15.3684,3,"Cycler 21",0.916667,0.160102,0.0151515,0.138594,0
12,11,215.2893,15.3684,4,"Cycler 11a",0.916667,0.163649,0.212121,0.150106,0
12,11,215.2893,15.3684,5,"Cycler 11b",0.916667,0.155271,0.0909091,0.136212,0
12,11,215.2893,15.3684,6,"Cycler 32",0.916667,0.199431,0.333333,0.18955,0
12,11,215.2893,15.3684,7,"Resonant 2to1 Stable",0,0,0,0,0
12,11,215.2893,15.3684,8,"Resonant 2to1 Unstable",0.916667,0.125275,0.121212,0.0861,0
12,11,215.2893,15.3684,9,"Resonant 3to1 Stable",0.916667,0.00613547,0,0.00164677,0
12,11,215.2893,15.3684,10,"Resonant 3to1 Unstable",0.916667,0.0121785,0,0.00693882,0
12,11,215.2893,15.3684,11,"Resonant 5to2 Stable",0.916667,0.00892427,0,0.00715041,0
12,11,215.2893,15.3684,12,"Resonant 5to2 Unstable",0.916667,0.178369,0.257576,0.108,0
12,11,215.2893,15.3684,13,"Distant Prograde Orbit",0.916667,0.127554,0,0.0991638,0
12,12,215.2893,16.2222,1,"Lyapunov L1",0.916667,0.0935817,0,0.0900098,0
12,12,215.2893,16.2222,2,"Lyapunov L2",0.916667,0.0498752,0,0.0386662,0
12,12,215.2893,16.2222,3,"Cycler 21",0.916667,0.161038,0,0.140362,0
12,12,215.2893,16.2222,4,"Cycler 11a",0.916667,0.165265,0.212121,0.152219,0
12,12,215.2893,16.2222,5,"Cycler 11b",0.916667,0.156126,0.0757576,0.138629,0
12,12,215.2893,16.2222,6,"Cycler 32",0.916667,0.200618,0.363636,0.192573,0
12,12,215.2893,16.2222,7,"Resonant 2to1 Stable",0,0,0,0,0
12,12,215.2893,16.2222,8,"Resonant 2to1 Unstable",0.916667,0.128942,0.121212,0.0910378,0
12,12,215.2893,16.2222,9,"Resonant 3to1 Stable",0.916667,0.00635691,0,0.00168565,0
12,12,215.2893,16.2222,10,"Resonant 3to1 Unstable",0.916667,0.0141393,0,0.00802456,0
12,12,215.2893,16.2222,11,"Resonant 5to2 Stable",0.916667,0.00895667,0,0.00724871,0
12,12,215.2893,16.2222,12,"Resonant 5to2 Unstable",0.916667,0.179386,0.136364,0.115479,0
12,12,215.2893,16.2222,13,"Distant Prograde Orbit",0.916667,0.129691,0,0.102836,0
12,13,215.2893,17.0760,1,"Lyapunov L1",0.916667,0.102107,0,0.0969011,0
12,13,215.2893,17.0760,2,"Lyapunov L2",0.916667,0.0552404,0,0.0427104,0
12,13,215.2893,17.0760,3,"Cycler 21",0.916667,0.162108,0,0.140919,0
12,13,215.2893,17.0760,4,"Cycler 11a",0.916667,0.169281,0.212121,0.155874,0
12,13,215.2893,17.0760,5,"Cycler 11b",0.916667,0.158275,0.030303,0.141098,0
12,13,215.2893,17.0760,6,"Cycler 32",0.916667,0.204062,0.333333,0.196113,0
12,13,215.2893,17.0760,7,"Resonant 2to1 Stable",0,0,0,0,0
12,13,215.2893,17.0760,8,"Resonant 2to1 Unstable",0.916667,0.130534,0.121212,0.094148,0
12,13,215.2893,17.0760,9,"Resonant 3to1 Stable",0.916667,0.00646416,0,0.00169204,0
12,13,215.2893,17.0760,10,"Resonant 3to1 Unstable",0.916667,0.0181286,0,0.00928799,0
12,13,215.2893,17.0760,11,"Resonant 5to2 Stable",0.916667,0.00897575,0,0.00792641,0
12,13,215.2893,17.0760,12,"Resonant 5to2 Unstable",0.916667,0.182296,0.257576,0.120821,0
12,13,215.2893,17.0760,13,"Distant Prograde Orbit",0.916667,0.134518,0,0.108255,0
12,14,215.2893,17.9298,1,"Lyapunov L1",0.916667,0.10571,0,0.101231,0
12,14,215.2893,17.9298,2,"Lyapunov L2",0.916667,0.0616884,0,0.049003,0
12,14,215.2893,17.9298,3,"Cycler 21",0.916667,0.163267,0,0.141715,0
12,14,215.2893,17.9298,4,"Cycler 11a",0.916667,0.169681,0.212121,0.157725,0
12,14,215.2893,17.9298,5,"Cycler 11b",0.916667,0.160859,0.030303,0.144768,0
12,14,215.2893,17.9298,6,"Cycler 32",0.916667,0.205998,0.333333,0.198586,0
12,14,215.2893,17.9298,7,"Resonant 2to1 Stable",0,0,0,0,0
12,14,215.2893,17.9298,8,"Resonant 2to1 Unstable",0.916667,0.13077,0.121212,0.0961913,0
12,14,215.2893,17.9298,9,"Resonant 3to1 Stable",0.916667,0.00653722,0,0.0017094,0
12,14,215.2893,17.9298,10,"Resonant 3to1 Unstable",0.916667,0.0192699,0,0.00988426,0
12,14,215.2893,17.9298,11,"Resonant 5to2 Stable",0.916667,0.00898859,0,0.00816251,0
12,14,215.2893,17.9298,12,"Resonant 5to2 Unstable",0.916667,0.183911,0.257576,0.124841,0
12,14,215.2893,17.9298,13,"Distant Prograde Orbit",0.916667,0.136406,0,0.110705,0
12,15,215.2893,18.7836,1,"Lyapunov L1",0.916667,0.106833,0,0.102613,0
12,15,215.2893,18.7836,2,"Lyapunov L2",0.916667,0.0634719,0,0.0520843,0
12,15,215.2893,18.7836,3,"Cycler 21",0.916667,0.163597,0,0.145238,0
12,15,215.2893,18.7836,4,"Cycler 11a",0.916667,0.169838,0.212121,0.158005,0
12,15,215.2893,18.7836,5,"Cycler 11b",0.916667,0.161784,0.0151515,0.145964,0
12,15,215.2893,18.7836,6,"Cycler 32",0.916667,0.20654,0.333333,0.199325,0
12,15,215.2893,18.7836,7,"Resonant 2to1 Stable",0,0,0,0,0
12,15,215.2893,18.7836,8,"Resonant 2to1 Unstable",0.916667,0.130899,0.121212,0.0968369,0
12,15,215.2893,18.7836,9,"Resonant 3to1 Stable",0.916667,0.00668193,0,0.00173729,0
12,15,215.2893,18.7836,10,"Resonant 3to1 Unstable",0.916667,0.0198876,0,0.0102854,0
12,15,215.2893,18.7836,11,"Resonant 5to2 Stable",0.916667,0.0090027,0,0.00847337,0
12,15,215.2893,18.7836,12,"Resonant 5to2 Unstable",0.916667,0.184377,0.257576,0.127354,0
12,15,215.2893,18.7836,13,"Distant Prograde Orbit",0.916667,0.137014,0,0.11147,0
12,16,215.2893,19.6374,1,"Lyapunov L1",0.916667,0.114032,0,0.11006,0
12,16,215.2893,19.6374,2,"Lyapunov L2",0.916667,0.0701216,0,0.0580268,0
12,16,215.2893,19.6374,3,"Cycler 21",0.916667,0.165291,0,0.147211,0
12,16,215.2893,19.6374,4,"Cycler 11a",0.916667,0.176791,0.212121,0.165105,0
12,16,215.2893,19.6374,5,"Cycler 11b",0.916667,0.16179,0,0.146165,0
12,16,215.2893,19.6374,6,"Cycler 32",0.916667,0.207024,0.333333,0.199881,0
12,16,215.2893,19.6374,7,"Resonant 2to1 Stable",0,0,0,0,0
12,16,215.2893,19.6374,8,"Resonant 2to1 Unstable",0.916667,0.13172,0.121212,0.097204,0
12,16,215.2893,19.6374,9,"Resonant 3to1 Stable",0.916667,0.0066869,0,0.00176188,0
12,16,215.2893,19.6374,10,"Resonant 3to1 Unstable",0.916667,0.0199184,0,0.0106468,0
12,16,215.2893,19.6374,11,"Resonant 5to2 Stable",0.916667,0.00908804,0,0.00859225,0
12,16,215.2893,19.6374,12,"Resonant 5to2 Unstable",0.916667,0.184773,0.257576,0.127899,0
12,16,215.2893,19.6374,13,"Distant Prograde Orbit",0.916667,0.137712,0,0.112192,0
12,17,215.2893,20.4912,1,"Lyapunov L1",0.916667,0.115485,0,0.111519,0
12,17,215.2893,20.4912,2,"Lyapunov L2",0.916667,0.073922,0,0.0608636,0
12,17,215.2893,20.4912,3,"Cycler 21",0.916667,0.166126,0,0.148106,0
12,17,215.2893,20.4912,4,"Cycler 11a",0.916667,0.178823,0.212121,0.167195,0
12,17,215.2893,20.4912,5,"Cycler 11b",0.916667,0.161797,0,0.146194,0
12,17,215.2893,20.4912,6,"Cycler 32",0.916667,0.207766,0.333333,0.200621,0
12,17,215.2893,20.4912,7,"Resonant 2to1 Stable",0,0,0,0,0
12,17,215.2893,20.4912,8,"Resonant 2to1 Unstable",0.916667,0.132137,0.121212,0.097316,0
12,17,215.2893,20.4912,9,"Resonant 3to1 Stable",0.916667,0.00669779,0,0.00176966,0
12,17,215.2893,20.4912,10,"Resonant 3to1 Unstable",0.916667,0.0199564,0,0.010886,0
12,17,215.2893,20.4912,11,"Resonant 5to2 Stable",0.916667,0.0091724,0,0.00873094,0
12,17,215.2893,20.4912,12,"Resonant 5to2 Unstable",0.916667,0.185372,0.257576,0.128514,0
12,17,215.2893,20.4912,13,"Distant Prograde Orbit",0.916667,0.138282,0,0.113334,0
12,18,215.2893,21.3450,1,"Lyapunov L1",0.916667,0.11659,0,0.112039,0
12,18,215.2893,21.3450,2,"Lyapunov L2",0.916667,0.0794981,0,0.0672723,0
12,18,215.2893,21.3450,3,"Cycler 21",0.916667,0.173891,0,0.152557,0
12,18,215.2893,21.3450,4,"Cycler 11a",0.916667,0.18694,0.227273,0.174218,0
12,18,215.2893,21.3450,5,"Cycler 11b",0.916667,0.170712,0,0.150773,0
12,18,215.2893,21.3450,6,"Cycler 32",0.916667,0.267413,0.348485,0.260296,0
12,18,215.2893,21.3450,7,"Resonant 2to1 Stable",0,0,0,0,0
12,18,215.2893,21.3450,8,"Resonant 2to1 Unstable",0.916667,0.135946,0.136364,0.0989093,0
12,18,215.2893,21.3450,9,"Resonant 3to1 Stable",0.916667,0.00672271,0,0.00176966,0
12,18,215.2893,21.3450,10,"Resonant 3to1 Unstable",0.916667,0.0202379,0,0.0110145,0
12,18,215.2893,21.3450,11,"Resonant 5to2 Stable",0.916667,0.00977725,0,0.0089143,0
12,18,215.2893,21.3450,12,"Resonant 5to2 Unstable",0.916667,0.250546,0.272727,0.18239,0
12,18,215.2893,21.3450,13,"Distant Prograde Orbit",0.916667,0.150505,0,0.121265,0
12,19,215.2893,22.1988,1,"Lyapunov L1",0.916667,0.118049,0,0.113446,0
12,19,215.2893,22.1988,2,"Lyapunov L2",0.916667,0.08945,0,0.0736005,0
12,19,215.2893,22.1988,3,"Cycler 21",0.916667,0.180186,0,0.160213,0
12,19,215.2893,22.1988,4,"Cycler 11a",0.916667,0.188667,0.227273,0.176073,0
12,19,215.2893,22.1988,5,"Cycler 11b",0.916667,0.173191,0,0.153781,0
12,19,215.2893,22.1988,6,"Cycler 32",0.916667,0.275646,0.348485,0.268794,0
12,19,215.2893,22.1988,7,"Resonant 2to1 Stable",0,0,0,0,0
12,19,215.2893,22.1988,8,"Resonant 2to1 Unstable",0.916667,0.136802,0.136364,0.104169,0
12,19,215.2893,22.1988,9,"Resonant 3to1 Stable",0.916667,0.00692462,0,0.00180565,0
12,19,215.2893,22.1988,10,"Resonant 3to1 Unstable",0.916667,0.0204074,0,0.0110768,0
12,19,215.2893,22.1988,11,"Resonant 5to2 Stable",0.916667,0.0103525,0,0.00917617,0
12,19,215.2893,22.1988,12,"Resonant 5to2 Unstable",0.916667,0.256951,0.272727,0.18316,0
12,19,215.2893,22.1988,13,"Distant Prograde Orbit",0.916667,0.154453,0,0.125003,0
12,20,215.2893,23.0527,1,"Lyapunov L1",0.916667,0.118955,0,0.114788,0
12,20,215.2893,23.0527,2,"Lyapunov L2",0.916667,0.0919368,0,0.0766419,0
12,20,215.2893,23.0527,3,"Cycler 21",0.916667,0.181197,0,0.161368,0
12,20,215.2893,23.0527,4,"Cycler 11a",0.916667,0.189122,0.227273,0.176587,0
12,20,215.2893,23.0527,5,"Cycler 11b",0.916667,0.175803,0,0.156335,0
12,20,215.2893,23.0527,6,"Cycler 32",0.916667,0.277284,0.378788,0.270568,0
12,20,215.2893,23.0527,7,"Resonant 2to1 Stable",0,0,0,0,0
12,20,215.2893,23.0527,8,"Resonant 2to1 Unstable",0.916667,0.137138,0.136364,0.105108,0
12,20,215.2893,23.0527,9,"Resonant 3to1 Stable",0.916667,0.00705764,0,0.00186571,0
12,20,215.2893,23.0527,10,"Resonant 3to1 Unstable",0.916667,0.0204691,0,0.0111079,0
12,20,215.2893,23.0527,11,"Resonant 5to2 Stable",0.916667,0.0112647,0,0.0094537,0
12,20,215.2893,23.0527,12,"Resonant 5to2 Unstable",0.916667,0.258157,0.151515,0.185358,0
12,20,215.2893,23.0527,13,"Distant Prograde Orbit",0.916667,0.15683,0,0.127275,0
12,21,215.2893,23.9065,1,"Lyapunov L1",0.916667,0.119274,0,0.117386,0
12,21,215.2893,23.9065,2,"Lyapunov L2",0.916667,0.0921159,0,0.0768824,0
12,21,215.2893,23.9065,3,"Cycler 21",0.916667,0.181836,0,0.162042,0
12,21,215.2893,23.9065,4,"Cycler 11a",0.916667,0.196785,0.227273,0.182846,0
12,21,215.2893,23.9065,5,"Cycler 11b",0.916667,0.176454,0,0.157489,0
12,21,215.2893,23.9065,6,"Cycler 32",0.916667,0.283449,0.348485,0.279273,0
12,21,215.2893,23.9065,7,"Resonant 2to1 Stable",0,0,0,0,0
12,21,215.2893,23.9065,8,"Resonant 2to1 Unstable",0.916667,0.140452,0.136364,0.109523,0
12,21,215.2893,23.9065,9,"Resonant 3to1 Stable",0.916667,0.00706539,0,0.00186571,0
12,21,215.2893,23.9065,10,"Resonant 3to1 Unstable",0.916667,0.0205756,0,0.0111079,0
12,21,215.2893,23.9065,11,"Resonant 5to2 Stable",0.916667,0.0117219,0,0.00960334,0
12,21,215.2893,23.9065,12,"Resonant 5to2 Unstable",0.916667,0.263056,0.151515,0.190714,0
12,21,215.2893,23.9065,13,"Distant Prograde Orbit",0.916667,0.158042,0,0.128593,0
12,22,215.2893,24.7603,1,"Lyapunov L1",0.916667,0.120636,0,0.118723,0
12,22,215.2893,24.7603,2,"Lyapunov L2",0.916667,0.0930258,0,0.0778958,0
12,22,215.2893,24.7603,3,"Cycler 21",0.916667,0.181856,0,0.162545,0
12,22,215.2893,24.7603,4,"Cycler 11a",0.916667,0.196806,0.227273,0.182878,0
12,22,215.2893,24.7603,5,"Cycler 11b",0.916667,0.176473,0,0.158033,0
12,22,215.2893,24.7603,6,"Cycler 32",0.916667,0.283892,0.348485,0.279797,0
12,22,215.2893,24.7603,7,"Resonant 2to1 Stable",0,0,0,0,0
12,22,215.2893,24.7603,8,"Resonant 2to1 Unstable",0.916667,0.140475,0.136364,0.109762,0
12,22,215.2893,24.7603,9,"Resonant 3to1 Stable",0.916667,0.00706664,0,0.00186571,0
12,22,215.2893,24.7603,10,"Resonant 3to1 Unstable",0.916667,0.0206075,0,0.0111237,0
12,22,215.2893,24.7603,11,"Resonant 5to2 Stable",0.916667,0.0119092,0,0.00993189,0
12,22,215.2893,24.7603,12,"Resonant 5to2 Unstable",0.916667,0.263857,0.151515,0.192733,0
12,22,215.2893,24.7603,13,"Distant Prograde Orbit",0.916667,0.15884,0,0.129495,0
12,23,215.2893,25.6141,1,"Lyapunov L1",0.916667,0.124194,0,0.122295,0
12,23,215.2893,25.6141,2,"Lyapunov L2",0.916667,0.0942542,0,0.0791044,0
12,23,215.2893,25.6141,3,"Cycler 21",0.916667,0.182749,0,0.163762,0
12,23,215.2893,25.6141,4,"Cycler 11a",0.916667,0.196939,0.242424,0.183046,0
12,23,215.2893,25.6141,5,"Cycler 11b",0.916667,0.176592,0,0.158324,0
12,23,215.2893,25.6141,6,"Cycler 32",0.916667,0.285141,0.348485,0.281001,0
12,23,215.2893,25.6141,7,"Resonant 2to1 Stable",0,0,0,0,0
12,23,215.2893,25.6141,8,"Resonant 2to1 Unstable",0.916667,0.140878,0,0.110487,0
12,23,215.2893,25.6141,9,"Resonant 3to1 Stable",0.916667,0.00706961,0,0.00186571,0
12,23,215.2893,25.6141,10,"Resonant 3to1 Unstable",0.916667,0.0206701,0,0.0111237,0
12,23,215.2893,25.6141,11,"Resonant 5to2 Stable",0.916667,0.0129691,0,0.0105805,0
12,23,215.2893,25.6141,12,"Resonant 5to2 Unstable",0.916667,0.2644,0.151515,0.194595,0
12,23,215.2893,25.6141,13,"Distant Prograde Orbit",0.916667,0.15932,0,0.130266,0
12,24,215.2893,26.4679,1,"Lyapunov L1",0.916667,0.124665,0,0.12277,0
12,24,215.2893,26.4679,2,"Lyapunov L2",0.916667,0.0946748,0,0.0795441,0
12,24,215.2893,26.4679,3,"Cycler 21",0.916667,0.182951,0,0.163837,0
12,24,215.2893,26.4679,4,"Cycler 11a",0.916667,0.197161,0.227273,0.183219,0
12,24,215.2893,26.4679,5,"Cycler 11b",0.916667,0.176789,0,0.158507,0
12,24,215.2893,26.4679,6,"Cycler 32",0.916667,0.285338,0.348485,0.281169,0
12,24,215.2893,26.4679,7,"Resonant 2to1 Stable",0,0,0,0,0
12,24,215.2893,26.4679,8,"Resonant 2to1 Unstable",0.916667,0.141195,0.136364,0.110963,0
12,24,215.2893,26.4679,9,"Resonant 3to1 Stable",0.916667,0.00706961,0,0.00186571,0
12,24,215.2893,26.4679,10,"Resonant 3to1 Unstable",0.916667,0.0207482,0,0.0111532,0
12,24,215.2893,26.4679,11,"Resonant 5to2 Stable",0.916667,0.0149466,0,0.0118581,0
12,24,215.2893,26.4679,12,"Resonant 5to2 Unstable",0.916667,0.264609,0.151515,0.195152,0
12,24,215.2893,26.4679,13,"Distant Prograde Orbit",0.916667,0.159517,0,0.130266,0
12,25,215.2893,27.3217,1,"Lyapunov L1",0.916667,0.126123,0,0.124326,0
12,25,215.2893,27.3217,2,"Lyapunov L2",0.916667,0.0949733,0,0.0798141,0
12,25,215.2893,27.3217,3,"Cycler 21",0.916667,0.184154,0,0.165048,0
12,25,215.2893,27.3217,4,"Cycler 11a",0.916667,0.197217,0.227273,0.183348,0
12,25,215.2893,27.3217,5,"Cycler 11b",0.916667,0.176839,0,0.158643,0
12,25,215.2893,27.3217,6,"Cycler 32",0.916667,0.288672,0.348485,0.284571,0
12,25,215.2893,27.3217,7,"Resonant 2to1 Stable",0,0,0,0,0
12,25,215.2893,27.3217,8,"Resonant 2to1 Unstable",0.916667,0.141256,0.136364,0.115345,0
12,25,215.2893,27.3217,9,"Resonant 3to1 Stable",0.916667,0.00707137,0,0.00186571,0
12,25,215.2893,27.3217,10,"Resonant 3to1 Unstable",0.916667,0.0207844,0,0.0111727,0
12,25,215.2893,27.3217,11,"Resonant 5to2 Stable",0.916667,0.0154188,0,0.0125651,0
12,25,215.2893,27.3217,12,"Resonant 5to2 Unstable",0.916667,0.266872,0.151515,0.198,0
12,25,215.2893,27.3217,13,"Distant Prograde Orbit",0.916667,0.165085,0,0.135073,0
13,1,230.2104,6.8304,1,"Lyapunov L1",0.916667,0.0439703,0,0.03217,0
13,1,230.2104,6.8304,2,"Lyapunov L2",0.833333,0.0111042,0,0.0080233,0
13,1,230.2104,6.8304,3,"Cycler 21",0.916667,0.119612,0.0606061,0.100623,0
13,1,230.2104,6.8304,4,"Cycler 11a",0.916667,0.124138,0.212121,0.115045,0
13,1,230.2104,6.8304,5,"Cycler 11b",0.916667,0.104076,0.121212,0.0899036,0
13,1,230.2104,6.8304,6,"Cycler 32",0.916667,0.08762,0.363636,0.0748362,0
13,1,230.2104,6.8304,7,"Resonant 2to1 Stable",0,0,0,0,0
13,1,230.2104,6.8304,8,"Resonant 2to1 Unstable",0.916667,0.0996561,0.121212,0.0611656,0
13,1,230.2104,6.8304,9,"Resonant 3to1 Stable",0.75,0.00407605,0,0.00139445,0
13,1,230.2104,6.8304,10,"Resonant 3to1 Unstable",0.833333,0.00597475,0,0.00261191,0
13,1,230.2104,6.8304,11,"Resonant 5to2 Stable",0.916667,0.00836556,0,0.00278233,0
13,1,230.2104,6.8304,12,"Resonant 5to2 Unstable",0.916667,0.0505372,0.121212,0.0234982,0
13,1,230.2104,6.8304,13,"Distant Prograde Orbit",0.916667,0.0631718,0,0.0458883,0
13,2,230.2104,7.6842,1,"Lyapunov L1",0.916667,0.0489938,0,0.0363504,0
13,2,230.2104,7.6842,2,"Lyapunov L2",0.916667,0.0140626,0,0.0102055,0
13,2,230.2104,7.6842,3,"Cycler 21",0.916667,0.124067,0.0151515,0.105189,0
13,2,230.2104,7.6842,4,"Cycler 11a",0.916667,0.130422,0.212121,0.120484,0
13,2,230.2104,7.6842,5,"Cycler 11b",0.916667,0.112125,0.0909091,0.0977538,0
13,2,230.2104,7.6842,6,"Cycler 32",0.916667,0.0976403,0.378788,0.0840953,0
13,2,230.2104,7.6842,7,"Resonant 2to1 Stable",0,0,0,0,0
13,2,230.2104,7.6842,8,"Resonant 2to1 Unstable",0.916667,0.103337,0.121212,0.0636366,0
13,2,230.2104,7.6842,9,"Resonant 3to1 Stable",0.833333,0.00461061,0,0.00144044,0
13,2,230.2104,7.6842,10,"Resonant 3to1 Unstable",0.833333,0.00619189,0,0.00268374,0
13,2,230.2104,7.6842,11,"Resonant 5to2 Stable",0.916667,0.00847303,0,0.00317681,0
13,2,230.2104,7.6842,12,"Resonant 5to2 Unstable",0.916667,0.0576994,0.121212,0.0275044,0
13,2,230.2104,7.6842,13,"Distant Prograde Orbit",0.916667,0.0714408,0,0.0523746,0
13,3,230.2104,8.5380,1,"Lyapunov L1",0.916667,0.0596739,0,0.0427827,0
13,3,230.2104,8.5380,2,"Lyapunov L2",0.916667,0.0171288,0,0.0127602,0
13,3,230.2104,8.5380,3,"Cycler 21",0.916667,0.129552,0,0.11033,0
13,3,230.2104,8.5380,4,"Cycler 11a",0.916667,0.136021,0.242424,0.124731,0
13,3,230.2104,8.5380,5,"Cycler 11b",0.916667,0.121759,0.151515,0.106649,0
13,3,230.2104,8.5380,6,"Cycler 32",0.916667,0.106899,0.378788,0.0924291,0
13,3,230.2104,8.5380,7,"Resonant 2to1 Stable",0,0,0,0,0
13,3,230.2104,8.5380,8,"Resonant 2to1 Unstable",0.916667,0.106415,0.121212,0.0665713,0
13,3,230.2104,8.5380,9,"Resonant 3to1 Stable",0.833333,0.00483465,0,0.0014824,0
13,3,230.2104,8.5380,10,"Resonant 3to1 Unstable",0.833333,0.00659256,0,0.00283867,0
13,3,230.2104,8.5380,11,"Resonant 5to2 Stable",0.916667,0.00856932,0,0.00320214,0
13,3,230.2104,8.5380,12,"Resonant 5to2 Unstable",0.916667,0.0624445,0.121212,0.0295526,0
13,3,230.2104,8.5380,13,"Distant Prograde Orbit",0.916667,0.0789879,0,0.0580992,0
13,4,230.2104,9.3918,1,"Lyapunov L1",0.916667,0.0627996,0,0.0461124,0
13,4,230.2104,9.3918,2,"Lyapunov L2",0.916667,0.0196828,0,0.0149764,0
13,4,230.2104,9.3918,3,"Cycler 21",0.916667,0.132813,0,0.114751,0
13,4,230.2104,9.3918,4,"Cycler 11a",0.916667,0.140156,0.212121,0.128825,0
13,4,230.2104,9.3918,5,"Cycler 11b",0.916667,0.127841,0.121212,0.111786,0
13,4,230.2104,9.3918,6,"Cycler 32",0.916667,0.114449,0.378788,0.100355,0
13,4,230.2104,9.3918,7,"Resonant 2to1 Stable",0,0,0,0,0
13,4,230.2104,9.3918,8,"Resonant 2to1 Unstable",0.916667,0.108779,0.121212,0.070023,0
13,4,230.2104,9.3918,9,"Resonant 3to1 Stable",0.833333,0.00502317,0,0.00152533,0
13,4,230.2104,9.3918,10,"Resonant 3to1 Unstable",0.833333,0.00682963,0,0.0029458,0
13,4,230.2104,9.3918,11,"Resonant 5to2 Stable",0.916667,0.00863129,0,0.00359931,0
13,4,230.2104,9.3918,12,"Resonant 5to2 Unstable",0.916667,0.0709807,0.242424,0.0335132,0
13,4,230.2104,9.3918,13,"Distant Prograde Orbit",0.916667,0.0875698,0.0606061,0.0660176,0
13,5,230.2104,10.2456,1,"Lyapunov L1",0.916667,0.0644135,0,0.0479086,0
13,5,230.2104,10.2456,2,"Lyapunov L2",0.916667,0.0226201,0,0.017473,0
13,5,230.2104,10.2456,3,"Cycler 21",0.916667,0.135081,0,0.115464,0
13,5,230.2104,10.2456,4,"Cycler 11a",0.916667,0.143992,0.212121,0.130598,0
13,5,230.2104,10.2456,5,"Cycler 11b",0.916667,0.131559,0.121212,0.113772,0
13,5,230.2104,10.2456,6,"Cycler 32",0.916667,0.126153,0.378788,0.112542,0
13,5,230.2104,10.2456,7,"Resonant 2to1 Stable",0,0,0,0,0
13,5,230.2104,10.2456,8,"Resonant 2to1 Unstable",0.916667,0.111454,0.121212,0.0713172,0
13,5,230.2104,10.2456,9,"Resonant 3to1 Stable",0.833333,0.00518297,0,0.00154687,0
13,5,230.2104,10.2456,10,"Resonant 3to1 Unstable",0.833333,0.0070289,0,0.00307419,0
13,5,230.2104,10.2456,11,"Resonant 5to2 Stable",0.916667,0.0086939,0,0.00399819,0
13,5,230.2104,10.2456,12,"Resonant 5to2 Unstable",0.916667,0.0909958,0.242424,0.0436268,0
13,5,230.2104,10.2456,13,"Distant Prograde Orbit",0.916667,0.0929997,0,0.068361,0
13,6,230.2104,11.0994,1,"Lyapunov L1",0.916667,0.0654323,0,0.0500784,0
13,6,230.2104,11.0994,2,"Lyapunov L2",0.916667,0.0232581,0,0.0178661,0
13,6,230.2104,11.0994,3,"Cycler 21",0.916667,0.138136,0,0.115579,0
13,6,230.2104,11.0994,4,"Cycler 11a",0.916667,0.147689,0.212121,0.131612,0
13,6,230.2104,11.0994,5,"Cycler 11b",0.916667,0.134557,0.121212,0.114391,0
13,6,230.2104,11.0994,6,"Cycler 32",0.916667,0.181349,0.378788,0.168543,0
13,6,230.2104,11.0994,7,"Resonant 2to1 Stable",0,0,0,0,0
13,6,230.2104,11.0994,8,"Resonant 2to1 Unstable",0.916667,0.113619,0.121212,0.0721909,0
13,6,230.2104,11.0994,9,"Resonant 3to1 Stable",0.833333,0.00533899,0,0.00157378,0
13,6,230.2104,11.0994,10,"Resonant 3to1 Unstable",0.833333,0.00720176,0,0.00311708,0
13,6,230.2104,11.0994,11,"Resonant 5to2 Stable",0.916667,0.00872599,0,0.00526309,0
13,6,230.2104,11.0994,12,"Resonant 5to2 Unstable",0.916667,0.164864,0.242424,0.0992048,0
13,6,230.2104,11.0994,13,"Distant Prograde Orbit",0.916667,0.10061,0,0.0699101,0
13,7,230.2104,11.9532,1,"Lyapunov L1",0.916667,0.0658684,0,0.0532934,0
13,7,230.2104,11.9532,2,"Lyapunov L2",0.916667,0.0274056,0,0.0207196,0
13,7,230.2104,11.9532,3,"Cycler 21",0.916667,0.13867,0,0.116861,0
13,7,230.2104,11.9532,4,"Cycler 11a",0.916667,0.148322,0.212121,0.132845,0
13,7,230.2104,11.9532,5,"Cycler 11b",0.916667,0.135038,0.121212,0.115192,0
13,7,230.2104,11.9532,6,"Cycler 32",0.916667,0.182153,0.378788,0.171052,0
13,7,230.2104,11.9532,7,"Resonant 2to1 Stable",0,0,0,0,0
13,7,230.2104,11.9532,8,"Resonant 2to1 Unstable",0.916667,0.114261,0.121212,0.0735205,0
13,7,230.2104,11.9532,9,"Resonant 3to1 Stable",0.833333,0.00541954,0,0.00159246,0
13,7,230.2104,11.9532,10,"Resonant 3to1 Unstable",0.833333,0.00811623,0,0.0036472,0
13,7,230.2104,11.9532,11,"Resonant 5to2 Stable",0.916667,0.00876478,0,0.00573457,0
13,7,230.2104,11.9532,12,"Resonant 5to2 Unstable",0.916667,0.165621,0.242424,0.100591,0
13,7,230.2104,11.9532,13,"Distant Prograde Orbit",0.916667,0.101357,0,0.0711185,0
13,8,230.2104,12.8070,1,"Lyapunov L1",0.916667,0.074988,0,0.0607625,0
13,8,230.2104,12.8070,2,"Lyapunov L2",0.916667,0.0328734,0,0.0249406,0
13,8,230.2104,12.8070,3,"Cycler 21",0.916667,0.142385,0,0.120574,0
13,8,230.2104,12.8070,4,"Cycler 11a",0.916667,0.153109,0.212121,0.136811,0
13,8,230.2104,12.8070,5,"Cycler 11b",0.916667,0.141287,0.121212,0.121934,0
13,8,230.2104,12.8070,6,"Cycler 32",0.916667,0.186991,0.378788,0.175396,0
13,8,230.2104,12.8070,7,"Resonant 2to1 Stable",0,0,0,0,0
13,8,230.2104,12.8070,8,"Resonant 2to1 Unstable",0.916667,0.116856,0.121212,0.0767474,0
13,8,230.2104,12.8070,9,"Resonant 3to1 Stable",0.916667,0.00587864,0,0.0016002,0
13,8,230.2104,12.8070,10,"Resonant 3to1 Unstable",0.916667,0.00966891,0,0.00400645,0
13,8,230.2104,12.8070,11,"Resonant 5to2 Stable",0.916667,0.00881744,0,0.00649064,0
13,8,230.2104,12.8070,12,"Resonant 5to2 Unstable",0.916667,0.169337,0.257576,0.101863,0
13,8,230.2104,12.8070,13,"Distant Prograde Orbit",0.916667,0.105644,0,0.0777547,0
13,9,230.2104,13.6608,1,"Lyapunov L1",0.916667,0.0814011,0,0.0683622,0
13,9,230.2104,13.6608,2,"Lyapunov L2",0.916667,0.0398415,0,0.0301902,0
13,9,230.2104,13.6608,3,"Cycler 21",0.916667,0.1526,0,0.130025,0
13,9,230.2104,13.6608,4,"Cycler 11a",0.916667,0.157145,0.212121,0.141927,0
13,9,230.2104,13.6608,5,"Cycler 11b",0.916667,0.149702,0.106061,0.129554,0
13,9,230.2104,13.6608,6,"Cycler 32",0.916667,0.196739,0.333333,0.185121,0
13,9,230.2104,13.6608,7,"Resonant 2to1 Stable",0,0,0,0,0
13,9,230.2104,13.6608,8,"Resonant 2to1 Unstable",0.916667,0.119914,0.121212,0.0800353,0
13,9,230.2104,13.6608,9,"Resonant 3to1 Stable",0.916667,0.00596539,0,0.0016075,0
13,9,230.2104,13.6608,10,"Resonant 3to1 Unstable",0.916667,0.0111551,0,0.00575847,0
13,9,230.2104,13.6608,11,"Resonant 5to2 Stable",0.916667,0.00886395,0,0.00676977,0
13,9,230.2104,13.6608,12,"Resonant 5to2 Unstable",0.916667,0.17634,0.257576,0.103743,0
13,9,230.2104,13.6608,13,"Distant Prograde Orbit",0.916667,0.111702,0,0.0838304,0
13,10,230.2104,14.5146,1,"Lyapunov L1",0.916667,0.0856057,0,0.0749571,0
13,10,230.2104,14.5146,2,"Lyapunov L2",0.916667,0.0436501,0,0.0335181,0
13,10,230.2104,14.5146,3,"Cycler 21",0.916667,0.157462,0.0151515,0.135534,0
13,10,230.2104,14.5146,4,"Cycler 11a",0.916667,0.16055,0.212121,0.145777,0
13,10,230.2104,14.5146,5,"Cycler 11b",0.916667,0.153159,0.0909091,0.133534,0
13,10,230.2104,14.5146,6,"Cycler 32",0.916667,0.199274,0.333333,0.188441,0
13,10,230.2104,14.5146,7,"Resonant 2to1 Stable",0,0,0,0,0
13,10,230.2104,14.5146,8,"Resonant 2to1 Unstable",0.916667,0.122537,0.121212,0.0829248,0
13,10,230.2104,14.5146,9,"Resonant 3to1 Stable",0.916667,0.00600815,0,0.00162373,0
13,10,230.2104,14.5146,10,"Resonant 3to1 Unstable",0.916667,0.0117857,0,0.00646569,0
13,10,230.2104,14.5146,11,"Resonant 5to2 Stable",0.916667,0.008893,0,0.00698251,0
13,10,230.2104,14.5146,12,"Resonant 5to2 Unstable",0.916667,0.178221,0.257576,0.105844,0
13,10,230.2104,14.5146,13,"Distant Prograde Orbit",0.916667,0.119364,0,0.0911384,0
13,11,230.2104,15.3684,1,"Lyapunov L1",0.916667,0.088208,0,0.0794688,0
13,11,230.2104,15.3684,2,"Lyapunov L2",0.916667,0.0467341,0,0.0365171,0
13,11,230.2104,15.3684,3,"Cycler 21",0.916667,0.160102,0.0151515,0.138594,0
13,11,230.2104,15.3684,4,"Cycler 11a",0.916667,0.163649,0.212121,0.150106,0
13,11,230.2104,15.3684,5,"Cycler 11b",0.916667,0.155271,0.0909091,0.136222,0
13,11,230.2104,15.3684,6,"Cycler 32",0.916667,0.199431,0.333333,0.18955,0
13,11,230.2104,15.3684,7,"Resonant 2to1 Stable",0,0,0,0,0
13,11,230.2104,15.3684,8,"Resonant 2to1 Unstable",0.916667,0.125275,0.121212,0.0861,0
13,11,230.2104,15.3684,9,"Resonant 3to1 Stable",0.916667,0.00614047,0,0.00165176,0
13,11,230.2104,15.3684,10,"Resonant 3to1 Unstable",0.916667,0.0121785,0,0.00694832,0
13,11,230.2104,15.3684,11,"Resonant 5to2 Stable",0.916667,0.00892926,0,0.0071554,0
13,11,230.2104,15.3684,12,"Resonant 5to2 Unstable",0.916667,0.178369,0.257576,0.108,0
13,11,230.2104,15.3684,13,"Distant Prograde Orbit",0.916667,0.127554,0,0.0991638,0
13,12,230.2104,16.2222,1,"Lyapunov L1",0.916667,0.0935817,0,0.0900098,0
13,12,230.2104,16.2222,2,"Lyapunov L2",0.916667,0.0498752,0,0.0391293,0
13,12,230.2104,16.2222,3,"Cycler 21",0.916667,0.161038,0,0.140362,0
13,12,230.2104,16.2222,4,"Cycler 11a",0.916667,0.165265,0.212121,0.152219,0
13,12,230.2104,16.2222,5,"Cycler 11b",0.916667,0.156126,0.0757576,0.138629,0
13,12,230.2104,16.2222,6,"Cycler 32",0.916667,0.200618,0.363636,0.192573,0
13,12,230.2104,16.2222,7,"Resonant 2to1 Stable",0,0,0,0,0
13,12,230.2104,16.2222,8,"Resonant 2to1 Unstable",0.916667,0.128942,0.121212,0.0910378,0
13,12,230.2104,16.2222,9,"Resonant 3to1 Stable",0.916667,0.0063619,0,0.00169064,0
13,12,230.2104,16.2222,10,"Resonant 3to1 Unstable",0.916667,0.0141393,0,0.00802456,0
13,12,230.2104,16.2222,11,"Resonant 5to2 Stable",0.916667,0.00896166,0,0.00771677,0
13,12,230.2104,16.2222,12,"Resonant 5to2 Unstable",0.916667,0.179386,0.136364,0.115479,0
13,12,230.2104,16.2222,13,"Distant Prograde Orbit",0.916667,0.129691,0,0.102836,0
13,13,230.2104,17.0760,1,"Lyapunov L1",0.916667,0.102107,0,0.0969011,0
13,13,230.2104,17.0760,2,"Lyapunov L2",0.916667,0.0552404,0,0.0427289,0
13,13,230.2104,17.0760,3,"Cycler 21",0.916667,0.162108,0,0.140919,0
13,13,230.2104,17.0760,4,"Cycler 11a",0.916667,0.169281,0.212121,0.155874,0
13,13,230.2104,17.0760,5,"Cycler 11b",0.916667,0.158275,0.030303,0.141098,0
13,13,230.2104,17.0760,6,"Cycler 32",0.916667,0.204062,0.333333,0.196113,0
13,13,230.2104,17.0760,7,"Resonant 2to1 Stable",0,0,0,0,0
13,13,230.2104,17.0760,8,"Resonant 2to1 Unstable",0.916667,0.130534,0.121212,0.094148,0
13,13,230.2104,17.0760,9,"Resonant 3to1 Stable",0.916667,0.00646916,0,0.00169703,0
13,13,230.2104,17.0760,10,"Resonant 3to1 Unstable",0.916667,0.0181286,0,0.00928799,0
13,13,230.2104,17.0760,11,"Resonant 5to2 Stable",0.916667,0.00898074,0,0.00794984,0
13,13,230.2104,17.0760,12,"Resonant 5to2 Unstable",0.916667,0.182296,0.257576,0.120821,0
13,13,230.2104,17.0760,13,"Distant Prograde Orbit",0.916667,0.134518,0,0.108255,0
13,14,230.2104,17.9298,1,"Lyapunov L1",0.916667,0.10571,0,0.101231,0
13,14,230.2104,17.9298,2,"Lyapunov L2",0.916667,0.0616884,0,0.049003,0
13,14,230.2104,17.9298,3,"Cycler 21",0.916667,0.163267,0,0.141715,0
13,14,230.2104,17.9298,4,"Cycler 11a",0.916667,0.169681,0.212121,0.157725,0
13,14,230.2104,17.9298,5,"Cycler 11b",0.916667,0.160859,0.030303,0.144768,0
13,14,230.2104,17.9298,6,"Cycler 32",0.916667,0.205998,0.333333,0.198586,0
13,14,230.2104,17.9298,7,"Resonant 2to1 Stable",0,0,0,0,0
13,14,230.2104,17.9298,8,"Resonant 2to1 Unstable",0.916667,0.13077,0.121212,0.0961913,0
13,14,230.2104,17.9298,9,"Resonant 3to1 Stable",0.916667,0.00654221,0,0.00171439,0
13,14,230.2104,17.9298,10,"Resonant 3to1 Unstable",0.916667,0.0192699,0,0.00988426,0
13,14,230.2104,17.9298,11,"Resonant 5to2 Stable",0.916667,0.00899358,0,0.00816751,0
13,14,230.2104,17.9298,12,"Resonant 5to2 Unstable",0.916667,0.183911,0.257576,0.124841,0
13,14,230.2104,17.9298,13,"Distant Prograde Orbit",0.916667,0.136406,0,0.110705,0
13,15,230.2104,18.7836,1,"Lyapunov L1",0.916667,0.106833,0,0.102613,0
13,15,230.2104,18.7836,2,"Lyapunov L2",0.916667,0.0634719,0,0.0520843,0
13,15,230.2104,18.7836,3,"Cycler 21",0.916667,0.163597,0,0.145238,0
13,15,230.2104,18.7836,4,"Cycler 11a",0.916667,0.169838,0.212121,0.158005,0
13,15,230.2104,18.7836,5,"Cycler 11b",0.916667,0.161784,0.0151515,0.145964,0
13,15,230.2104,18.7836,6,"Cycler 32",0.916667,0.20654,0.333333,0.199325,0
13,15,230.2104,18.7836,7,"Resonant 2to1 Stable",0,0,0,0,0
13,15,230.2104,18.7836,8,"Resonant 2to1 Unstable",0.916667,0.130899,0.121212,0.0968369,0
13,15,230.2104,18.7836,9,"Resonant 3to1 Stable",0.916667,0.00668193,0,0.00173729,0
13,15,230.2104,18.7836,10,"Resonant 3to1 Unstable",0.916667,0.0198876,0,0.0102854,0
13,15,230.2104,18.7836,11,"Resonant 5to2 Stable",0.916667,0.0090027,0,0.00847337,0
13,15,230.2104,18.7836,12,"Resonant 5to2 Unstable",0.916667,0.184377,0.257576,0.127354,0
13,15,230.2104,18.7836,13,"Distant Prograde Orbit",0.916667,0.137014,0,0.11147,0
13,16,230.2104,19.6374,1,"Lyapunov L1",0.916667,0.114032,0,0.11006,0
13,16,230.2104,19.6374,2,"Lyapunov L2",0.916667,0.0701216,0,0.0580268,0
13,16,230.2104,19.6374,3,"Cycler 21",0.916667,0.165291,0,0.147211,0
13,16,230.2104,19.6374,4,"Cycler 11a",0.916667,0.176791,0.212121,0.165105,0
13,16,230.2104,19.6374,5,"Cycler 11b",0.916667,0.16179,0,0.146165,0
13,16,230.2104,19.6374,6,"Cycler 32",0.916667,0.207024,0.333333,0.199881,0
13,16,230.2104,19.6374,7,"Resonant 2to1 Stable",0,0,0,0,0
13,16,230.2104,19.6374,8,"Resonant 2to1 Unstable",0.916667,0.13172,0.121212,0.097204,0
13,16,230.2104,19.6374,9,"Resonant 3to1 Stable",0.916667,0.0066869,0,0.00176188,0
13,16,230.2104,19.6374,10,"Resonant 3to1 Unstable",0.916667,0.0199184,0,0.0106468,0
13,16,230.2104,19.6374,11,"Resonant 5to2 Stable",0.916667,0.00908804,0,0.00859225,0
13,16,230.2104,19.6374,12,"Resonant 5to2 Unstable",0.916667,0.184773,0.257576,0.127899,0
13,16,230.2104,19.6374,13,"Distant Prograde Orbit",0.916667,0.137712,0,0.112192,0
13,17,230.2104,20.4912,1,"Lyapunov L1",0.916667,0.115485,0,0.111519,0
13,17,230.2104,20.4912,2,"Lyapunov L2",0.916667,0.073922,0,0.0608636,0
13,17,230.2104,20.4912,3,"Cycler 21",0.916667,0.166126,0,0.148106,0
13,17,230.2104,20.4912,4,"Cycler 11a",0.916667,0.178823,0.212121,0.167195,0
13,17,230.2104,20.4912,5,"Cycler 11b",0.916667,0.161797,0,0.146194,0
13,17,230.2104,20.4912,6,"Cycler 32",1,0.208132,0.348485,0.200987,1
13,17,230.2104,20.4912,7,"Resonant 2to1 Stable",0.166667,0.000730571,0,0.000366092,0
13,17,230.2104,20.4912,8,"Resonant 2to1 Unstable",0.916667,0.132137,0.121212,0.097316,0
13,17,230.2104,20.4912,9,"Resonant 3to1 Stable",0.916667,0.00669779,0,0.00176966,0
13,17,230.2104,20.4912,10,"Resonant 3to1 Unstable",0.916667,0.0199564,0,0.010886,0
13,17,230.2104,20.4912,11,"Resonant 5to2 Stable",0.916667,0.0091724,0,0.00873094,0
13,17,230.2104,20.4912,12,"Resonant 5to2 Unstable",1,0.185737,0.257576,0.128514,0
13,17,230.2104,20.4912,13,"Distant Prograde Orbit",0.916667,0.138282,0,0.113334,0
13,18,230.2104,21.3450,1,"Lyapunov L1",0.916667,0.11659,0,0.112039,0
13,18,230.2104,21.3450,2,"Lyapunov L2",0.916667,0.0794981,0,0.0672723,0
13,18,230.2104,21.3450,3,"Cycler 21",0.916667,0.173891,0,0.152557,0
13,18,230.2104,21.3450,4,"Cycler 11a",0.916667,0.18694,0.227273,0.174218,0
13,18,230.2104,21.3450,5,"Cycler 11b",0.916667,0.170712,0,0.150773,0
13,18,230.2104,21.3450,6,"Cycler 32",1,0.267779,0.363636,0.260663,1
13,18,230.2104,21.3450,7,"Resonant 2to1 Stable",0.166667,0.000731187,0,0.000366092,0
13,18,230.2104,21.3450,8,"Resonant 2to1 Unstable",0.916667,0.135946,0.136364,0.0989093,0
13,18,230.2104,21.3450,9,"Resonant 3to1 Stable",0.916667,0.00672271,0,0.00176966,0
13,18,230.2104,21.3450,10,"Resonant 3to1 Unstable",0.916667,0.0202379,0,0.0110145,0
13,18,230.2104,21.3450,11,"Resonant 5to2 Stable",0.916667,0.00977725,0,0.0089143,0
13,18,230.2104,21.3450,12,"Resonant 5to2 Unstable",1,0.250912,0.272727,0.18239,0
13,18,230.2104,21.3450,13,"Distant Prograde Orbit",0.916667,0.150505,0,0.121265,0
13,19,230.2104,22.1988,1,"Lyapunov L1",0.916667,0.118049,0,0.113446,0
13,19,230.2104,22.1988,2,"Lyapunov L2",0.916667,0.08945,0,0.0736005,0
13,19,230.2104,22.1988,3,"Cycler 21",0.916667,0.180186,0,0.160213,0
13,19,230.2104,22.1988,4,"Cycler 11a",0.916667,0.188667,0.227273,0.176073,0
13,19,230.2104,22.1988,5,"Cycler 11b",0.916667,0.173191,0,0.153781,0
13,19,230.2104,22.1988,6,"Cycler 32",1,0.276012,0.363636,0.26916,1
13,19,230.2104,22.1988,7,"Resonant 2to1 Stable",0.166667,0.000731187,0,0.000366092,0
13,19,230.2104,22.1988,8,"Resonant 2to1 Unstable",0.916667,0.136802,0.136364,0.104169,0
13,19,230.2104,22.1988,9,"Resonant 3to1 Stable",0.916667,0.00692462,0,0.00180565,0
13,19,230.2104,22.1988,10,"Resonant 3to1 Unstable",0.916667,0.0204074,0,0.0110768,0
13,19,230.2104,22.1988,11,"Resonant 5to2 Stable",0.916667,0.0103525,0,0.00917617,0
13,19,230.2104,22.1988,12,"Resonant 5to2 Unstable",1,0.257316,0.272727,0.18316,0
13,19,230.2104,22.1988,13,"Distant Prograde Orbit",0.916667,0.154453,0,0.125003,0
13,20,230.2104,23.0527,1,"Lyapunov L1",0.916667,0.118955,0,0.114788,0
13,20,230.2104,23.0527,2,"Lyapunov L2",0.916667,0.0919368,0,0.0766419,0
13,20,230.2104,23.0527,3,"Cycler 21",0.916667,0.181197,0,0.161368,0
13,20,230.2104,23.0527,4,"Cycler 11a",0.916667,0.189122,0.227273,0.176587,0
13,20,230.2104,23.0527,5,"Cycler 11b",0.916667,0.175803,0,0.156335,0
13,20,230.2104,23.0527,6,"Cycler 32",1,0.27765,0.393939,0.270934,1
13,20,230.2104,23.0527,7,"Resonant 2to1 Stable",0.166667,0.000731187,0,0.000366092,0
13,20,230.2104,23.0527,8,"Resonant 2to1 Unstable",0.916667,0.137138,0.136364,0.105108,0
13,20,230.2104,23.0527,9,"Resonant 3to1 Stable",0.916667,0.00705764,0,0.00186571,0
13,20,230.2104,23.0527,10,"Resonant 3to1 Unstable",0.916667,0.0204691,0,0.0111079,0
13,20,230.2104,23.0527,11,"Resonant 5to2 Stable",0.916667,0.0112647,0,0.0094537,0
13,20,230.2104,23.0527,12,"Resonant 5to2 Unstable",1,0.258522,0.151515,0.185358,0
13,20,230.2104,23.0527,13,"Distant Prograde Orbit",0.916667,0.15683,0,0.127275,0
13,21,230.2104,23.9065,1,"Lyapunov L1",0.916667,0.119274,0,0.117386,0
13,21,230.2104,23.9065,2,"Lyapunov L2",0.916667,0.0921159,0,0.0768824,0
13,21,230.2104,23.9065,3,"Cycler 21",0.916667,0.181836,0,0.162042,0
13,21,230.2104,23.9065,4,"Cycler 11a",0.916667,0.196785,0.227273,0.182846,0
13,21,230.2104,23.9065,5,"Cycler 11b",0.916667,0.176454,0,0.157489,0
13,21,230.2104,23.9065,6,"Cycler 32",1,0.283815,0.363636,0.279639,1
13,21,230.2104,23.9065,7,"Resonant 2to1 Stable",0.166667,0.000731187,0,0.000366092,0
13,21,230.2104,23.9065,8,"Resonant 2to1 Unstable",0.916667,0.140452,0.136364,0.109523,0
13,21,230.2104,23.9065,9,"Resonant 3to1 Stable",0.916667,0.00706539,0,0.00186571,0
13,21,230.2104,23.9065,10,"Resonant 3to1 Unstable",0.916667,0.0205756,0,0.0111079,0
13,21,230.2104,23.9065,11,"Resonant 5to2 Stable",0.916667,0.0117219,0,0.00960334,0
13,21,230.2104,23.9065,12,"Resonant 5to2 Unstable",1,0.263421,0.151515,0.190714,0
13,21,230.2104,23.9065,13,"Distant Prograde Orbit",0.916667,0.158042,0,0.128593,0
13,22,230.2104,24.7603,1,"Lyapunov L1",0.916667,0.120636,0,0.118723,0
13,22,230.2104,24.7603,2,"Lyapunov L2",0.916667,0.0930258,0,0.0778958,0
13,22,230.2104,24.7603,3,"Cycler 21",0.916667,0.181856,0,0.162545,0
13,22,230.2104,24.7603,4,"Cycler 11a",0.916667,0.196806,0.227273,0.182878,0
13,22,230.2104,24.7603,5,"Cycler 11b",0.916667,0.176473,0,0.158033,0
13,22,230.2104,24.7603,6,"Cycler 32",1,0.284259,0.363636,0.280163,1
13,22,230.2104,24.7603,7,"Resonant 2to1 Stable",0.166667,0.000731187,0,0.000366092,0
13,22,230.2104,24.7603,8,"Resonant 2to1 Unstable",0.916667,0.140475,0.136364,0.109762,0
13,22,230.2104,24.7603,9,"Resonant 3to1 Stable",0.916667,0.00706664,0,0.00186571,0
13,22,230.2104,24.7603,10,"Resonant 3to1 Unstable",0.916667,0.0206075,0,0.0111237,0
13,22,230.2104,24.7603,11,"Resonant 5to2 Stable",0.916667,0.0119092,0,0.00993189,0
13,22,230.2104,24.7603,12,"Resonant 5to2 Unstable",1,0.264222,0.151515,0.192733,0
13,22,230.2104,24.7603,13,"Distant Prograde Orbit",0.916667,0.15884,0,0.129495,0
13,23,230.2104,25.6141,1,"Lyapunov L1",0.916667,0.124194,0,0.122295,0
13,23,230.2104,25.6141,2,"Lyapunov L2",0.916667,0.0942542,0,0.0791044,0
13,23,230.2104,25.6141,3,"Cycler 21",0.916667,0.182749,0,0.163762,0
13,23,230.2104,25.6141,4,"Cycler 11a",0.916667,0.196939,0.242424,0.183046,0
13,23,230.2104,25.6141,5,"Cycler 11b",0.916667,0.176592,0,0.158324,0
13,23,230.2104,25.6141,6,"Cycler 32",1,0.285507,0.363636,0.281367,1
13,23,230.2104,25.6141,7,"Resonant 2to1 Stable",0.166667,0.000731187,0,0.000366092,0
13,23,230.2104,25.6141,8,"Resonant 2to1 Unstable",0.916667,0.140878,0,0.110487,0
13,23,230.2104,25.6141,9,"Resonant 3to1 Stable",0.916667,0.00706961,0,0.00186571,0
13,23,230.2104,25.6141,10,"Resonant 3to1 Unstable",0.916667,0.0206701,0,0.0111237,0
13,23,230.2104,25.6141,11,"Resonant 5to2 Stable",0.916667,0.0129691,0,0.0105805,0
13,23,230.2104,25.6141,12,"Resonant 5to2 Unstable",1,0.264765,0.151515,0.194595,0
13,23,230.2104,25.6141,13,"Distant Prograde Orbit",0.916667,0.15932,0,0.130266,0
13,24,230.2104,26.4679,1,"Lyapunov L1",0.916667,0.124665,0,0.12277,0
13,24,230.2104,26.4679,2,"Lyapunov L2",0.916667,0.0946748,0,0.0795441,0
13,24,230.2104,26.4679,3,"Cycler 21",0.916667,0.182951,0,0.163837,0
13,24,230.2104,26.4679,4,"Cycler 11a",0.916667,0.197161,0.227273,0.183219,0
13,24,230.2104,26.4679,5,"Cycler 11b",0.916667,0.176789,0,0.158507,0
13,24,230.2104,26.4679,6,"Cycler 32",1,0.285704,0.363636,0.281535,1
13,24,230.2104,26.4679,7,"Resonant 2to1 Stable",0.166667,0.000731187,0,0.000366092,0
13,24,230.2104,26.4679,8,"Resonant 2to1 Unstable",0.916667,0.141195,0.136364,0.110963,0
13,24,230.2104,26.4679,9,"Resonant 3to1 Stable",0.916667,0.00706961,0,0.00186571,0
13,24,230.2104,26.4679,10,"Resonant 3to1 Unstable",0.916667,0.0207482,0,0.0111532,0
13,24,230.2104,26.4679,11,"Resonant 5to2 Stable",0.916667,0.0149466,0,0.0118581,0
13,24,230.2104,26.4679,12,"Resonant 5to2 Unstable",1,0.264974,0.151515,0.195152,0
13,24,230.2104,26.4679,13,"Distant Prograde Orbit",0.916667,0.159517,0,0.130266,0
13,25,230.2104,27.3217,1,"Lyapunov L1",0.916667,0.126123,0,0.124326,0
13,25,230.2104,27.3217,2,"Lyapunov L2",0.916667,0.0949733,0,0.0798141,0
13,25,230.2104,27.3217,3,"Cycler 21",0.916667,0.184154,0,0.165048,0
13,25,230.2104,27.3217,4,"Cycler 11a",0.916667,0.197217,0.227273,0.183348,0
13,25,230.2104,27.3217,5,"Cycler 11b",0.916667,0.176839,0,0.158643,0
13,25,230.2104,27.3217,6,"Cycler 32",1,0.289038,0.363636,0.284937,1
13,25,230.2104,27.3217,7,"Resonant 2to1 Stable",0.166667,0.000731187,0,0.000366092,0
13,25,230.2104,27.3217,8,"Resonant 2to1 Unstable",0.916667,0.141256,0.136364,0.115345,0
13,25,230.2104,27.3217,9,"Resonant 3to1 Stable",0.916667,0.00707137,0,0.00186571,0
13,25,230.2104,27.3217,10,"Resonant 3to1 Unstable",0.916667,0.0207844,0,0.0111727,0
13,25,230.2104,27.3217,11,"Resonant 5to2 Stable",0.916667,0.0154188,0,0.0125651,0
13,25,230.2104,27.3217,12,"Resonant 5to2 Unstable",1,0.267237,0.151515,0.198,0
13,25,230.2104,27.3217,13,"Distant Prograde Orbit",0.916667,0.165085,0,0.135073,0
14,1,245.1314,6.8304,1,"Lyapunov L1",0.916667,0.0439703,0,0.03217,0
14,1,245.1314,6.8304,2,"Lyapunov L2",0.916667,0.011449,0,0.0080233,0
14,1,245.1314,6.8304,3,"Cycler 21",0.916667,0.119612,0.0606061,0.100983,0
14,1,245.1314,6.8304,4,"Cycler 11a",0.916667,0.124138,0.212121,0.115048,0
14,1,245.1314,6.8304,5,"Cycler 11b",0.916667,0.104076,0.121212,0.0899036,0
14,1,245.1314,6.8304,6,"Cycler 32",0.916667,0.08762,0.378788,0.0751783,0
14,1,245.1314,6.8304,7,"Resonant 2to1 Stable",0,0,0,0,0
14,1,245.1314,6.8304,8,"Resonant 2to1 Unstable",0.916667,0.0996561,0.121212,0.0611831,0
14,1,245.1314,6.8304,9,"Resonant 3to1 Stable",0.833333,0.00442089,0,0.00139445,0
14,1,245.1314,6.8304,10,"Resonant 3to1 Unstable",0.833333,0.00597475,0,0.00299232,0
14,1,245.1314,6.8304,11,"Resonant 5to2 Stable",0.916667,0.00836556,0,0.00348434,0
14,1,245.1314,6.8304,12,"Resonant 5to2 Unstable",0.916667,0.0505372,0.121212,0.0238584,0
14,1,245.1314,6.8304,13,"Distant Prograde Orbit",0.916667,0.0631718,0,0.0458883,0
14,2,245.1314,7.6842,1,"Lyapunov L1",0.916667,0.0489938,0,0.0363504,0
14,2,245.1314,7.6842,2,"Lyapunov L2",0.916667,0.0140626,0,0.0102055,0
14,2,245.1314,7.6842,3,"Cycler 21",0.916667,0.124067,0.0151515,0.105602,0
14,2,245.1314,7.6842,4,"Cycler 11a",0.916667,0.130422,0.212121,0.120486,0
14,2,245.1314,7.6842,5,"Cycler 11b",0.916667,0.112125,0.0909091,0.0977538,0
14,2,245.1314,7.6842,6,"Cycler 32",0.916667,0.0976403,0.378788,0.0844456,0
14,2,245.1314,7.6842,7,"Resonant 2to1 Stable",0,0,0,0,0
14,2,245.1314,7.6842,8,"Resonant 2to1 Unstable",0.916667,0.103337,0.121212,0.0636595,0
14,2,245.1314,7.6842,9,"Resonant 3to1 Stable",0.833333,0.00461061,0,0.00144044,0
14,2,245.1314,7.6842,10,"Resonant 3to1 Unstable",0.833333,0.00619189,0,0.00312129,0
14,2,245.1314,7.6842,11,"Resonant 5to2 Stable",0.916667,0.00847303,0,0.00352716,0
14,2,245.1314,7.6842,12,"Resonant 5to2 Unstable",0.916667,0.0576994,0.121212,0.0275044,0
14,2,245.1314,7.6842,13,"Distant Prograde Orbit",0.916667,0.0714408,0,0.0523746,0
14,3,245.1314,8.5380,1,"Lyapunov L1",0.916667,0.0596739,0,0.0427827,0
14,3,245.1314,8.5380,2,"Lyapunov L2",0.916667,0.0171288,0,0.0127602,0
14,3,245.1314,8.5380,3,"Cycler 21",0.916667,0.129552,0,0.111097,0
14,3,245.1314,8.5380,4,"Cycler 11a",0.916667,0.136021,0.242424,0.124731,0
14,3,245.1314,8.5380,5,"Cycler 11b",0.916667,0.121759,0.151515,0.106649,0
14,3,245.1314,8.5380,6,"Cycler 32",0.916667,0.106899,0.378788,0.092784,0
14,3,245.1314,8.5380,7,"Resonant 2to1 Stable",0,0,0,0,0
14,3,245.1314,8.5380,8,"Resonant 2to1 Unstable",0.916667,0.106415,0.121212,0.066574,0
14,3,245.1314,8.5380,9,"Resonant 3to1 Stable",0.833333,0.00483465,0,0.0014824,0
14,3,245.1314,8.5380,10,"Resonant 3to1 Unstable",0.833333,0.00659256,0,0.00325402,0
14,3,245.1314,8.5380,11,"Resonant 5to2 Stable",0.916667,0.00856932,0,0.00391159,0
14,3,245.1314,8.5380,12,"Resonant 5to2 Unstable",0.916667,0.0624445,0.121212,0.0295526,0
14,3,245.1314,8.5380,13,"Distant Prograde Orbit",0.916667,0.0789879,0,0.0580992,0
14,4,245.1314,9.3918,1,"Lyapunov L1",0.916667,0.0627996,0,0.0461124,0
14,4,245.1314,9.3918,2,"Lyapunov L2",0.916667,0.0196828,0,0.0149764,0
14,4,245.1314,9.3918,3,"Cycler 21",0.916667,0.132813,0,0.115163,0
14,4,245.1314,9.3918,4,"Cycler 11a",0.916667,0.140156,0.212121,0.128825,0
14,4,245.1314,9.3918,5,"Cycler 11b",0.916667,0.127841,0.121212,0.111786,0
14,4,245.1314,9.3918,6,"Cycler 32",0.916667,0.114449,0.378788,0.100713,0
14,4,245.1314,9.3918,7,"Resonant 2to1 Stable",0,0,0,0,0
14,4,245.1314,9.3918,8,"Resonant 2to1 Unstable",0.916667,0.108779,0.121212,0.070023,0
14,4,245.1314,9.3918,9,"Resonant 3to1 Stable",0.833333,0.00502317,0,0.00152533,0
14,4,245.1314,9.3918,10,"Resonant 3to1 Unstable",0.833333,0.00682963,0,0.00335841,0
14,4,245.1314,9.3918,11,"Resonant 5to2 Stable",0.916667,0.00863129,0,0.0039577,0
14,4,245.1314,9.3918,12,"Resonant 5to2 Unstable",0.916667,0.0709807,0.242424,0.0335141,0
14,4,245.1314,9.3918,13,"Distant Prograde Orbit",0.916667,0.0875698,0.0606061,0.0660176,0
14,5,245.1314,10.2456,1,"Lyapunov L1",0.916667,0.0644135,0,0.0479148,0
14,5,245.1314,10.2456,2,"Lyapunov L2",0.916667,0.0226201,0,0.017473,0
14,5,245.1314,10.2456,3,"Cycler 21",0.916667,0.135081,0,0.115918,0
14,5,245.1314,10.2456,4,"Cycler 11a",0.916667,0.143992,0.212121,0.130598,0
14,5,245.1314,10.2456,5,"Cycler 11b",0.916667,0.131559,0.121212,0.114167,0
14,5,245.1314,10.2456,6,"Cycler 32",0.916667,0.126153,0.378788,0.112899,0
14,5,245.1314,10.2456,7,"Resonant 2to1 Stable",0,0,0,0,0
14,5,245.1314,10.2456,8,"Resonant 2to1 Unstable",0.916667,0.111454,0.121212,0.0713172,0
14,5,245.1314,10.2456,9,"Resonant 3to1 Stable",0.833333,0.00518297,0,0.00154687,0
14,5,245.1314,10.2456,10,"Resonant 3to1 Unstable",0.833333,0.0070289,0,0.0034868,0
14,5,245.1314,10.2456,11,"Resonant 5to2 Stable",0.916667,0.0086939,0,0.00480856,0
14,5,245.1314,10.2456,12,"Resonant 5to2 Unstable",0.916667,0.0909958,0.242424,0.0436361,0
14,5,245.1314,10.2456,13,"Distant Prograde Orbit",0.916667,0.0929997,0,0.068361,0
14,6,245.1314,11.0994,1,"Lyapunov L1",0.916667,0.0654323,0,0.0501108,0
14,6,245.1314,11.0994,2,"Lyapunov L2",0.916667,0.0232581,0,0.0178661,0
14,6,245.1314,11.0994,3,"Cycler 21",0.916667,0.138136,0,0.116006,0
14,6,245.1314,11.0994,4,"Cycler 11a",0.916667,0.147689,0.212121,0.131625,0
14,6,245.1314,11.0994,5,"Cycler 11b",0.916667,0.134557,0.121212,0.11441,0
14,6,245.1314,11.0994,6,"Cycler 32",0.916667,0.181349,0.378788,0.168572,0
14,6,245.1314,11.0994,7,"Resonant 2to1 Stable",0,0,0,0,0
14,6,245.1314,11.0994,8,"Resonant 2to1 Unstable",0.916667,0.113619,0.121212,0.0721909,0
14,6,245.1314,11.0994,9,"Resonant 3to1 Stable",0.833333,0.00533899,0,0.00157378,0
14,6,245.1314,11.0994,10,"Resonant 3to1 Unstable",0.833333,0.00720176,0,0.00354255,0
14,6,245.1314,11.0994,11,"Resonant 5to2 Stable",0.916667,0.00872599,0,0.0053842,0
14,6,245.1314,11.0994,12,"Resonant 5to2 Unstable",0.916667,0.164864,0.242424,0.0992312,0
14,6,245.1314,11.0994,13,"Distant Prograde Orbit",0.916667,0.10061,0,0.0699101,0
14,7,245.1314,11.9532,1,"Lyapunov L1",0.916667,0.0658684,0,0.0532934,0
14,7,245.1314,11.9532,2,"Lyapunov L2",0.916667,0.0274056,0,0.0207196,0
14,7,245.1314,11.9532,3,"Cycler 21",0.916667,0.13867,0,0.116894,0
14,7,245.1314,11.9532,4,"Cycler 11a",0.916667,0.148322,0.212121,0.132857,0
14,7,245.1314,11.9532,5,"Cycler 11b",0.916667,0.135038,0.121212,0.115561,0
14,7,245.1314,11.9532,6,"Cycler 32",1,0.182496,0.393939,0.171395,1
14,7,245.1314,11.9532,7,"Resonant 2to1 Stable",0.166667,0.000685392,0,0.000343406,0
14,7,245.1314,11.9532,8,"Resonant 2to1 Unstable",0.916667,0.114261,0.121212,0.0735205,0
14,7,245.1314,11.9532,9,"Resonant 3to1 Stable",0.916667,0.00577287,0,0.00159246,0
14,7,245.1314,11.9532,10,"Resonant 3to1 Unstable",0.916667,0.00846956,0,0.00406215,0
14,7,245.1314,11.9532,11,"Resonant 5to2 Stable",0.916667,0.00876478,0,0.00615256,0
14,7,245.1314,11.9532,12,"Resonant 5to2 Unstable",1,0.165963,0.257576,0.100591,0
14,7,245.1314,11.9532,13,"Distant Prograde Orbit",0.916667,0.101357,0,0.0715365,0
14,8,245.1314,12.8070,1,"Lyapunov L1",0.916667,0.074988,0,0.0607625,0
14,8,245.1314,12.8070,2,"Lyapunov L2",0.916667,0.0328734,0,0.0249406,0
14,8,245.1314,12.8070,3,"Cycler 21",1,0.142726,0,0.120581,0
14,8,245.1314,12.8070,4,"Cycler 11a",1,0.153451,0.212121,0.136823,0
14,8,245.1314,12.8070,5,"Cycler 11b",1,0.141628,0.121212,0.122324,0
14,8,245.1314,12.8070,6,"Cycler 32",1,0.18734,0.454545,0.175744,1
14,8,245.1314,12.8070,7,"Resonant 2to1 Stable",0.5,0.00206483,0,0.000348737,0
14,8,245.1314,12.8070,8,"Resonant 2to1 Unstable",0.916667,0.116856,0.121212,0.0767474,0
14,8,245.1314,12.8070,9,"Resonant 3to1 Stable",0.916667,0.00587864,0,0.0016002,0
14,8,245.1314,12.8070,10,"Resonant 3to1 Unstable",0.916667,0.00966891,0,0.00441619,0
14,8,245.1314,12.8070,11,"Resonant 5to2 Stable",0.916667,0.00881744,0,0.00649064,0
14,8,245.1314,12.8070,12,"Resonant 5to2 Unstable",1,0.169684,0.257576,0.101863,0
14,8,245.1314,12.8070,13,"Distant Prograde Orbit",1,0.105989,0,0.0777547,0
14,9,245.1314,13.6608,1,"Lyapunov L1",0.916667,0.0814011,0,0.0683622,0
14,9,245.1314,13.6608,2,"Lyapunov L2",0.916667,0.0398415,0,0.0305314,0
14,9,245.1314,13.6608,3,"Cycler 21",1,0.152943,0,0.130025,0
14,9,245.1314,13.6608,4,"Cycler 11a",1,0.15749,0.227273,0.141927,0
14,9,245.1314,13.6608,5,"Cycler 11b",1,0.150046,0.106061,0.129554,0
14,9,245.1314,13.6608,6,"Cycler 32",1,0.197089,0.424242,0.185471,0
14,9,245.1314,13.6608,7,"Resonant 2to1 Stable",0.583333,0.00241863,0,0.00069148,0
14,9,245.1314,13.6608,8,"Resonant 2to1 Unstable",1,0.120255,0.121212,0.0800353,0
14,9,245.1314,13.6608,9,"Resonant 3to1 Stable",0.916667,0.00596539,0,0.0016075,0
14,9,245.1314,13.6608,10,"Resonant 3to1 Unstable",0.916667,0.0111551,0,0.00575847,0
14,9,245.1314,13.6608,11,"Resonant 5to2 Stable",0.916667,0.00886395,0,0.00711098,0
14,9,245.1314,13.6608,12,"Resonant 5to2 Unstable",1,0.176689,0.257576,0.104084,0
14,9,245.1314,13.6608,13,"Distant Prograde Orbit",1,0.112048,0,0.0838304,0
14,10,245.1314,14.5146,1,"Lyapunov L1",1,0.0859469,0,0.0749571,0
14,10,245.1314,14.5146,2,"Lyapunov L2",0.916667,0.0436501,0,0.0338751,0
14,10,245.1314,14.5146,3,"Cycler 21",1,0.15781,0.0151515,0.135534,0
14,10,245.1314,14.5146,4,"Cycler 11a",1,0.160899,0.227273,0.145777,0
14,10,245.1314,14.5146,5,"Cycler 11b",1,0.153507,0.106061,0.133534,0
14,10,245.1314,14.5146,6,"Cycler 32",1,0.199628,0.439394,0.188795,0
14,10,245.1314,14.5146,7,"Resonant 2to1 Stable",0.666667,0.00278755,0,0.000695463,0
14,10,245.1314,14.5146,8,"Resonant 2to1 Unstable",1,0.122882,0.121212,0.0829248,0
14,10,245.1314,14.5146,9,"Resonant 3to1 Stable",0.916667,0.00600815,0,0.00162373,0
14,10,245.1314,14.5146,10,"Resonant 3to1 Unstable",0.916667,0.0117857,0,0.00646569,0
14,10,245.1314,14.5146,11,"Resonant 5to2 Stable",0.916667,0.008893,0,0.00733955,0
14,10,245.1314,14.5146,12,"Resonant 5to2 Unstable",1,0.178574,0.257576,0.106185,0
14,10,245.1314,14.5146,13,"Distant Prograde Orbit",1,0.119714,0,0.0911384,0
14,11,245.1314,15.3684,1,"Lyapunov L1",1,0.088552,0,0.0794688,0
14,11,245.1314,15.3684,2,"Lyapunov L2",0.916667,0.0467341,0,0.0369154,0
14,11,245.1314,15.3684,3,"Cycler 21",1,0.160453,0.0151515,0.138594,0
14,11,245.1314,15.3684,4,"Cycler 11a",1,0.164,0.227273,0.150106,0
14,11,245.1314,15.3684,5,"Cycler 11b",1,0.155622,0.106061,0.136222,0
14,11,245.1314,15.3684,6,"Cycler 32",1,0.199789,0.439394,0.189908,0
14,11,245.1314,15.3684,7,"Resonant 2to1 Stable",0.666667,0.00281185,0,0.000698605,0
14,11,245.1314,15.3684,8,"Resonant 2to1 Unstable",1,0.125623,0.121212,0.0861,0
14,11,245.1314,15.3684,9,"Resonant 3to1 Stable",0.916667,0.00614047,0,0.00165176,0
14,11,245.1314,15.3684,10,"Resonant 3to1 Unstable",0.916667,0.0121785,0,0.00694832,0
14,11,245.1314,15.3684,11,"Resonant 5to2 Stable",0.916667,0.00892926,0,0.00755374,0
14,11,245.1314,15.3684,12,"Resonant 5to2 Unstable",1,0.178725,0.257576,0.108341,0
14,11,245.1314,15.3684,13,"Distant Prograde Orbit",1,0.127907,0,0.0991638,0
14,12,245.1314,16.2222,1,"Lyapunov L1",1,0.0939258,0,0.0900098,0
14,12,245.1314,16.2222,2,"Lyapunov L2",0.916667,0.0498752,0,0.0391293,0
14,12,245.1314,16.2222,3,"Cycler 21",1,0.161389,0,0.140362,0
14,12,245.1314,16.2222,4,"Cycler 11a",1,0.165616,0.227273,0.152219,0
14,12,245.1314,16.2222,5,"Cycler 11b",1,0.156477,0.0909091,0.138629,0
14,12,245.1314,16.2222,6,"Cycler 32",1,0.200976,0.469697,0.192931,0
14,12,245.1314,16.2222,7,"Resonant 2to1 Stable",0.666667,0.00281185,0,0.000700109,0
14,12,245.1314,16.2222,8,"Resonant 2to1 Unstable",1,0.12929,0.121212,0.0910378,0
14,12,245.1314,16.2222,9,"Resonant 3to1 Stable",0.916667,0.0063619,0,0.00169064,0
14,12,245.1314,16.2222,10,"Resonant 3to1 Unstable",0.916667,0.0141393,0,0.00802456,0
14,12,245.1314,16.2222,11,"Resonant 5to2 Stable",0.916667,0.00896166,0,0.00771677,0
14,12,245.1314,16.2222,12,"Resonant 5to2 Unstable",1,0.179742,0.136364,0.115822,0
14,12,245.1314,16.2222,13,"Distant Prograde Orbit",1,0.130044,0,0.102836,0
14,13,245.1314,17.0760,1,"Lyapunov L1",1,0.102454,0,0.0969011,0
14,13,245.1314,17.0760,2,"Lyapunov L2",1,0.0555814,0,0.0427423,0
14,13,245.1314,17.0760,3,"Cycler 21",1,0.16246,0,0.140919,0
14,13,245.1314,17.0760,4,"Cycler 11a",1,0.169633,0.227273,0.155874,0
14,13,245.1314,17.0760,5,"Cycler 11b",1,0.158627,0.030303,0.141098,0
14,13,245.1314,17.0760,6,"Cycler 32",1,0.20442,0.454545,0.196472,0
14,13,245.1314,17.0760,7,"Resonant 2to1 Stable",0.75,0.00316228,0,0.000704133,0
14,13,245.1314,17.0760,8,"Resonant 2to1 Unstable",1,0.130883,0.121212,0.094148,0
14,13,245.1314,17.0760,9,"Resonant 3to1 Stable",0.916667,0.00646916,0,0.00169703,0
14,13,245.1314,17.0760,10,"Resonant 3to1 Unstable",0.916667,0.0181286,0,0.00928799,0
14,13,245.1314,17.0760,11,"Resonant 5to2 Stable",0.916667,0.00898074,0,0.00796325,0
14,13,245.1314,17.0760,12,"Resonant 5to2 Unstable",1,0.182653,0.257576,0.121166,0
14,13,245.1314,17.0760,13,"Distant Prograde Orbit",1,0.134871,0,0.108255,0
14,14,245.1314,17.9298,1,"Lyapunov L1",1,0.106058,0,0.101231,0
14,14,245.1314,17.9298,2,"Lyapunov L2",1,0.0620317,0,0.049003,0
14,14,245.1314,17.9298,3,"Cycler 21",1,0.163619,0,0.141715,0
14,14,245.1314,17.9298,4,"Cycler 11a",1,0.170033,0.227273,0.157725,0
14,14,245.1314,17.9298,5,"Cycler 11b",1,0.161211,0.030303,0.144768,0
14,14,245.1314,17.9298,6,"Cycler 32",1,0.206357,0.454545,0.198944,0
14,14,245.1314,17.9298,7,"Resonant 2to1 Stable",0.75,0.00316524,0,0.000704489,0
14,14,245.1314,17.9298,8,"Resonant 2to1 Unstable",1,0.131119,0.121212,0.0961913,0
14,14,245.1314,17.9298,9,"Resonant 3to1 Stable",0.916667,0.00654221,0,0.00171439,0
14,14,245.1314,17.9298,10,"Resonant 3to1 Unstable",0.916667,0.0192699,0,0.00988426,0
14,14,245.1314,17.9298,11,"Resonant 5to2 Stable",0.916667,0.00899358,0,0.00816751,0
14,14,245.1314,17.9298,12,"Resonant 5to2 Unstable",1,0.184268,0.257576,0.125187,0
14,14,245.1314,17.9298,13,"Distant Prograde Orbit",1,0.13676,0,0.110705,0
14,15,245.1314,18.7836,1,"Lyapunov L1",1,0.107182,0,0.102613,0
14,15,245.1314,18.7836,2,"Lyapunov L2",1,0.0638172,0,0.0520843,0
14,15,245.1314,18.7836,3,"Cycler 21",1,0.16395,0,0.145238,0
14,15,245.1314,18.7836,4,"Cycler 11a",1,0.170192,0.227273,0.158005,0
14,15,245.1314,18.7836,5,"Cycler 11b",1,0.162137,0.0151515,0.145964,0
14,15,245.1314,18.7836,6,"Cycler 32",1,0.2069,0.454545,0.199685,0
14,15,245.1314,18.7836,7,"Resonant 2to1 Stable",0.75,0.00317755,0,0.000706839,0
14,15,245.1314,18.7836,8,"Resonant 2to1 Unstable",1,0.131249,0.121212,0.0968369,0
14,15,245.1314,18.7836,9,"Resonant 3to1 Stable",0.916667,0.00668193,0,0.00173729,0
14,15,245.1314,18.7836,10,"Resonant 3to1 Unstable",0.916667,0.0198876,0,0.0102854,0
14,15,245.1314,18.7836,11,"Resonant 5to2 Stable",0.916667,0.0090027,0,0.00847337,0
14,15,245.1314,18.7836,12,"Resonant 5to2 Unstable",1,0.184735,0.257576,0.127701,0
14,15,245.1314,18.7836,13,"Distant Prograde Orbit",1,0.137369,0,0.11147,0
14,16,245.1314,19.6374,1,"Lyapunov L1",1,0.114381,0,0.11006,0
14,16,245.1314,19.6374,2,"Lyapunov L2",1,0.070468,0,0.0580268,0
14,16,245.1314,19.6374,3,"Cycler 21",1,0.165644,0,0.147211,0
14,16,245.1314,19.6374,4,"Cycler 11a",1,0.177145,0.227273,0.165105,0
14,16,245.1314,19.6374,5,"Cycler 11b",1,0.162144,0,0.146165,0
14,16,245.1314,19.6374,6,"Cycler 32",1,0.207384,0.454545,0.200241,0
14,16,245.1314,19.6374,7,"Resonant 2to1 Stable",0.75,0.00318249,0,0.000707324,0
14,16,245.1314,19.6374,8,"Resonant 2to1 Unstable",1,0.13207,0.121212,0.097204,0
14,16,245.1314,19.6374,9,"Resonant 3to1 Stable",0.916667,0.0066869,0,0.00176188,0
14,16,245.1314,19.6374,10,"Resonant 3to1 Unstable",0.916667,0.0199184,0,0.0106468,0
14,16,245.1314,19.6374,11,"Resonant 5to2 Stable",0.916667,0.00908804,0,0.00859225,0
14,16,245.1314,19.6374,12,"Resonant 5to2 Unstable",1,0.185132,0.257576,0.128246,0
14,16,245.1314,19.6374,13,"Distant Prograde Orbit",1,0.138068,0,0.112192,0
14,17,245.1314,20.4912,1,"Lyapunov L1",1,0.11584,0,0.111519,0
14,17,245.1314,20.4912,2,"Lyapunov L2",1,0.0742749,0,0.0608636,0
14,17,245.1314,20.4912,3,"Cycler 21",1,0.166485,0,0.148106,0
14,17,245.1314,20.4912,4,"Cycler 11a",1,0.179182,0.227273,0.167195,0
14,17,245.1314,20.4912,5,"Cycler 11b",1,0.162157,0,0.146194,0
14,17,245.1314,20.4912,6,"Cycler 32",1,0.208132,0.454545,0.200987,0
14,17,245.1314,20.4912,7,"Resonant 2to1 Stable",0.75,0.00323424,0,0.000713174,0
14,17,245.1314,20.4912,8,"Resonant 2to1 Unstable",1,0.132494,0.121212,0.097316,0
14,17,245.1314,20.4912,9,"Resonant 3to1 Stable",0.916667,0.00669779,0,0.00176966,0
14,17,245.1314,20.4912,10,"Resonant 3to1 Unstable",0.916667,0.0199564,0,0.010886,0
14,17,245.1314,20.4912,11,"Resonant 5to2 Stable",0.916667,0.0091724,0,0.00873094,0
14,17,245.1314,20.4912,12,"Resonant 5to2 Unstable",1,0.185737,0.257576,0.128861,0
14,17,245.1314,20.4912,13,"Distant Prograde Orbit",1,0.138643,0,0.113334,0
14,18,245.1314,21.3450,1,"Lyapunov L1",1,0.116945,0,0.112039,0
14,18,245.1314,21.3450,2,"Lyapunov L2",1,0.0798522,0,0.0672723,0
14,18,245.1314,21.3450,3,"Cycler 21",1,0.174251,0,0.152557,0
14,18,245.1314,21.3450,4,"Cycler 11a",1,0.187299,0.242424,0.174218,0
14,18,245.1314,21.3450,5,"Cycler 11b",1,0.171073,0,0.150773,0
14,18,245.1314,21.3450,6,"Cycler 32",1,0.267779,0.469697,0.260663,0
14,18,245.1314,21.3450,7,"Resonant 2to1 Stable",0.75,0.0032381,0,0.000713174,0
14,18,245.1314,21.3450,8,"Resonant 2to1 Unstable",1,0.136302,0.136364,0.0989093,0
14,18,245.1314,21.3450,9,"Resonant 3to1 Stable",0.916667,0.00672271,0,0.00176966,0
14,18,245.1314,21.3450,10,"Resonant 3to1 Unstable",0.916667,0.0202379,0,0.0110145,0
14,18,245.1314,21.3450,11,"Resonant 5to2 Stable",0.916667,0.00977725,0,0.0089143,0
14,18,245.1314,21.3450,12,"Resonant 5to2 Unstable",1,0.250912,0.272727,0.182737,0
14,18,245.1314,21.3450,13,"Distant Prograde Orbit",1,0.150867,0,0.121265,0
14,19,245.1314,22.1988,1,"Lyapunov L1",1,0.118404,0,0.113446,0
14,19,245.1314,22.1988,2,"Lyapunov L2",1,0.0898072,0,0.0736005,0
14,19,245.1314,22.1988,3,"Cycler 21",1,0.180546,0,0.160213,0
14,19,245.1314,22.1988,4,"Cycler 11a",1,0.189027,0.242424,0.176073,0
14,19,245.1314,22.1988,5,"Cycler 11b",1,0.173551,0,0.153781,0
14,19,245.1314,22.1988,6,"Cycler 32",1,0.276012,0.469697,0.26916,0
14,19,245.1314,22.1988,7,"Resonant 2to1 Stable",0.75,0.0032422,0,0.000713174,0
14,19,245.1314,22.1988,8,"Resonant 2to1 Unstable",1,0.137158,0.136364,0.104169,0
14,19,245.1314,22.1988,9,"Resonant 3to1 Stable",0.916667,0.00692462,0,0.00180565,0
14,19,245.1314,22.1988,10,"Resonant 3to1 Unstable",0.916667,0.0204074,0,0.0110768,0
14,19,245.1314,22.1988,11,"Resonant 5to2 Stable",0.916667,0.0103525,0,0.00917617,0
14,19,245.1314,22.1988,12,"Resonant 5to2 Unstable",1,0.257316,0.272727,0.183507,0
14,19,245.1314,22.1988,13,"Distant Prograde Orbit",1,0.154814,0,0.125003,0
14,20,245.1314,23.0527,1,"Lyapunov L1",1,0.11931,0,0.114788,0
14,20,245.1314,23.0527,2,"Lyapunov L2",1,0.0922942,0,0.0766419,0
14,20,245.1314,23.0527,3,"Cycler 21",1,0.181558,0,0.161368,0
14,20,245.1314,23.0527,4,"Cycler 11a",1,0.189481,0.242424,0.176587,0
14,20,245.1314,23.0527,5,"Cycler 11b",1,0.176164,0,0.156335,0
14,20,245.1314,23.0527,6,"Cycler 32",1,0.27765,0.5,0.270934,0
14,20,245.1314,23.0527,7,"Resonant 2to1 Stable",0.75,0.00324261,0,0.000713174,0
14,20,245.1314,23.0527,8,"Resonant 2to1 Unstable",1,0.137494,0.136364,0.105108,0
14,20,245.1314,23.0527,9,"Resonant 3to1 Stable",0.916667,0.00705764,0,0.00186571,0
14,20,245.1314,23.0527,10,"Resonant 3to1 Unstable",0.916667,0.0204691,0,0.0111079,0
14,20,245.1314,23.0527,11,"Resonant 5to2 Stable",0.916667,0.0112647,0,0.0094537,0
14,20,245.1314,23.0527,12,"Resonant 5to2 Unstable",1,0.258522,0.151515,0.185705,0
14,20,245.1314,23.0527,13,"Distant Prograde Orbit",1,0.157191,0,0.127275,0
14,21,245.1314,23.9065,1,"Lyapunov L1",1,0.119629,0,0.117386,0
14,21,245.1314,23.9065,2,"Lyapunov L2",1,0.0924733,0,0.0768824,0
14,21,245.1314,23.9065,3,"Cycler 21",1,0.182197,0,0.162042,0
14,21,245.1314,23.9065,4,"Cycler 11a",1,0.197146,0.242424,0.182846,0
14,21,245.1314,23.9065,5,"Cycler 11b",1,0.176815,0,0.157489,0
14,21,245.1314,23.9065,6,"Cycler 32",1,0.283815,0.469697,0.279639,0
14,21,245.1314,23.9065,7,"Resonant 2to1 Stable",0.75,0.00324487,0,0.000713174,0
14,21,245.1314,23.9065,8,"Resonant 2to1 Unstable",1,0.14081,0.136364,0.109523,0
14,21,245.1314,23.9065,9,"Resonant 3to1 Stable",0.916667,0.00706539,0,0.00186571,0
14,21,245.1314,23.9065,10,"Resonant 3to1 Unstable",0.916667,0.0205756,0,0.0111079,0
14,21,245.1314,23.9065,11,"Resonant 5to2 Stable",0.916667,0.0117219,0,0.00960334,0
14,21,245.1314,23.9065,12,"Resonant 5to2 Unstable",1,0.263421,0.151515,0.191061,0
14,21,245.1314,23.9065,13,"Distant Prograde Orbit",1,0.158403,0,0.128593,0
14,22,245.1314,24.7603,1,"Lyapunov L1",1,0.120991,0,0.118723,0
14,22,245.1314,24.7603,2,"Lyapunov L2",1,0.0933832,0,0.0778958,0
14,22,245.1314,24.7603,3,"Cycler 21",1,0.182216,0,0.162545,0
14,22,245.1314,24.7603,4,"Cycler 11a",1,0.197167,0.242424,0.182878,0
14,22,245.1314,24.7603,5,"Cycler 11b",1,0.176834,0,0.158033,0
14,22,245.1314,24.7603,6,"Cycler 32",1,0.284259,0.469697,0.280163,0
14,22,245.1314,24.7603,7,"Resonant 2to1 Stable",0.75,0.00324524,0,0.000713174,0
14,22,245.1314,24.7603,8,"Resonant 2to1 Unstable",1,0.140833,0.136364,0.109762,0
14,22,245.1314,24.7603,9,"Resonant 3to1 Stable",0.916667,0.00706664,0,0.00186571,0
14,22,245.1314,24.7603,10,"Resonant 3to1 Unstable",0.916667,0.0206075,0,0.0111237,0
14,22,245.1314,24.7603,11,"Resonant 5to2 Stable",0.916667,0.0119092,0,0.00993189,0
14,22,245.1314,24.7603,12,"Resonant 5to2 Unstable",1,0.264222,0.151515,0.19308,0
14,22,245.1314,24.7603,13,"Distant Prograde Orbit",1,0.159202,0,0.129495,0
14,23,245.1314,25.6141,1,"Lyapunov L1",1,0.12455,0,0.122295,0
14,23,245.1314,25.6141,2,"Lyapunov L2",1,0.0946116,0,0.0791044,0
14,23,245.1314,25.6141,3,"Cycler 21",1,0.18311,0,0.163762,0
14,23,245.1314,25.6141,4,"Cycler 11a",1,0.197299,0.257576,0.183046,0
14,23,245.1314,25.6141,5,"Cycler 11b",1,0.176953,0,0.158324,0
14,23,245.1314,25.6141,6,"Cycler 32",1,0.285507,0.469697,0.281367,0
14,23,245.1314,25.6141,7,"Resonant 2to1 Stable",0.75,0.00324612,0,0.000713443,0
14,23,245.1314,25.6141,8,"Resonant 2to1 Unstable",1,0.141236,0,0.110487,0
14,23,245.1314,25.6141,9,"Resonant 3to1 Stable",0.916667,0.00706961,0,0.00186571,0
14,23,245.1314,25.6141,10,"Resonant 3to1 Unstable",0.916667,0.0206701,0,0.0111237,0
14,23,245.1314,25.6141,11,"Resonant 5to2 Stable",0.916667,0.0129691,0,0.0105805,0
14,23,245.1314,25.6141,12,"Resonant 5to2 Unstable",1,0.264765,0.151515,0.194942,0
14,23,245.1314,25.6141,13,"Distant Prograde Orbit",1,0.159681,0,0.130266,0
14,24,245.1314,26.4679,1,"Lyapunov L1",1,0.125021,0,0.12277,0
14,24,245.1314,26.4679,2,"Lyapunov L2",1,0.0950322,0,0.0795441,0
14,24,245.1314,26.4679,3,"Cycler 21",1,0.183312,0,0.163837,0
14,24,245.1314,26.4679,4,"Cycler 11a",1,0.197521,0.242424,0.183219,0
14,24,245.1314,26.4679,5,"Cycler 11b",1,0.17715,0,0.158507,0
14,24,245.1314,26.4679,6,"Cycler 32",1,0.285704,0.469697,0.281535,0
14,24,245.1314,26.4679,7,"Resonant 2to1 Stable",0.75,0.00324612,0,0.000726562,0
14,24,245.1314,26.4679,8,"Resonant 2to1 Unstable",1,0.141552,0.136364,0.110963,0
14,24,245.1314,26.4679,9,"Resonant 3to1 Stable",0.916667,0.00706961,0,0.00186571,0
14,24,245.1314,26.4679,10,"Resonant 3to1 Unstable",0.916667,0.0207482,0,0.0111532,0
14,24,245.1314,26.4679,11,"Resonant 5to2 Stable",0.916667,0.0149466,0,0.0118581,0
14,24,245.1314,26.4679,12,"Resonant 5to2 Unstable",1,0.264974,0.151515,0.195512,0
14,24,245.1314,26.4679,13,"Distant Prograde Orbit",1,0.159879,0,0.130266,0
14,25,245.1314,27.3217,1,"Lyapunov L1",1,0.12648,0,0.124326,0
14,25,245.1314,27.3217,2,"Lyapunov L2",1,0.0953307,0,0.0798141,0
14,25,245.1314,27.3217,3,"Cycler 21",1,0.184515,0,0.165048,0
14,25,245.1314,27.3217,4,"Cycler 11a",1,0.197577,0.242424,0.183348,0
14,25,245.1314,27.3217,5,"Cycler 11b",1,0.1772,0,0.158643,0
14,25,245.1314,27.3217,6,"Cycler 32",1,0.289038,0.469697,0.284937,0
14,25,245.1314,27.3217,7,"Resonant 2to1 Stable",0.75,0.00324662,0,0.000726562,0
14,25,245.1314,27.3217,8,"Resonant 2to1 Unstable",1,0.141613,0.136364,0.115345,0
14,25,245.1314,27.3217,9,"Resonant 3to1 Stable",0.916667,0.00707137,0,0.00186571,0
14,25,245.1314,27.3217,10,"Resonant 3to1 Unstable",0.916667,0.0207844,0,0.0111727,0
14,25,245.1314,27.3217,11,"Resonant 5to2 Stable",0.916667,0.0154188,0,0.0125651,0
14,25,245.1314,27.3217,12,"Resonant 5to2 Unstable",1,0.267237,0.151515,0.198361,0
14,25,245.1314,27.3217,13,"Distant Prograde Orbit",1,0.165447,0,0.135073,0
15,1,260.0525,6.8304,1,"Lyapunov L1",0.916667,0.0439703,0,0.03217,0
15,1,260.0525,6.8304,2,"Lyapunov L2",0.916667,0.011449,0,0.0080233,0
15,1,260.0525,6.8304,3,"Cycler 21",0.916667,0.119612,0.0606061,0.101065,0
15,1,260.0525,6.8304,4,"Cycler 11a",0.916667,0.124138,0.212121,0.115094,0
15,1,260.0525,6.8304,5,"Cycler 11b",0.916667,0.104076,0.121212,0.0903251,0
15,1,260.0525,6.8304,6,"Cycler 32",0.916667,0.08762,0.378788,0.0751824,0
15,1,260.0525,6.8304,7,"Resonant 2to1 Stable",0,0,0,0,0
15,1,260.0525,6.8304,8,"Resonant 2to1 Unstable",0.916667,0.0996561,0.121212,0.0612014,0
15,1,260.0525,6.8304,9,"Resonant 3to1 Stable",0.833333,0.00442089,0,0.00139445,0
15,1,260.0525,6.8304,10,"Resonant 3to1 Unstable",0.833333,0.00597475,0,0.00356189,0
15,1,260.0525,6.8304,11,"Resonant 5to2 Stable",0.916667,0.00836556,0,0.00348571,0
15,1,260.0525,6.8304,12,"Resonant 5to2 Unstable",0.916667,0.0505372,0.121212,0.0238584,0
15,1,260.0525,6.8304,13,"Distant Prograde Orbit",0.916667,0.0631718,0,0.0458883,0
15,2,260.0525,7.6842,1,"Lyapunov L1",0.916667,0.0489938,0,0.0367114,0
15,2,260.0525,7.6842,2,"Lyapunov L2",0.916667,0.0140626,0,0.0102055,0
15,2,260.0525,7.6842,3,"Cycler 21",0.916667,0.124067,0.0151515,0.105959,0
15,2,260.0525,7.6842,4,"Cycler 11a",0.916667,0.130422,0.212121,0.120576,0
15,2,260.0525,7.6842,5,"Cycler 11b",0.916667,0.112125,0.0909091,0.0981753,0
15,2,260.0525,7.6842,6,"Cycler 32",0.916667,0.0976403,0.378788,0.0844456,0
15,2,260.0525,7.6842,7,"Resonant 2to1 Stable",0,0,0,0,0
15,2,260.0525,7.6842,8,"Resonant 2to1 Unstable",0.916667,0.103337,0.121212,0.0637083,0
15,2,260.0525,7.6842,9,"Resonant 3to1 Stable",0.833333,0.00461061,0,0.00144044,0
15,2,260.0525,7.6842,10,"Resonant 3to1 Unstable",0.833333,0.00619189,0,0.00407415,0
15,2,260.0525,7.6842,11,"Resonant 5to2 Stable",0.916667,0.00847303,0,0.00385222,0
15,2,260.0525,7.6842,12,"Resonant 5to2 Unstable",0.916667,0.0576994,0.121212,0.0275044,0
15,2,260.0525,7.6842,13,"Distant Prograde Orbit",0.916667,0.0714408,0,0.0523746,0
15,3,260.0525,8.5380,1,"Lyapunov L1",0.916667,0.0596739,0,0.0431437,0
15,3,260.0525,8.5380,2,"Lyapunov L2",0.916667,0.0171288,0,0.0127602,0
15,3,260.0525,8.5380,3,"Cycler 21",0.916667,0.129552,0,0.11113,0
15,3,260.0525,8.5380,4,"Cycler 11a",0.916667,0.136021,0.242424,0.124848,0
15,3,260.0525,8.5380,5,"Cycler 11b",0.916667,0.121759,0.151515,0.107072,0
15,3,260.0525,8.5380,6,"Cycler 32",0.916667,0.106899,0.378788,0.092784,0
15,3,260.0525,8.5380,7,"Resonant 2to1 Stable",0,0,0,0,0
15,3,260.0525,8.5380,8,"Resonant 2to1 Unstable",0.916667,0.106415,0.121212,0.0666346,0
15,3,260.0525,8.5380,9,"Resonant 3to1 Stable",0.833333,0.00483465,0,0.0014824,0
15,3,260.0525,8.5380,10,"Resonant 3to1 Unstable",0.833333,0.00659256,0,0.00424908,0
15,3,260.0525,8.5380,11,"Resonant 5to2 Stable",0.916667,0.00856932,0,0.00391159,0
15,3,260.0525,8.5380,12,"Resonant 5to2 Unstable",0.916667,0.0624445,0.121212,0.0295526,0
15,3,260.0525,8.5380,13,"Distant Prograde Orbit",0.916667,0.0789879,0,0.0580992,0
15,4,260.0525,9.3918,1,"Lyapunov L1",0.916667,0.0627996,0,0.0464734,0
15,4,260.0525,9.3918,2,"Lyapunov L2",0.916667,0.0196828,0,0.0149764,0
15,4,260.0525,9.3918,3,"Cycler 21",0.916667,0.132813,0,0.115196,0
15,4,260.0525,9.3918,4,"Cycler 11a",0.916667,0.140156,0.212121,0.128956,0
15,4,260.0525,9.3918,5,"Cycler 11b",0.916667,0.127841,0.121212,0.112209,0
15,4,260.0525,9.3918,6,"Cycler 32",1,0.114773,0.378788,0.101036,1
15,4,260.0525,9.3918,7,"Resonant 2to1 Stable",0.0833333,0.000323803,0,0.000323803,0
15,4,260.0525,9.3918,8,"Resonant 2to1 Unstable",0.916667,0.108779,0.121212,0.0701046,0
15,4,260.0525,9.3918,9,"Resonant 3to1 Stable",0.833333,0.00502317,0,0.00152533,0
15,4,260.0525,9.3918,10,"Resonant 3to1 Unstable",0.833333,0.00682963,0,0.00438815,0
15,4,260.0525,9.3918,11,"Resonant 5to2 Stable",0.916667,0.00863129,0,0.0039577,0
15,4,260.0525,9.3918,12,"Resonant 5to2 Unstable",0.916667,0.0709807,0.242424,0.0335141,0
15,4,260.0525,9.3918,13,"Distant Prograde Orbit",0.916667,0.0875698,0.0606061,0.0660176,0
15,5,260.0525,10.2456,1,"Lyapunov L1",0.916667,0.0644135,0,0.0483172,0
15,5,260.0525,10.2456,2,"Lyapunov L2",0.916667,0.0226201,0,0.017473,0
15,5,260.0525,10.2456,3,"Cycler 21",1,0.135405,0,0.115962,0
15,5,260.0525,10.2456,4,"Cycler 11a",1,0.144316,0.227273,0.130742,0
15,5,260.0525,10.2456,5,"Cycler 11b",1,0.131882,0.121212,0.114619,0
15,5,260.0525,10.2456,6,"Cycler 32",1,0.126483,0.469697,0.113233,0
15,5,260.0525,10.2456,7,"Resonant 2to1 Stable",0.583333,0.00227404,0,0.000652723,0
15,5,260.0525,10.2456,8,"Resonant 2to1 Unstable",1,0.111775,0.121212,0.0713702,0
15,5,260.0525,10.2456,9,"Resonant 3to1 Stable",0.916667,0.00550936,0,0.00154687,0
15,5,260.0525,10.2456,10,"Resonant 3to1 Unstable",0.916667,0.00735529,0,0.00450372,0
15,5,260.0525,10.2456,11,"Resonant 5to2 Stable",0.916667,0.0086939,0,0.0049056,0
15,5,260.0525,10.2456,12,"Resonant 5to2 Unstable",1,0.0913221,0.257576,0.043974,0
15,5,260.0525,10.2456,13,"Distant Prograde Orbit",1,0.0933258,0,0.068361,0
15,6,260.0525,11.0994,1,"Lyapunov L1",1,0.0657568,0,0.0504745,0
15,6,260.0525,11.0994,2,"Lyapunov L2",0.916667,0.0232581,0,0.0178661,0
15,6,260.0525,11.0994,3,"Cycler 21",1,0.138469,0,0.116045,0
15,6,260.0525,11.0994,4,"Cycler 11a",1,0.148022,0.227273,0.131765,0
15,6,260.0525,11.0994,5,"Cycler 11b",1,0.134889,0.136364,0.11484,0
15,6,260.0525,11.0994,6,"Cycler 32",1,0.181689,0.484848,0.168917,0
15,6,260.0525,11.0994,7,"Resonant 2to1 Stable",0.666667,0.00266688,0,0.000668873,0
15,6,260.0525,11.0994,8,"Resonant 2to1 Unstable",1,0.113949,0.121212,0.0722384,0
15,6,260.0525,11.0994,9,"Resonant 3to1 Stable",0.916667,0.00567108,0,0.00157378,0
15,6,260.0525,11.0994,10,"Resonant 3to1 Unstable",0.916667,0.00753385,0,0.00454993,0
15,6,260.0525,11.0994,11,"Resonant 5to2 Stable",0.916667,0.00872599,0,0.00574238,0
15,6,260.0525,11.0994,12,"Resonant 5to2 Unstable",1,0.165203,0.257576,0.0995602,0
15,6,260.0525,11.0994,13,"Distant Prograde Orbit",1,0.100946,0,0.0702506,0
15,7,260.0525,11.9532,1,"Lyapunov L1",1,0.0661963,0,0.053657,0
15,7,260.0525,11.9532,2,"Lyapunov L2",0.916667,0.0274056,0,0.0207196,0
15,7,260.0525,11.9532,3,"Cycler 21",1,0.139006,0,0.116922,0
15,7,260.0525,11.9532,4,"Cycler 11a",1,0.148659,0.227273,0.132998,0
15,7,260.0525,11.9532,5,"Cycler 11b",1,0.135373,0.136364,0.115615,0
15,7,260.0525,11.9532,6,"Cycler 32",1,0.182497,0.484848,0.171407,0
15,7,260.0525,11.9532,7,"Resonant 2to1 Stable",0.75,0.00301704,0,0.000998544,0
15,7,260.0525,11.9532,8,"Resonant 2to1 Unstable",1,0.114595,0.121212,0.0735549,0
15,7,260.0525,11.9532,9,"Resonant 3to1 Stable",0.916667,0.00577287,0,0.00159246,0
15,7,260.0525,11.9532,10,"Resonant 3to1 Unstable",0.916667,0.00846956,0,0.00468284,0
15,7,260.0525,11.9532,11,"Resonant 5to2 Stable",1,0.00908582,0,0.00648517,0
15,7,260.0525,11.9532,12,"Resonant 5to2 Unstable",1,0.165963,0.257576,0.100925,0
15,7,260.0525,11.9532,13,"Distant Prograde Orbit",1,0.101696,0,0.0715365,0
15,8,260.0525,12.8070,1,"Lyapunov L1",1,0.0753228,0,0.0611261,0
15,8,260.0525,12.8070,2,"Lyapunov L2",1,0.0331949,0,0.0249406,0
15,8,260.0525,12.8070,3,"Cycler 21",1,0.142726,0,0.120673,0
15,8,260.0525,12.8070,4,"Cycler 11a",1,0.153452,0.227273,0.136964,0
15,8,260.0525,12.8070,5,"Cycler 11b",1,0.141628,0.136364,0.122358,0
15,8,260.0525,12.8070,6,"Cycler 32",1,0.18734,0.5,0.175745,0
15,8,260.0525,12.8070,7,"Resonant 2to1 Stable",0.833333,0.00338676,0,0.00101116,0
15,8,260.0525,12.8070,8,"Resonant 2to1 Unstable",1,0.117196,0.121212,0.0767474,0
15,8,260.0525,12.8070,9,"Resonant 3to1 Stable",0.916667,0.00587864,0,0.0016002,0
15,8,260.0525,12.8070,10,"Resonant 3to1 Unstable",0.916667,0.00966891,0,0.00504586,0
15,8,260.0525,12.8070,11,"Resonant 5to2 Stable",1,0.00914204,0,0.00681523,0
15,8,260.0525,12.8070,12,"Resonant 5to2 Unstable",1,0.169685,0.257576,0.102201,0
15,8,260.0525,12.8070,13,"Distant Prograde Orbit",1,0.105989,0,0.0777547,0
15,9,260.0525,13.6608,1,"Lyapunov L1",1,0.0817384,0,0.0683622,0
15,9,260.0525,13.6608,2,"Lyapunov L2",1,0.0401679,0,0.0305314,0
15,9,260.0525,13.6608,3,"Cycler 21",1,0.152943,0,0.130096,0
15,9,260.0525,13.6608,4,"Cycler 11a",1,0.15749,0.227273,0.141927,0
15,9,260.0525,13.6608,5,"Cycler 11b",1,0.150046,0.121212,0.129557,0
15,9,260.0525,13.6608,6,"Cycler 32",1,0.197089,0.454545,0.185471,0
15,9,260.0525,13.6608,7,"Resonant 2to1 Stable",0.833333,0.0034088,0,0.00101801,0
15,9,260.0525,13.6608,8,"Resonant 2to1 Unstable",1,0.120255,0.121212,0.0800353,0
15,9,260.0525,13.6608,9,"Resonant 3to1 Stable",0.916667,0.00596539,0,0.0016075,0
15,9,260.0525,13.6608,10,"Resonant 3to1 Unstable",0.916667,0.0111551,0,0.00583197,0
15,9,260.0525,13.6608,11,"Resonant 5to2 Stable",1,0.00919047,0,0.00743751,0
15,9,260.0525,13.6608,12,"Resonant 5to2 Unstable",1,0.176689,0.257576,0.104084,0
15,9,260.0525,13.6608,13,"Distant Prograde Orbit",1,0.112048,0,0.0838304,0
15,10,260.0525,14.5146,1,"Lyapunov L1",1,0.0859469,0,0.0749571,0
15,10,260.0525,14.5146,2,"Lyapunov L2",1,0.0439825,0,0.0338751,0
15,10,260.0525,14.5146,3,"Cycler 21",1,0.15781,0.0151515,0.135534,0
15,10,260.0525,14.5146,4,"Cycler 11a",1,0.160899,0.227273,0.145777,0
15,10,260.0525,14.5146,5,"Cycler 11b",1,0.153507,0.106061,0.133534,0
15,10,260.0525,14.5146,6,"Cycler 32",1,0.199628,0.454545,0.188795,0
15,10,260.0525,14.5146,7,"Resonant 2to1 Stable",0.833333,0.00344719,0,0.00102401,0
15,10,260.0525,14.5146,8,"Resonant 2to1 Unstable",1,0.122882,0.121212,0.0829248,0
15,10,260.0525,14.5146,9,"Resonant 3to1 Stable",0.916667,0.00600815,0,0.00162373,0
15,10,260.0525,14.5146,10,"Resonant 3to1 Unstable",0.916667,0.0117857,0,0.00646569,0
15,10,260.0525,14.5146,11,"Resonant 5to2 Stable",1,0.00922018,0,0.00766674,0
15,10,260.0525,14.5146,12,"Resonant 5to2 Unstable",1,0.178574,0.257576,0.106187,0
15,10,260.0525,14.5146,13,"Distant Prograde Orbit",1,0.119714,0,0.0911384,0
15,11,260.0525,15.3684,1,"Lyapunov L1",1,0.088552,0,0.0794688,0
15,11,260.0525,15.3684,2,"Lyapunov L2",1,0.0470697,0,0.0369154,0
15,11,260.0525,15.3684,3,"Cycler 21",1,0.160453,0.0151515,0.138594,0
15,11,260.0525,15.3684,4,"Cycler 11a",1,0.164,0.227273,0.150106,0
15,11,260.0525,15.3684,5,"Cycler 11b",1,0.155622,0.106061,0.136222,0
15,11,260.0525,15.3684,6,"Cycler 32",1,0.199789,0.454545,0.189908,0
15,11,260.0525,15.3684,7,"Resonant 2to1 Stable",0.833333,0.00347828,0,0.00103429,0
15,11,260.0525,15.3684,8,"Resonant 2to1 Unstable",1,0.125623,0.121212,0.0861,0
15,11,260.0525,15.3684,9,"Resonant 3to1 Stable",0.916667,0.00614047,0,0.00165176,0
15,11,260.0525,15.3684,10,"Resonant 3to1 Unstable",0.916667,0.0121785,0,0.00694832,0
15,11,260.0525,15.3684,11,"Resonant 5to2 Stable",1,0.0092601,0,0.00788458,0
15,11,260.0525,15.3684,12,"Resonant 5to2 Unstable",1,0.178725,0.257576,0.108346,0
15,11,260.0525,15.3684,13,"Distant Prograde Orbit",1,0.127907,0,0.0991638,0
15,12,260.0525,16.2222,1,"Lyapunov L1",1,0.0939258,0,0.0900098,0
15,12,260.0525,16.2222,2,"Lyapunov L2",1,0.0502137,0,0.0391293,0
15,12,260.0525,16.2222,3,"Cycler 21",1,0.161389,0,0.140362,0
15,12,260.0525,16.2222,4,"Cycler 11a",1,0.165616,0.227273,0.152219,0
15,12,260.0525,16.2222,5,"Cycler 11b",1,0.156477,0.0909091,0.138629,0
15,12,260.0525,16.2222,6,"Cycler 32",1,0.200976,0.484848,0.192931,0
15,12,260.0525,16.2222,7,"Resonant 2to1 Stable",0.833333,0.00348184,0,0.00103505,0
15,12,260.0525,16.2222,8,"Resonant 2to1 Unstable",1,0.12929,0.121212,0.0910378,0
15,12,260.0525,16.2222,9,"Resonant 3to1 Stable",0.916667,0.0063619,0,0.00169064,0
15,12,260.0525,16.2222,10,"Resonant 3to1 Unstable",0.916667,0.0141393,0,0.00802456,0
15,12,260.0525,16.2222,11,"Resonant 5to2 Stable",1,0.00929309,0,0.0080482,0
15,12,260.0525,16.2222,12,"Resonant 5to2 Unstable",1,0.179742,0.136364,0.115825,0
15,12,260.0525,16.2222,13,"Distant Prograde Orbit",1,0.130044,0,0.102836,0
15,13,260.0525,17.0760,1,"Lyapunov L1",1,0.102454,0,0.0969011,0
15,13,260.0525,17.0760,2,"Lyapunov L2",1,0.0555814,0,0.0427423,0
15,13,260.0525,17.0760,3,"Cycler 21",1,0.16246,0,0.140919,0
15,13,260.0525,17.0760,4,"Cycler 11a",1,0.169633,0.227273,0.155874,0
15,13,260.0525,17.0760,5,"Cycler 11b",1,0.158627,0.030303,0.141098,0
15,13,260.0525,17.0760,6,"Cycler 32",1,0.20442,0.454545,0.196472,0
15,13,260.0525,17.0760,7,"Resonant 2to1 Stable",0.833333,0.00349371,0,0.00103726,0
15,13,260.0525,17.0760,8,"Resonant 2to1 Unstable",1,0.130883,0.121212,0.094148,0
15,13,260.0525,17.0760,9,"Resonant 3to1 Stable",0.916667,0.00646916,0,0.00169703,0
15,13,260.0525,17.0760,10,"Resonant 3to1 Unstable",0.916667,0.0181286,0,0.00928799,0
15,13,260.0525,17.0760,11,"Resonant 5to2 Stable",1,0.00931217,0,0.00829467,0
15,13,260.0525,17.0760,12,"Resonant 5to2 Unstable",1,0.182653,0.257576,0.121168,0
15,13,260.0525,17.0760,13,"Distant Prograde Orbit",1,0.134871,0,0.108255,0
15,14,260.0525,17.9298,1,"Lyapunov L1",1,0.106058,0,0.101231,0
15,14,260.0525,17.9298,2,"Lyapunov L2",1,0.0620317,0,0.049003,0
15,14,260.0525,17.9298,3,"Cycler 21",1,0.163619,0,0.141715,0
15,14,260.0525,17.9298,4,"Cycler 11a",1,0.170033,0.227273,0.157725,0
15,14,260.0525,17.9298,5,"Cycler 11b",1,0.161211,0.030303,0.144768,0
15,14,260.0525,17.9298,6,"Cycler 32",1,0.206357,0.454545,0.198944,0
15,14,260.0525,17.9298,7,"Resonant 2to1 Stable",0.833333,0.00349683,0,0.00103764,0
15,14,260.0525,17.9298,8,"Resonant 2to1 Unstable",1,0.131119,0.121212,0.0961913,0
15,14,260.0525,17.9298,9,"Resonant 3to1 Stable",0.916667,0.00654221,0,0.00171439,0
15,14,260.0525,17.9298,10,"Resonant 3to1 Unstable",0.916667,0.0192699,0,0.00988426,0
15,14,260.0525,17.9298,11,"Resonant 5to2 Stable",1,0.00932518,0,0.0084991,0
15,14,260.0525,17.9298,12,"Resonant 5to2 Unstable",1,0.184268,0.257576,0.125189,0
15,14,260.0525,17.9298,13,"Distant Prograde Orbit",1,0.13676,0,0.110705,0
15,15,260.0525,18.7836,1,"Lyapunov L1",1,0.107182,0,0.102613,0
15,15,260.0525,18.7836,2,"Lyapunov L2",1,0.0638172,0,0.0520843,0
15,15,260.0525,18.7836,3,"Cycler 21",1,0.16395,0,0.145238,0
15,15,260.0525,18.7836,4,"Cycler 11a",1,0.170192,0.227273,0.158005,0
15,15,260.0525,18.7836,5,"Cycler 11b",1,0.162137,0.0151515,0.145964,0
15,15,260.0525,18.7836,6,"Cycler 32",1,0.2069,0.454545,0.199685,0
15,15,260.0525,18.7836,7,"Resonant 2to1 Stable",0.833333,0.00351056,0,0.00104189,0
15,15,260.0525,18.7836,8,"Resonant 2to1 Unstable",1,0.131249,0.121212,0.0968369,0
15,15,260.0525,18.7836,9,"Resonant 3to1 Stable",0.916667,0.00668193,0,0.00173729,0
15,15,260.0525,18.7836,10,"Resonant 3to1 Unstable",0.916667,0.0198876,0,0.0102854,0
15,15,260.0525,18.7836,11,"Resonant 5to2 Stable",1,0.00933571,0,0.00880638,0
15,15,260.0525,18.7836,12,"Resonant 5to2 Unstable",1,0.184735,0.257576,0.127703,0
15,15,260.0525,18.7836,13,"Distant Prograde Orbit",1,0.137369,0,0.11147,0
15,16,260.0525,19.6374,1,"Lyapunov L1",1,0.114381,0,0.11006,0
15,16,260.0525,19.6374,2,"Lyapunov L2",1,0.070468,0,0.0580268,0
15,16,260.0525,19.6374,3,"Cycler 21",1,0.165644,0,0.147211,0
15,16,260.0525,19.6374,4,"Cycler 11a",1,0.177145,0.227273,0.165105,0
15,16,260.0525,19.6374,5,"Cycler 11b",1,0.162144,0,0.146165,0
15,16,260.0525,19.6374,6,"Cycler 32",1,0.207384,0.454545,0.200241,0
15,16,260.0525,19.6374,7,"Resonant 2to1 Stable",0.833333,0.0035155,0,0.00104337,0
15,16,260.0525,19.6374,8,"Resonant 2to1 Unstable",1,0.13207,0.121212,0.097204,0
15,16,260.0525,19.6374,9,"Resonant 3to1 Stable",0.916667,0.0066869,0,0.00176188,0
15,16,260.0525,19.6374,10,"Resonant 3to1 Unstable",0.916667,0.0199184,0,0.0106468,0
15,16,260.0525,19.6374,11,"Resonant 5to2 Stable",1,0.00942105,0,0.00892526,0
15,16,260.0525,19.6374,12,"Resonant 5to2 Unstable",1,0.185132,0.257576,0.128249,0
15,16,260.0525,19.6374,13,"Distant Prograde Orbit",1,0.138068,0,0.112192,0
15,17,260.0525,20.4912,1,"Lyapunov L1",1,0.11584,0,0.111519,0
15,17,260.0525,20.4912,2,"Lyapunov L2",1,0.0742749,0,0.0608636,0
15,17,260.0525,20.4912,3,"Cycler 21",1,0.166485,0,0.148106,0
15,17,260.0525,20.4912,4,"Cycler 11a",1,0.179182,0.227273,0.167195,0
15,17,260.0525,20.4912,5,"Cycler 11b",1,0.162157,0,0.146194,0
15,17,260.0525,20.4912,6,"Cycler 32",1,0.208132,0.454545,0.200987,0
15,17,260.0525,20.4912,7,"Resonant 2to1 Stable",0.833333,0.00356725,0,0.00105011,0
15,17,260.0525,20.4912,8,"Resonant 2to1 Unstable",1,0.132494,0.121212,0.097316,0
15,17,260.0525,20.4912,9,"Resonant 3to1 Stable",0.916667,0.00669779,0,0.00176966,0
15,17,260.0525,20.4912,10,"Resonant 3to1 Unstable",0.916667,0.0199564,0,0.010886,0
15,17,260.0525,20.4912,11,"Resonant 5to2 Stable",1,0.00950542,0,0.00906395,0
15,17,260.0525,20.4912,12,"Resonant 5to2 Unstable",1,0.185737,0.257576,0.128865,0
15,17,260.0525,20.4912,13,"Distant Prograde Orbit",1,0.138643,0,0.113334,0
15,18,260.0525,21.3450,1,"Lyapunov L1",1,0.116945,0,0.112039,0
15,18,260.0525,21.3450,2,"Lyapunov L2",1,0.0798522,0,0.0672723,0
15,18,260.0525,21.3450,3,"Cycler 21",1,0.174251,0,0.152557,0
15,18,260.0525,21.3450,4,"Cycler 11a",1,0.187299,0.242424,0.174218,0
15,18,260.0525,21.3450,5,"Cycler 11b",1,0.171073,0,0.150773,0
15,18,260.0525,21.3450,6,"Cycler 32",1,0.267779,0.469697,0.260663,0
15,18,260.0525,21.3450,7,"Resonant 2to1 Stable",0.833333,0.00358108,0,0.00106531,0
15,18,260.0525,21.3450,8,"Resonant 2to1 Unstable",1,0.136302,0.136364,0.0989093,0
15,18,260.0525,21.3450,9,"Resonant 3to1 Stable",0.916667,0.00672271,0,0.00176966,0
15,18,260.0525,21.3450,10,"Resonant 3to1 Unstable",0.916667,0.0202379,0,0.0110145,0
15,18,260.0525,21.3450,11,"Resonant 5to2 Stable",1,0.0101202,0,0.00925729,0
15,18,260.0525,21.3450,12,"Resonant 5to2 Unstable",1,0.250912,0.272727,0.182746,0
15,18,260.0525,21.3450,13,"Distant Prograde Orbit",1,0.150867,0,0.121265,0
15,19,260.0525,22.1988,1,"Lyapunov L1",1,0.118404,0,0.113446,0
15,19,260.0525,22.1988,2,"Lyapunov L2",1,0.0898072,0,0.0736005,0
15,19,260.0525,22.1988,3,"Cycler 21",1,0.180546,0,0.160213,0
15,19,260.0525,22.1988,4,"Cycler 11a",1,0.189027,0.242424,0.176073,0
15,19,260.0525,22.1988,5,"Cycler 11b",1,0.173551,0,0.153781,0
15,19,260.0525,22.1988,6,"Cycler 32",1,0.276012,0.469697,0.26916,0
15,19,260.0525,22.1988,7,"Resonant 2to1 Stable",0.833333,0.00358519,0,0.00106531,0
15,19,260.0525,22.1988,8,"Resonant 2to1 Unstable",1,0.137158,0.136364,0.104169,0
15,19,260.0525,22.1988,9,"Resonant 3to1 Stable",0.916667,0.00692462,0,0.00180565,0
15,19,260.0525,22.1988,10,"Resonant 3to1 Unstable",0.916667,0.0204074,0,0.0110768,0
15,19,260.0525,22.1988,11,"Resonant 5to2 Stable",1,0.0106955,0,0.00951916,0
15,19,260.0525,22.1988,12,"Resonant 5to2 Unstable",1,0.257316,0.272727,0.183516,0
15,19,260.0525,22.1988,13,"Distant Prograde Orbit",1,0.154814,0,0.125003,0
15,20,260.0525,23.0527,1,"Lyapunov L1",1,0.11931,0,0.114788,0
15,20,260.0525,23.0527,2,"Lyapunov L2",1,0.0922942,0,0.0766419,0
15,20,260.0525,23.0527,3,"Cycler 21",1,0.181558,0,0.161368,0
15,20,260.0525,23.0527,4,"Cycler 11a",1,0.189481,0.242424,0.176587,0
15,20,260.0525,23.0527,5,"Cycler 11b",1,0.176164,0,0.156335,0
15,20,260.0525,23.0527,6,"Cycler 32",1,0.27765,0.5,0.270934,0
15,20,260.0525,23.0527,7,"Resonant 2to1 Stable",0.833333,0.00358559,0,0.00106531,0
15,20,260.0525,23.0527,8,"Resonant 2to1 Unstable",1,0.137494,0.136364,0.105108,0
15,20,260.0525,23.0527,9,"Resonant 3to1 Stable",0.916667,0.00705764,0,0.00186571,0
15,20,260.0525,23.0527,10,"Resonant 3to1 Unstable",0.916667,0.0204691,0,0.0111079,0
15,20,260.0525,23.0527,11,"Resonant 5to2 Stable",1,0.0116077,0,0.00979669,0
15,20,260.0525,23.0527,12,"Resonant 5to2 Unstable",1,0.258522,0.151515,0.185714,0
15,20,260.0525,23.0527,13,"Distant Prograde Orbit",1,0.157191,0,0.127275,0
15,21,260.0525,23.9065,1,"Lyapunov L1",1,0.119629,0,0.117386,0
15,21,260.0525,23.9065,2,"Lyapunov L2",1,0.0924733,0,0.0768824,0
15,21,260.0525,23.9065,3,"Cycler 21",1,0.182197,0,0.162042,0
15,21,260.0525,23.9065,4,"Cycler 11a",1,0.197146,0.242424,0.182846,0
15,21,260.0525,23.9065,5,"Cycler 11b",1,0.176815,0,0.157489,0
15,21,260.0525,23.9065,6,"Cycler 32",1,0.283815,0.469697,0.279639,0
15,21,260.0525,23.9065,7,"Resonant 2to1 Stable",0.833333,0.00358785,0,0.00106531,0
15,21,260.0525,23.9065,8,"Resonant 2to1 Unstable",1,0.14081,0.136364,0.109523,0
15,21,260.0525,23.9065,9,"Resonant 3to1 Stable",0.916667,0.00706539,0,0.00186571,0
15,21,260.0525,23.9065,10,"Resonant 3to1 Unstable",0.916667,0.0205756,0,0.0111079,0
15,21,260.0525,23.9065,11,"Resonant 5to2 Stable",1,0.0120649,0,0.00994632,0
15,21,260.0525,23.9065,12,"Resonant 5to2 Unstable",1,0.263421,0.151515,0.19107,0
15,21,260.0525,23.9065,13,"Distant Prograde Orbit",1,0.158403,0,0.128593,0
15,22,260.0525,24.7603,1,"Lyapunov L1",1,0.120991,0,0.118723,0
15,22,260.0525,24.7603,2,"Lyapunov L2",1,0.0933832,0,0.0778958,0
15,22,260.0525,24.7603,3,"Cycler 21",1,0.182216,0,0.162545,0
15,22,260.0525,24.7603,4,"Cycler 11a",1,0.197167,0.242424,0.182878,0
15,22,260.0525,24.7603,5,"Cycler 11b",1,0.176834,0,0.158033,0
15,22,260.0525,24.7603,6,"Cycler 32",1,0.284259,0.469697,0.280163,0
15,22,260.0525,24.7603,7,"Resonant 2to1 Stable",0.833333,0.00358822,0,0.00106794,0
15,22,260.0525,24.7603,8,"Resonant 2to1 Unstable",1,0.140833,0.136364,0.109762,0
15,22,260.0525,24.7603,9,"Resonant 3to1 Stable",0.916667,0.00706664,0,0.00186571,0
15,22,260.0525,24.7603,10,"Resonant 3to1 Unstable",0.916667,0.0206075,0,0.0111237,0
15,22,260.0525,24.7603,11,"Resonant 5to2 Stable",1,0.0122522,0,0.0102749,0
15,22,260.0525,24.7603,12,"Resonant 5to2 Unstable",1,0.264222,0.151515,0.193092,0
15,22,260.0525,24.7603,13,"Distant Prograde Orbit",1,0.159202,0,0.129495,0
15,23,260.0525,25.6141,1,"Lyapunov L1",1,0.12455,0,0.122295,0
15,23,260.0525,25.6141,2,"Lyapunov L2",1,0.0946116,0,0.0791044,0
15,23,260.0525,25.6141,3,"Cycler 21",1,0.18311,0,0.163762,0
15,23,260.0525,25.6141,4,"Cycler 11a",1,0.197299,0.257576,0.183046,0
15,23,260.0525,25.6141,5,"Cycler 11b",1,0.176953,0,0.158324,0
15,23,260.0525,25.6141,6,"Cycler 32",1,0.285507,0.469697,0.281367,0
15,23,260.0525,25.6141,7,"Resonant 2to1 Stable",0.833333,0.0035891,0,0.00107258,0
15,23,260.0525,25.6141,8,"Resonant 2to1 Unstable",1,0.141236,0,0.110487,0
15,23,260.0525,25.6141,9,"Resonant 3to1 Stable",0.916667,0.00706961,0,0.00186571,0
15,23,260.0525,25.6141,10,"Resonant 3to1 Unstable",0.916667,0.0206701,0,0.0111237,0
15,23,260.0525,25.6141,11,"Resonant 5to2 Stable",1,0.0133121,0,0.0109235,0
15,23,260.0525,25.6141,12,"Resonant 5to2 Unstable",1,0.264765,0.151515,0.194959,0
15,23,260.0525,25.6141,13,"Distant Prograde Orbit",1,0.159681,0,0.130266,0
15,24,260.0525,26.4679,1,"Lyapunov L1",1,0.125021,0,0.12277,0
15,24,260.0525,26.4679,2,"Lyapunov L2",1,0.0950322,0,0.0795441,0
15,24,260.0525,26.4679,3,"Cycler 21",1,0.183312,0,0.163837,0
15,24,260.0525,26.4679,4,"Cycler 11a",1,0.197521,0.242424,0.183219,0
15,24,260.0525,26.4679,5,"Cycler 11b",1,0.17715,0,0.158507,0
15,24,260.0525,26.4679,6,"Cycler 32",1,0.285704,0.469697,0.281535,0
15,24,260.0525,26.4679,7,"Resonant 2to1 Stable",0.833333,0.0035891,0,0.00107258,0
15,24,260.0525,26.4679,8,"Resonant 2to1 Unstable",1,0.141552,0.136364,0.110963,0
15,24,260.0525,26.4679,9,"Resonant 3to1 Stable",0.916667,0.00706961,0,0.00186571,0
15,24,260.0525,26.4679,10,"Resonant 3to1 Unstable",0.916667,0.0207482,0,0.0111532,0
15,24,260.0525,26.4679,11,"Resonant 5to2 Stable",1,0.0152896,0,0.0122011,0
15,24,260.0525,26.4679,12,"Resonant 5to2 Unstable",1,0.264974,0.151515,0.195515,0
15,24,260.0525,26.4679,13,"Distant Prograde Orbit",1,0.159879,0,0.130266,0
15,25,260.0525,27.3217,1,"Lyapunov L1",1,0.12648,0,0.124326,0
15,25,260.0525,27.3217,2,"Lyapunov L2",1,0.0953307,0,0.0798141,0
15,25,260.0525,27.3217,3,"Cycler 21",1,0.184515,0,0.165048,0
15,25,260.0525,27.3217,4,"Cycler 11a",1,0.197577,0.242424,0.183348,0
15,25,260.0525,27.3217,5,"Cycler 11b",1,0.1772,0,0.158643,0
15,25,260.0525,27.3217,6,"Cycler 32",1,0.289038,0.469697,0.284937,0
15,25,260.0525,27.3217,7,"Resonant 2to1 Stable",0.833333,0.00358961,0,0.00107258,0
15,25,260.0525,27.3217,8,"Resonant 2to1 Unstable",1,0.141613,0.136364,0.115345,0
15,25,260.0525,27.3217,9,"Resonant 3to1 Stable",0.916667,0.00707137,0,0.00186571,0
15,25,260.0525,27.3217,10,"Resonant 3to1 Unstable",0.916667,0.0207844,0,0.0111727,0
15,25,260.0525,27.3217,11,"Resonant 5to2 Stable",1,0.0157618,0,0.0129081,0
15,25,260.0525,27.3217,12,"Resonant 5to2 Unstable",1,0.267237,0.151515,0.198364,0
15,25,260.0525,27.3217,13,"Distant Prograde Orbit",1,0.165447,0,0.135073,0
16,1,274.9735,6.8304,1,"Lyapunov L1",0.916667,0.0439703,0,0.032649,0
16,1,274.9735,6.8304,2,"Lyapunov L2",0.916667,0.011449,0,0.0080233,0
16,1,274.9735,6.8304,3,"Cycler 21",0.916667,0.119612,0.0606061,0.10113,0
16,1,274.9735,6.8304,4,"Cycler 11a",0.916667,0.124138,0.212121,0.115095,0
16,1,274.9735,6.8304,5,"Cycler 11b",0.916667,0.104076,0.121212,0.0903496,0
16,1,274.9735,6.8304,6,"Cycler 32",0.916667,0.08762,0.378788,0.0751854,0
16,1,274.9735,6.8304,7,"Resonant 2to1 Stable",0,0,0,0,0
16,1,274.9735,6.8304,8,"Resonant 2to1 Unstable",0.916667,0.0996561,0.121212,0.0615112,0
16,1,274.9735,6.8304,9,"Resonant 3to1 Stable",0.833333,0.00442942,0,0.00171279,0
16,1,274.9735,6.8304,10,"Resonant 3to1 Unstable",0.833333,0.00597475,0,0.00413417,0
16,1,274.9735,6.8304,11,"Resonant 5to2 Stable",0.916667,0.00837408,0,0.00349437,0
16,1,274.9735,6.8304,12,"Resonant 5to2 Unstable",0.916667,0.0505372,0.121212,0.0238584,0
16,1,274.9735,6.8304,13,"Distant Prograde Orbit",0.916667,0.0631718,0,0.0458883,0
16,2,274.9735,7.6842,1,"Lyapunov L1",0.916667,0.0489938,0,0.0368393,0
16,2,274.9735,7.6842,2,"Lyapunov L2",0.916667,0.0140626,0,0.0102055,0
16,2,274.9735,7.6842,3,"Cycler 21",0.916667,0.124067,0.0151515,0.106052,0
16,2,274.9735,7.6842,4,"Cycler 11a",0.916667,0.130422,0.212121,0.120576,0
16,2,274.9735,7.6842,5,"Cycler 11b",0.916667,0.112125,0.0909091,0.0982957,0
16,2,274.9735,7.6842,6,"Cycler 32",0.916667,0.0976403,0.378788,0.0844456,0
16,2,274.9735,7.6842,7,"Resonant 2to1 Stable",0,0,0,0,0
16,2,274.9735,7.6842,8,"Resonant 2to1 Unstable",0.916667,0.103337,0.121212,0.0640181,0
16,2,274.9735,7.6842,9,"Resonant 3to1 Stable",0.833333,0.00461913,0,0.00175878,0
16,2,274.9735,7.6842,10,"Resonant 3to1 Unstable",0.833333,0.00619189,0,0.00441634,0
16,2,274.9735,7.6842,11,"Resonant 5to2 Stable",0.916667,0.00848155,0,0.00386074,0
16,2,274.9735,7.6842,12,"Resonant 5to2 Unstable",0.916667,0.0576994,0.121212,0.0275044,0
16,2,274.9735,7.6842,13,"Distant Prograde Orbit",0.916667,0.0714408,0,0.0523746,0
16,3,274.9735,8.5380,1,"Lyapunov L1",0.916667,0.0596739,0,0.0432778,0
16,3,274.9735,8.5380,2,"Lyapunov L2",0.916667,0.0171288,0,0.0127602,0
16,3,274.9735,8.5380,3,"Cycler 21",1,0.129861,0,0.111252,0
16,3,274.9735,8.5380,4,"Cycler 11a",1,0.136331,0.257576,0.124848,0
16,3,274.9735,8.5380,5,"Cycler 11b",1,0.122068,0.151515,0.107213,0
16,3,274.9735,8.5380,6,"Cycler 32",1,0.107215,0.469697,0.0930999,0
16,3,274.9735,8.5380,7,"Resonant 2to1 Stable",0.583333,0.00217326,0,0.000624243,0
16,3,274.9735,8.5380,8,"Resonant 2to1 Unstable",1,0.106723,0.121212,0.0669444,0
16,3,274.9735,8.5380,9,"Resonant 3to1 Stable",0.916667,0.00515045,0,0.00180073,0
16,3,274.9735,8.5380,10,"Resonant 3to1 Unstable",0.916667,0.00689984,0,0.00464604,0
16,3,274.9735,8.5380,11,"Resonant 5to2 Stable",0.916667,0.00857784,0,0.00392011,0
16,3,274.9735,8.5380,12,"Resonant 5to2 Unstable",1,0.062754,0.136364,0.029861,0
16,3,274.9735,8.5380,13,"Distant Prograde Orbit",1,0.0792994,0,0.0580992,0
16,4,274.9735,9.3918,1,"Lyapunov L1",1,0.0631119,0,0.0469151,0
16,4,274.9735,9.3918,2,"Lyapunov L2",0.916667,0.0196828,0,0.0149764,0
16,4,274.9735,9.3918,3,"Cycler 21",1,0.133133,0,0.115329,0
16,4,274.9735,9.3918,4,"Cycler 11a",1,0.140476,0.227273,0.128956,0
16,4,274.9735,9.3918,5,"Cycler 11b",1,0.12816,0.136364,0.112682,0
16,4,274.9735,9.3918,6,"Cycler 32",1,0.114775,0.484848,0.101039,0
16,4,274.9735,9.3918,7,"Resonant 2to1 Stable",0.75,0.00286522,0,0.000949668,0
16,4,274.9735,9.3918,8,"Resonant 2to1 Unstable",1,0.109097,0.121212,0.0704144,0
16,4,274.9735,9.3918,9,"Resonant 3to1 Stable",0.916667,0.00535151,0,0.00184367,0
16,4,274.9735,9.3918,10,"Resonant 3to1 Unstable",0.916667,0.00714945,0,0.00480646,0
16,4,274.9735,9.3918,11,"Resonant 5to2 Stable",1,0.00894596,0,0.00490094,0
16,4,274.9735,9.3918,12,"Resonant 5to2 Unstable",1,0.0713015,0.257576,0.0338311,0
16,4,274.9735,9.3918,13,"Distant Prograde Orbit",1,0.0878921,0.0606061,0.0660176,0
16,5,274.9735,10.2456,1,"Lyapunov L1",1,0.0647321,0,0.0485103,0
16,5,274.9735,10.2456,2,"Lyapunov L2",0.916667,0.0226201,0,0.017473,0
16,5,274.9735,10.2456,3,"Cycler 21",1,0.135408,0,0.116097,0
16,5,274.9735,10.2456,4,"Cycler 11a",1,0.144319,0.227273,0.130742,0
16,5,274.9735,10.2456,5,"Cycler 11b",1,0.131885,0.136364,0.11477,0
16,5,274.9735,10.2456,6,"Cycler 32",1,0.126486,0.484848,0.113295,0
16,5,274.9735,10.2456,7,"Resonant 2to1 Stable",0.75,0.00292595,0,0.000967504,0
16,5,274.9735,10.2456,8,"Resonant 2to1 Unstable",1,0.111778,0.121212,0.0716801,0
16,5,274.9735,10.2456,9,"Resonant 3to1 Stable",0.916667,0.00551789,0,0.00186521,0
16,5,274.9735,10.2456,10,"Resonant 3to1 Unstable",0.916667,0.00735529,0,0.00495246,0
16,5,274.9735,10.2456,11,"Resonant 5to2 Stable",1,0.009014,0,0.00534249,0
16,5,274.9735,10.2456,12,"Resonant 5to2 Unstable",1,0.0913252,0.257576,0.0440018,0
16,5,274.9735,10.2456,13,"Distant Prograde Orbit",1,0.0933289,0,0.068361,0
16,6,274.9735,11.0994,1,"Lyapunov L1",1,0.0657568,0,0.0506665,0
16,6,274.9735,11.0994,2,"Lyapunov L2",1,0.0235616,0,0.0178661,0
16,6,274.9735,11.0994,3,"Cycler 21",1,0.138469,0,0.116189,0
16,6,274.9735,11.0994,4,"Cycler 11a",1,0.148022,0.227273,0.131765,0
16,6,274.9735,11.0994,5,"Cycler 11b",1,0.134889,0.136364,0.115002,0
16,6,274.9735,11.0994,6,"Cycler 32",1,0.181689,0.5,0.168932,0
16,6,274.9735,11.0994,7,"Resonant 2to1 Stable",0.833333,0.00328694,0,0.000985429,0
16,6,274.9735,11.0994,8,"Resonant 2to1 Unstable",1,0.113949,0.121212,0.0725482,0
16,6,274.9735,11.0994,9,"Resonant 3to1 Stable",0.916667,0.00567961,0,0.00189212,0
16,6,274.9735,11.0994,10,"Resonant 3to1 Unstable",0.916667,0.00753385,0,0.00504779,0
16,6,274.9735,11.0994,11,"Resonant 5to2 Stable",1,0.00905107,0,0.00608294,0
16,6,274.9735,11.0994,12,"Resonant 5to2 Unstable",1,0.165203,0.257576,0.0995602,0
16,6,274.9735,11.0994,13,"Distant Prograde Orbit",1,0.100946,0,0.0702506,0
16,7,274.9735,11.9532,1,"Lyapunov L1",1,0.0661963,0,0.0538497,0
16,7,274.9735,11.9532,2,"Lyapunov L2",1,0.0277187,0,0.0207196,0
16,7,274.9735,11.9532,3,"Cycler 21",1,0.139006,0,0.117066,0
16,7,274.9735,11.9532,4,"Cycler 11a",1,0.148659,0.227273,0.132998,0
16,7,274.9735,11.9532,5,"Cycler 11b",1,0.135373,0.136364,0.115777,0
16,7,274.9735,11.9532,6,"Cycler 32",1,0.182497,0.5,0.171407,0
16,7,274.9735,11.9532,7,"Resonant 2to1 Stable",0.833333,0.00333014,0,0.000998544,0
16,7,274.9735,11.9532,8,"Resonant 2to1 Unstable",1,0.114595,0.121212,0.0738647,0
16,7,274.9735,11.9532,9,"Resonant 3to1 Stable",0.916667,0.0057814,0,0.0019108,0
16,7,274.9735,11.9532,10,"Resonant 3to1 Unstable",0.916667,0.00846956,0,0.00518151,0
16,7,274.9735,11.9532,11,"Resonant 5to2 Stable",1,0.00909435,0,0.00649369,0
16,7,274.9735,11.9532,12,"Resonant 5to2 Unstable",1,0.165963,0.257576,0.100925,0
16,7,274.9735,11.9532,13,"Distant Prograde Orbit",1,0.101696,0,0.0715365,0
16,8,274.9735,12.8070,1,"Lyapunov L1",1,0.0753228,0,0.0613191,0
16,8,274.9735,12.8070,2,"Lyapunov L2",1,0.0331949,0,0.0249406,0
16,8,274.9735,12.8070,3,"Cycler 21",1,0.142726,0,0.120753,0
16,8,274.9735,12.8070,4,"Cycler 11a",1,0.153452,0.227273,0.136964,0
16,8,274.9735,12.8070,5,"Cycler 11b",1,0.141628,0.136364,0.12252,0
16,8,274.9735,12.8070,6,"Cycler 32",1,0.18734,0.5,0.175745,0
16,8,274.9735,12.8070,7,"Resonant 2to1 Stable",0.833333,0.00338676,0,0.00101116,0
16,8,274.9735,12.8070,8,"Resonant 2to1 Unstable",1,0.117196,0.121212,0.0770573,0
16,8,274.9735,12.8070,9,"Resonant 3to1 Stable",0.916667,0.00588717,0,0.00191854,0
16,8,274.9735,12.8070,10,"Resonant 3to1 Unstable",0.916667,0.00966891,0,0.00548111,0
16,8,274.9735,12.8070,11,"Resonant 5to2 Stable",1,0.00915056,0,0.00682376,0
16,8,274.9735,12.8070,12,"Resonant 5to2 Unstable",1,0.169685,0.257576,0.102201,0
16,8,274.9735,12.8070,13,"Distant Prograde Orbit",1,0.105989,0,0.0777547,0
16,9,274.9735,13.6608,1,"Lyapunov L1",1,0.0817384,0,0.0684952,0
16,9,274.9735,13.6608,2,"Lyapunov L2",1,0.0401679,0,0.0305314,0
16,9,274.9735,13.6608,3,"Cycler 21",1,0.152943,0,0.130177,0
16,9,274.9735,13.6608,4,"Cycler 11a",1,0.15749,0.227273,0.141927,0
16,9,274.9735,13.6608,5,"Cycler 11b",1,0.150046,0.121212,0.129719,0
16,9,274.9735,13.6608,6,"Cycler 32",1,0.197089,0.454545,0.185471,0
16,9,274.9735,13.6608,7,"Resonant 2to1 Stable",0.833333,0.0034088,0,0.00101801,0
16,9,274.9735,13.6608,8,"Resonant 2to1 Unstable",1,0.120255,0.121212,0.0803451,0
16,9,274.9735,13.6608,9,"Resonant 3to1 Stable",0.916667,0.00597391,0,0.00192584,0
16,9,274.9735,13.6608,10,"Resonant 3to1 Unstable",0.916667,0.0111551,0,0.00620717,0
16,9,274.9735,13.6608,11,"Resonant 5to2 Stable",1,0.009199,0,0.00744603,0
16,9,274.9735,13.6608,12,"Resonant 5to2 Unstable",1,0.176689,0.257576,0.104084,0
16,9,274.9735,13.6608,13,"Distant Prograde Orbit",1,0.112048,0,0.0838304,0
16,10,274.9735,14.5146,1,"Lyapunov L1",1,0.0859469,0,0.0750878,0
16,10,274.9735,14.5146,2,"Lyapunov L2",1,0.0439825,0,0.0338751,0
16,10,274.9735,14.5146,3,"Cycler 21",1,0.15781,0.0151515,0.135554,0
16,10,274.9735,14.5146,4,"Cycler 11a",1,0.160899,0.227273,0.145777,0
16,10,274.9735,14.5146,5,"Cycler 11b",1,0.153507,0.106061,0.133687,0
16,10,274.9735,14.5146,6,"Cycler 32",1,0.199628,0.454545,0.188795,0
16,10,274.9735,14.5146,7,"Resonant 2to1 Stable",0.833333,0.00344719,0,0.00102408,0
16,10,274.9735,14.5146,8,"Resonant 2to1 Unstable",1,0.122882,0.121212,0.0832347,0
16,10,274.9735,14.5146,9,"Resonant 3to1 Stable",0.916667,0.00601667,0,0.00194207,0
16,10,274.9735,14.5146,10,"Resonant 3to1 Unstable",0.916667,0.0117857,0,0.00676927,0
16,10,274.9735,14.5146,11,"Resonant 5to2 Stable",1,0.0092287,0,0.00767526,0
16,10,274.9735,14.5146,12,"Resonant 5to2 Unstable",1,0.178574,0.257576,0.106187,0
16,10,274.9735,14.5146,13,"Distant Prograde Orbit",1,0.119714,0,0.0911384,0
16,11,274.9735,15.3684,1,"Lyapunov L1",1,0.088552,0,0.0795865,0
16,11,274.9735,15.3684,2,"Lyapunov L2",1,0.0470697,0,0.0369154,0
16,11,274.9735,15.3684,3,"Cycler 21",1,0.160453,0.0151515,0.138594,0
16,11,274.9735,15.3684,4,"Cycler 11a",1,0.164,0.227273,0.150106,0
16,11,274.9735,15.3684,5,"Cycler 11b",1,0.155622,0.106061,0.136372,0
16,11,274.9735,15.3684,6,"Cycler 32",1,0.199789,0.454545,0.189908,0
16,11,274.9735,15.3684,7,"Resonant 2to1 Stable",0.833333,0.00347828,0,0.00103476,0
16,11,274.9735,15.3684,8,"Resonant 2to1 Unstable",1,0.125623,0.121212,0.0864098,0
16,11,274.9735,15.3684,9,"Resonant 3to1 Stable",0.916667,0.00614899,0,0.0019701,0
16,11,274.9735,15.3684,10,"Resonant 3to1 Unstable",0.916667,0.0121785,0,0.00721617,0
16,11,274.9735,15.3684,11,"Resonant 5to2 Stable",1,0.00926862,0,0.0078931,0
16,11,274.9735,15.3684,12,"Resonant 5to2 Unstable",1,0.178725,0.257576,0.108347,0
16,11,274.9735,15.3684,13,"Distant Prograde Orbit",1,0.127907,0,0.0991638,0
16,12,274.9735,16.2222,1,"Lyapunov L1",1,0.0939258,0,0.0900098,0
16,12,274.9735,16.2222,2,"Lyapunov L2",1,0.0502137,0,0.039137,0
16,12,274.9735,16.2222,3,"Cycler 21",1,0.161389,0,0.140362,0
16,12,274.9735,16.2222,4,"Cycler 11a",1,0.165616,0.227273,0.152219,0
16,12,274.9735,16.2222,5,"Cycler 11b",1,0.156477,0.0909091,0.138629,0
16,12,274.9735,16.2222,6,"Cycler 32",1,0.200976,0.484848,0.192931,0
16,12,274.9735,16.2222,7,"Resonant 2to1 Stable",0.833333,0.00348184,0,0.00103536,0
16,12,274.9735,16.2222,8,"Resonant 2to1 Unstable",1,0.12929,0.121212,0.0913476,0
16,12,274.9735,16.2222,9,"Resonant 3to1 Stable",0.916667,0.00637042,0,0.00200898,0
16,12,274.9735,16.2222,10,"Resonant 3to1 Unstable",0.916667,0.0141393,0,0.00802456,0
16,12,274.9735,16.2222,11,"Resonant 5to2 Stable",1,0.00930161,0,0.00806439,0
16,12,274.9735,16.2222,12,"Resonant 5to2 Unstable",1,0.179742,0.136364,0.115826,0
16,12,274.9735,16.2222,13,"Distant Prograde Orbit",1,0.130044,0,0.102836,0
16,13,274.9735,17.0760,1,"Lyapunov L1",1,0.102454,0,0.0969011,0
16,13,274.9735,17.0760,2,"Lyapunov L2",1,0.0555814,0,0.0427423,0
16,13,274.9735,17.0760,3,"Cycler 21",1,0.16246,0,0.140919,0
16,13,274.9735,17.0760,4,"Cycler 11a",1,0.169633,0.227273,0.155874,0
16,13,274.9735,17.0760,5,"Cycler 11b",1,0.158627,0.030303,0.141098,0
16,13,274.9735,17.0760,6,"Cycler 32",1,0.20442,0.469697,0.196472,0
16,13,274.9735,17.0760,7,"Resonant 2to1 Stable",0.916667,0.00379966,0,0.00103726,0
16,13,274.9735,17.0760,8,"Resonant 2to1 Unstable",1,0.130883,0.121212,0.0944579,0
16,13,274.9735,17.0760,9,"Resonant 3to1 Stable",0.916667,0.00647768,0,0.00201537,0
16,13,274.9735,17.0760,10,"Resonant 3to1 Unstable",1,0.0184345,0,0.00928799,0
16,13,274.9735,17.0760,11,"Resonant 5to2 Stable",1,0.0093207,0,0.0083032,0
16,13,274.9735,17.0760,12,"Resonant 5to2 Unstable",1,0.182653,0.272727,0.121168,0
16,13,274.9735,17.0760,13,"Distant Prograde Orbit",1,0.134871,0,0.108255,0
16,14,274.9735,17.9298,1,"Lyapunov L1",1,0.106058,0,0.101231,0
16,14,274.9735,17.9298,2,"Lyapunov L2",1,0.0620317,0,0.049003,0
16,14,274.9735,17.9298,3,"Cycler 21",1,0.163619,0,0.141715,0
16,14,274.9735,17.9298,4,"Cycler 11a",1,0.170033,0.227273,0.157725,0
16,14,274.9735,17.9298,5,"Cycler 11b",1,0.161211,0.030303,0.144768,0
16,14,274.9735,17.9298,6,"Cycler 32",1,0.206357,0.469697,0.198944,0
16,14,274.9735,17.9298,7,"Resonant 2to1 Stable",0.916667,0.00380565,0,0.00103783,0
16,14,274.9735,17.9298,8,"Resonant 2to1 Unstable",1,0.131119,0.121212,0.0965011,0
16,14,274.9735,17.9298,9,"Resonant 3to1 Stable",0.916667,0.00655073,0,0.00203273,0
16,14,274.9735,17.9298,10,"Resonant 3to1 Unstable",1,0.0195787,0,0.00988426,0
16,14,274.9735,17.9298,11,"Resonant 5to2 Stable",1,0.0093337,0,0.00850762,0
16,14,274.9735,17.9298,12,"Resonant 5to2 Unstable",1,0.184268,0.272727,0.125189,0
16,14,274.9735,17.9298,13,"Distant Prograde Orbit",1,0.13676,0,0.110705,0
16,15,274.9735,18.7836,1,"Lyapunov L1",1,0.107182,0,0.102613,0
16,15,274.9735,18.7836,2,"Lyapunov L2",1,0.0638172,0,0.0520843,0
16,15,274.9735,18.7836,3,"Cycler 21",1,0.16395,0,0.145238,0
16,15,274.9735,18.7836,4,"Cycler 11a",1,0.170192,0.227273,0.158005,0
16,15,274.9735,18.7836,5,"Cycler 11b",1,0.162137,0.0151515,0.145964,0
16,15,274.9735,18.7836,6,"Cycler 32",1,0.2069,0.469697,0.199685,0
16,15,274.9735,18.7836,7,"Resonant 2to1 Stable",0.916667,0.00382183,0,0.00104189,0
16,15,274.9735,18.7836,8,"Resonant 2to1 Unstable",1,0.131249,0.121212,0.0971468,0
16,15,274.9735,18.7836,9,"Resonant 3to1 Stable",0.916667,0.00668731,0,0.00205249,0
16,15,274.9735,18.7836,10,"Resonant 3to1 Unstable",1,0.0201989,0,0.0102854,0
16,15,274.9735,18.7836,11,"Resonant 5to2 Stable",1,0.00934109,0,0.00881176,0
16,15,274.9735,18.7836,12,"Resonant 5to2 Unstable",1,0.184735,0.272727,0.127703,0
16,15,274.9735,18.7836,13,"Distant Prograde Orbit",1,0.137369,0,0.11147,0
16,16,274.9735,19.6374,1,"Lyapunov L1",1,0.114381,0,0.11006,0
16,16,274.9735,19.6374,2,"Lyapunov L2",1,0.070468,0,0.0580268,0
16,16,274.9735,19.6374,3,"Cycler 21",1,0.165644,0,0.147211,0
16,16,274.9735,19.6374,4,"Cycler 11a",1,0.177145,0.227273,0.165105,0
16,16,274.9735,19.6374,5,"Cycler 11b",1,0.162144,0,0.146165,0
16,16,274.9735,19.6374,6,"Cycler 32",1,0.207384,0.469697,0.200241,0
16,16,274.9735,19.6374,7,"Resonant 2to1 Stable",0.916667,0.00382919,0,0.00104604,0
16,16,274.9735,19.6374,8,"Resonant 2to1 Unstable",1,0.13207,0.121212,0.0975139,0
16,16,274.9735,19.6374,9,"Resonant 3to1 Stable",0.916667,0.00668959,0,0.00207438,0
16,16,274.9735,19.6374,10,"Resonant 3to1 Unstable",1,0.02023,0,0.0106468,0
16,16,274.9735,19.6374,11,"Resonant 5to2 Stable",1,0.00942579,0,0.00893,0
16,16,274.9735,19.6374,12,"Resonant 5to2 Unstable",1,0.185132,0.272727,0.12825,0
16,16,274.9735,19.6374,13,"Distant Prograde Orbit",1,0.138068,0,0.112192,0
16,17,274.9735,20.4912,1,"Lyapunov L1",1,0.11584,0,0.111519,0
16,17,274.9735,20.4912,2,"Lyapunov L2",1,0.0742749,0,0.0608636,0
16,17,274.9735,20.4912,3,"Cycler 21",1,0.166485,0,0.148106,0
16,17,274.9735,20.4912,4,"Cycler 11a",1,0.179182,0.227273,0.167195,0
16,17,274.9735,20.4912,5,"Cycler 11b",1,0.162157,0,0.146194,0
16,17,274.9735,20.4912,6,"Cycler 32",1,0.208132,0.469697,0.200987,0
16,17,274.9735,20.4912,7,"Resonant 2to1 Stable",0.916667,0.00388777,0,0.00105715,0
16,17,274.9735,20.4912,8,"Resonant 2to1 Unstable",1,0.132494,0.121212,0.0976258,0
16,17,274.9735,20.4912,9,"Resonant 3to1 Stable",0.916667,0.00669779,0,0.00207947,0
16,17,274.9735,20.4912,10,"Resonant 3to1 Unstable",1,0.0202724,0,0.010886,0
16,17,274.9735,20.4912,11,"Resonant 5to2 Stable",1,0.00950993,0,0.00906847,0
16,17,274.9735,20.4912,12,"Resonant 5to2 Unstable",1,0.185737,0.272727,0.128868,0
16,17,274.9735,20.4912,13,"Distant Prograde Orbit",1,0.138643,0,0.113334,0
16,18,274.9735,21.3450,1,"Lyapunov L1",1,0.116945,0,0.112039,0
16,18,274.9735,21.3450,2,"Lyapunov L2",1,0.0798522,0,0.0672723,0
16,18,274.9735,21.3450,3,"Cycler 21",1,0.174251,0,0.152557,0
16,18,274.9735,21.3450,4,"Cycler 11a",1,0.187299,0.242424,0.174218,0
16,18,274.9735,21.3450,5,"Cycler 11b",1,0.171073,0,0.150773,0
16,18,274.9735,21.3450,6,"Cycler 32",1,0.267779,0.484848,0.260663,0
16,18,274.9735,21.3450,7,"Resonant 2to1 Stable",0.916667,0.00389755,0,0.00106531,0
16,18,274.9735,21.3450,8,"Resonant 2to1 Unstable",1,0.136302,0.136364,0.0992191,0
16,18,274.9735,21.3450,9,"Resonant 3to1 Stable",0.916667,0.00672271,0,0.00207947,0
16,18,274.9735,21.3450,10,"Resonant 3to1 Unstable",1,0.0205544,0,0.0110145,0
16,18,274.9735,21.3450,11,"Resonant 5to2 Stable",1,0.0101202,0,0.00925729,0
16,18,274.9735,21.3450,12,"Resonant 5to2 Unstable",1,0.250912,0.287879,0.182746,0
16,18,274.9735,21.3450,13,"Distant Prograde Orbit",1,0.150867,0,0.121265,0
16,19,274.9735,22.1988,1,"Lyapunov L1",1,0.118404,0,0.113446,0
16,19,274.9735,22.1988,2,"Lyapunov L2",1,0.0898072,0,0.0736005,0
16,19,274.9735,22.1988,3,"Cycler 21",1,0.180546,0,0.160213,0
16,19,274.9735,22.1988,4,"Cycler 11a",1,0.189027,0.242424,0.176073,0
16,19,274.9735,22.1988,5,"Cycler 11b",1,0.173551,0,0.153781,0
16,19,274.9735,22.1988,6,"Cycler 32",1,0.276012,0.484848,0.26916,0
16,19,274.9735,22.1988,7,"Resonant 2to1 Stable",0.916667,0.00390166,0,0.00106531,0
16,19,274.9735,22.1988,8,"Resonant 2to1 Unstable",1,0.137158,0.136364,0.104506,0
16,19,274.9735,22.1988,9,"Resonant 3to1 Stable",0.916667,0.00692462,0,0.00214232,0
16,19,274.9735,22.1988,10,"Resonant 3to1 Unstable",1,0.0207239,0,0.0110768,0
16,19,274.9735,22.1988,11,"Resonant 5to2 Stable",1,0.0106955,0,0.00951916,0
16,19,274.9735,22.1988,12,"Resonant 5to2 Unstable",1,0.257316,0.287879,0.183516,0
16,19,274.9735,22.1988,13,"Distant Prograde Orbit",1,0.154814,0,0.125003,0
16,20,274.9735,23.0527,1,"Lyapunov L1",1,0.11931,0,0.114788,0
16,20,274.9735,23.0527,2,"Lyapunov L2",1,0.0922942,0,0.0766419,0
16,20,274.9735,23.0527,3,"Cycler 21",1,0.181558,0,0.161368,0
16,20,274.9735,23.0527,4,"Cycler 11a",1,0.189481,0.242424,0.176906,0
16,20,274.9735,23.0527,5,"Cycler 11b",1,0.176164,0,0.156335,0
16,20,274.9735,23.0527,6,"Cycler 32",1,0.27765,0.515152,0.270934,0
16,20,274.9735,23.0527,7,"Resonant 2to1 Stable",0.916667,0.00390206,0,0.00107218,0
16,20,274.9735,23.0527,8,"Resonant 2to1 Unstable",1,0.137494,0.136364,0.105445,0
16,20,274.9735,23.0527,9,"Resonant 3to1 Stable",0.916667,0.00705764,0,0.00252229,0
16,20,274.9735,23.0527,10,"Resonant 3to1 Unstable",1,0.0207856,0,0.0111079,0
16,20,274.9735,23.0527,11,"Resonant 5to2 Stable",1,0.0116077,0,0.00979669,0
16,20,274.9735,23.0527,12,"Resonant 5to2 Unstable",1,0.258522,0.166667,0.185721,0
16,20,274.9735,23.0527,13,"Distant Prograde Orbit",1,0.157191,0,0.127275,0
16,21,274.9735,23.9065,1,"Lyapunov L1",1,0.119629,0,0.117386,0
16,21,274.9735,23.9065,2,"Lyapunov L2",1,0.0924733,0,0.0768824,0
16,21,274.9735,23.9065,3,"Cycler 21",1,0.182197,0,0.162042,0
16,21,274.9735,23.9065,4,"Cycler 11a",1,0.197146,0.242424,0.183165,0
16,21,274.9735,23.9065,5,"Cycler 11b",1,0.176815,0,0.157489,0
16,21,274.9735,23.9065,6,"Cycler 32",1,0.283815,0.484848,0.279639,0
16,21,274.9735,23.9065,7,"Resonant 2to1 Stable",0.916667,0.00390432,0,0.00107218,0
16,21,274.9735,23.9065,8,"Resonant 2to1 Unstable",1,0.14081,0.136364,0.10986,0
16,21,274.9735,23.9065,9,"Resonant 3to1 Stable",0.916667,0.00706539,0,0.00252229,0
16,21,274.9735,23.9065,10,"Resonant 3to1 Unstable",1,0.0208921,0,0.0111079,0
16,21,274.9735,23.9065,11,"Resonant 5to2 Stable",1,0.0120649,0,0.00994632,0
16,21,274.9735,23.9065,12,"Resonant 5to2 Unstable",1,0.263421,0.166667,0.191077,0
16,21,274.9735,23.9065,13,"Distant Prograde Orbit",1,0.158403,0,0.128593,0
16,22,274.9735,24.7603,1,"Lyapunov L1",1,0.120991,0,0.118723,0
16,22,274.9735,24.7603,2,"Lyapunov L2",1,0.0933832,0,0.0778958,0
16,22,274.9735,24.7603,3,"Cycler 21",1,0.182216,0,0.162545,0
16,22,274.9735,24.7603,4,"Cycler 11a",1,0.197167,0.242424,0.183197,0
16,22,274.9735,24.7603,5,"Cycler 11b",1,0.176834,0,0.158033,0
16,22,274.9735,24.7603,6,"Cycler 32",1,0.284259,0.484848,0.280163,0
16,22,274.9735,24.7603,7,"Resonant 2to1 Stable",0.916667,0.00390536,0,0.00107285,0
16,22,274.9735,24.7603,8,"Resonant 2to1 Unstable",1,0.140833,0.136364,0.110098,0
16,22,274.9735,24.7603,9,"Resonant 3to1 Stable",0.916667,0.00706664,0,0.00252229,0
16,22,274.9735,24.7603,10,"Resonant 3to1 Unstable",1,0.0209239,0,0.0114294,0
16,22,274.9735,24.7603,11,"Resonant 5to2 Stable",1,0.0122529,0,0.0102755,0
16,22,274.9735,24.7603,12,"Resonant 5to2 Unstable",1,0.264222,0.166667,0.193096,0
16,22,274.9735,24.7603,13,"Distant Prograde Orbit",1,0.159202,0,0.129801,0
16,23,274.9735,25.6141,1,"Lyapunov L1",1,0.124561,0,0.122295,0
16,23,274.9735,25.6141,2,"Lyapunov L2",1,0.0946227,0,0.0791044,0
16,23,274.9735,25.6141,3,"Cycler 21",1,0.183122,0,0.163762,0
16,23,274.9735,25.6141,4,"Cycler 11a",1,0.197311,0.257576,0.183366,0
16,23,274.9735,25.6141,5,"Cycler 11b",1,0.176965,0,0.158324,0
16,23,274.9735,25.6141,6,"Cycler 32",1,0.285518,0.484848,0.281379,0
16,23,274.9735,25.6141,7,"Resonant 2to1 Stable",0.916667,0.00401656,0,0.00108494,0
16,23,274.9735,25.6141,8,"Resonant 2to1 Unstable",1,0.141247,0,0.110824,0
16,23,274.9735,25.6141,9,"Resonant 3to1 Stable",0.916667,0.00706961,0,0.00252229,0
16,23,274.9735,25.6141,10,"Resonant 3to1 Unstable",1,0.0209952,0,0.0114301,0
16,23,274.9735,25.6141,11,"Resonant 5to2 Stable",1,0.0133128,0,0.0109241,0
16,23,274.9735,25.6141,12,"Resonant 5to2 Unstable",1,0.264776,0.166667,0.194959,0
16,23,274.9735,25.6141,13,"Distant Prograde Orbit",1,0.159692,0,0.130573,0
16,24,274.9735,26.4679,1,"Lyapunov L1",1,0.125032,0,0.12277,0
16,24,274.9735,26.4679,2,"Lyapunov L2",1,0.0950433,0,0.0795441,0
16,24,274.9735,26.4679,3,"Cycler 21",1,0.183323,0,0.163837,0
16,24,274.9735,26.4679,4,"Cycler 11a",1,0.197533,0.242424,0.183539,0
16,24,274.9735,26.4679,5,"Cycler 11b",1,0.177162,0,0.158507,0
16,24,274.9735,26.4679,6,"Cycler 32",1,0.285716,0.484848,0.281547,0
16,24,274.9735,26.4679,7,"Resonant 2to1 Stable",0.916667,0.00401656,0,0.00108494,0
16,24,274.9735,26.4679,8,"Resonant 2to1 Unstable",1,0.141563,0.136364,0.1113,0
16,24,274.9735,26.4679,9,"Resonant 3to1 Stable",0.916667,0.00706961,0,0.00252229,0
16,24,274.9735,26.4679,10,"Resonant 3to1 Unstable",1,0.0210733,0,0.0114598,0
16,24,274.9735,26.4679,11,"Resonant 5to2 Stable",1,0.0152903,0,0.0122018,0
16,24,274.9735,26.4679,12,"Resonant 5to2 Unstable",1,0.264985,0.166667,0.195515,0
16,24,274.9735,26.4679,13,"Distant Prograde Orbit",1,0.15989,0,0.130573,0
16,25,274.9735,27.3217,1,"Lyapunov L1",1,0.126491,0,0.124326,0
16,25,274.9735,27.3217,2,"Lyapunov L2",1,0.0953418,0,0.0798141,0
16,25,274.9735,27.3217,3,"Cycler 21",1,0.184526,0,0.165048,0
16,25,274.9735,27.3217,4,"Cycler 11a",1,0.197589,0.242424,0.183668,0
16,25,274.9735,27.3217,5,"Cycler 11b",1,0.177211,0,0.158643,0
16,25,274.9735,27.3217,6,"Cycler 32",1,0.289049,0.484848,0.284949,0
16,25,274.9735,27.3217,7,"Resonant 2to1 Stable",0.916667,0.0040171,0,0.00108494,0
16,25,274.9735,27.3217,8,"Resonant 2to1 Unstable",1,0.141624,0.136364,0.115681,0
16,25,274.9735,27.3217,9,"Resonant 3to1 Stable",0.916667,0.00707137,0,0.00252229,0
16,25,274.9735,27.3217,10,"Resonant 3to1 Unstable",1,0.0211095,0,0.0114793,0
16,25,274.9735,27.3217,11,"Resonant 5to2 Stable",1,0.0157625,0,0.0129087,0
16,25,274.9735,27.3217,12,"Resonant 5to2 Unstable",1,0.267248,0.166667,0.198364,0
16,25,274.9735,27.3217,13,"Distant Prograde Orbit",1,0.165458,0,0.13538,0
17,1,289.8946,6.8304,1,"Lyapunov L1",0.916667,0.0439703,0,0.0326932,0
17,1,289.8946,6.8304,2,"Lyapunov L2",0.916667,0.011449,0,0.0080233,0
17,1,289.8946,6.8304,3,"Cycler 21",0.916667,0.119612,0.0606061,0.10142,0
17,1,289.8946,6.8304,4,"Cycler 11a",0.916667,0.124138,0.212121,0.11541,0
17,1,289.8946,6.8304,5,"Cycler 11b",0.916667,0.104076,0.121212,0.0903983,0
17,1,289.8946,6.8304,6,"Cycler 32",0.916667,0.08762,0.378788,0.0751863,0
17,1,289.8946,6.8304,7,"Resonant 2to1 Stable",0,0,0,0,0
17,1,289.8946,6.8304,8,"Resonant 2to1 Unstable",0.916667,0.0996561,0.121212,0.0615164,0
17,1,289.8946,6.8304,9,"Resonant 3to1 Stable",0.833333,0.00442942,0,0.00203291,0
17,1,289.8946,6.8304,10,"Resonant 3to1 Unstable",0.833333,0.00597475,0,0.00422796,0
17,1,289.8946,6.8304,11,"Resonant 5to2 Stable",0.916667,0.00837408,0,0.00378394,0
17,1,289.8946,6.8304,12,"Resonant 5to2 Unstable",0.916667,0.0505372,0.121212,0.0238584,0
17,1,289.8946,6.8304,13,"Distant Prograde Orbit",0.916667,0.0631718,0,0.0458883,0
17,2,289.8946,7.6842,1,"Lyapunov L1",0.916667,0.0489938,0,0.0369117,0
17,2,289.8946,7.6842,2,"Lyapunov L2",0.916667,0.0140626,0,0.0102055,0
17,2,289.8946,7.6842,3,"Cycler 21",1,0.124359,0.0151515,0.106059,0
17,2,289.8946,7.6842,4,"Cycler 11a",1,0.130716,0.227273,0.12089,0
17,2,289.8946,7.6842,5,"Cycler 11b",1,0.112418,0.0909091,0.0982957,0
17,2,289.8946,7.6842,6,"Cycler 32",1,0.0979397,0.469697,0.084745,0
17,2,289.8946,7.6842,7,"Resonant 2to1 Stable",0.583333,0.00205844,0,0.000589576,0
17,2,289.8946,7.6842,8,"Resonant 2to1 Unstable",1,0.103629,0.121212,0.0640233,0
17,2,289.8946,7.6842,9,"Resonant 3to1 Stable",0.916667,0.00491305,0,0.0020789,0
17,2,289.8946,7.6842,10,"Resonant 3to1 Unstable",0.916667,0.00648581,0,0.00449497,0
17,2,289.8946,7.6842,11,"Resonant 5to2 Stable",0.916667,0.00848155,0,0.00386074,0
17,2,289.8946,7.6842,12,"Resonant 5to2 Unstable",1,0.0579925,0.136364,0.0277947,0
17,2,289.8946,7.6842,13,"Distant Prograde Orbit",1,0.0717357,0,0.0523746,0
17,3,289.8946,8.5380,1,"Lyapunov L1",1,0.0599771,0,0.0433534,0
17,3,289.8946,8.5380,2,"Lyapunov L2",0.916667,0.0171288,0,0.0127602,0
17,3,289.8946,8.5380,3,"Cycler 21",1,0.129862,0,0.111252,0
17,3,289.8946,8.5380,4,"Cycler 11a",1,0.136332,0.257576,0.125163,0
17,3,289.8946,8.5380,5,"Cycler 11b",1,0.122069,0.166667,0.107213,0
17,3,289.8946,8.5380,6,"Cycler 32",1,0.107216,0.484848,0.093101,0
17,3,289.8946,8.5380,7,"Resonant 2to1 Stable",0.75,0.00277816,0,0.000920064,0
17,3,289.8946,8.5380,8,"Resonant 2to1 Unstable",1,0.106724,0.121212,0.0669496,0
17,3,289.8946,8.5380,9,"Resonant 3to1 Stable",0.916667,0.00515045,0,0.00212085,0
17,3,289.8946,8.5380,10,"Resonant 3to1 Unstable",0.916667,0.00689984,0,0.00472169,0
17,3,289.8946,8.5380,11,"Resonant 5to2 Stable",1,0.00887263,0,0.00421491,0
17,3,289.8946,8.5380,12,"Resonant 5to2 Unstable",1,0.062755,0.136364,0.029861,0
17,3,289.8946,8.5380,13,"Distant Prograde Orbit",1,0.0793004,0,0.0580992,0
17,4,289.8946,9.3918,1,"Lyapunov L1",1,0.0631119,0,0.047059,0
17,4,289.8946,9.3918,2,"Lyapunov L2",0.916667,0.0196828,0,0.0149764,0
17,4,289.8946,9.3918,3,"Cycler 21",1,0.133133,0,0.115329,0
17,4,289.8946,9.3918,4,"Cycler 11a",1,0.140476,0.227273,0.129271,0
17,4,289.8946,9.3918,5,"Cycler 11b",1,0.12816,0.136364,0.112718,0
17,4,289.8946,9.3918,6,"Cycler 32",1,0.114775,0.484848,0.101039,0
17,4,289.8946,9.3918,7,"Resonant 2to1 Stable",0.75,0.00286522,0,0.000949668,0
17,4,289.8946,9.3918,8,"Resonant 2to1 Unstable",1,0.109097,0.121212,0.0704196,0
17,4,289.8946,9.3918,9,"Resonant 3to1 Stable",0.916667,0.00535151,0,0.00216379,0
17,4,289.8946,9.3918,10,"Resonant 3to1 Unstable",0.916667,0.00714945,0,0.00489321,0
17,4,289.8946,9.3918,11,"Resonant 5to2 Stable",1,0.00894596,0,0.00499472,0
17,4,289.8946,9.3918,12,"Resonant 5to2 Unstable",1,0.0713015,0.257576,0.0338311,0
17,4,289.8946,9.3918,13,"Distant Prograde Orbit",1,0.0878921,0.0606061,0.0660176,0
17,5,289.8946,10.2456,1,"Lyapunov L1",1,0.0647321,0,0.0485662,0
17,5,289.8946,10.2456,2,"Lyapunov L2",1,0.0229181,0,0.017473,0
17,5,289.8946,10.2456,3,"Cycler 21",1,0.135408,0,0.116106,0
17,5,289.8946,10.2456,4,"Cycler 11a",1,0.144319,0.227273,0.131057,0
17,5,289.8946,10.2456,5,"Cycler 11b",1,0.131885,0.136364,0.114791,0
17,5,289.8946,10.2456,6,"Cycler 32",1,0.126486,0.5,0.113295,0
17,5,289.8946,10.2456,7,"Resonant 2to1 Stable",0.833333,0.00322393,0,0.000967504,0
17,5,289.8946,10.2456,8,"Resonant 2to1 Unstable",1,0.111778,0.121212,0.0716852,0
17,5,289.8946,10.2456,9,"Resonant 3to1 Stable",0.916667,0.00551789,0,0.00218533,0
17,5,289.8946,10.2456,10,"Resonant 3to1 Unstable",0.916667,0.00735529,0,0.00500832,0
17,5,289.8946,10.2456,11,"Resonant 5to2 Stable",1,0.009014,0,0.00569192,0
17,5,289.8946,10.2456,12,"Resonant 5to2 Unstable",1,0.0913252,0.257576,0.0440257,0
17,5,289.8946,10.2456,13,"Distant Prograde Orbit",1,0.0933289,0,0.0686566,0
17,6,289.8946,11.0994,1,"Lyapunov L1",1,0.0657568,0,0.0506941,0
17,6,289.8946,11.0994,2,"Lyapunov L2",1,0.0235616,0,0.0178661,0
17,6,289.8946,11.0994,3,"Cycler 21",1,0.138469,0,0.116189,0
17,6,289.8946,11.0994,4,"Cycler 11a",1,0.148022,0.227273,0.13208,0
17,6,289.8946,11.0994,5,"Cycler 11b",1,0.134889,0.136364,0.115002,0
17,6,289.8946,11.0994,6,"Cycler 32",1,0.181689,0.5,0.168932,0
17,6,289.8946,11.0994,7,"Resonant 2to1 Stable",0.833333,0.00328694,0,0.000985429,0
17,6,289.8946,11.0994,8,"Resonant 2to1 Unstable",1,0.113949,0.121212,0.0725534,0
17,6,289.8946,11.0994,9,"Resonant 3to1 Stable",0.916667,0.00567961,0,0.00221224,0
17,6,289.8946,11.0994,10,"Resonant 3to1 Unstable",0.916667,0.00753385,0,0.00507544,0
17,6,289.8946,11.0994,11,"Resonant 5to2 Stable",1,0.00905107,0,0.00612638,0
17,6,289.8946,11.0994,12,"Resonant 5to2 Unstable",1,0.165203,0.257576,0.0995602,0
17,6,289.8946,11.0994,13,"Distant Prograde Orbit",1,0.100946,0,0.070294,0
17,7,289.8946,11.9532,1,"Lyapunov L1",1,0.0661963,0,0.0538787,0
17,7,289.8946,11.9532,2,"Lyapunov L2",1,0.0277187,0,0.0207196,0
17,7,289.8946,11.9532,3,"Cycler 21",1,0.139006,0,0.117066,0
17,7,289.8946,11.9532,4,"Cycler 11a",1,0.148659,0.227273,0.133313,0
17,7,289.8946,11.9532,5,"Cycler 11b",1,0.135373,0.136364,0.115777,0
17,7,289.8946,11.9532,6,"Cycler 32",1,0.182497,0.5,0.171407,0
17,7,289.8946,11.9532,7,"Resonant 2to1 Stable",0.833333,0.00333014,0,0.000998544,0
17,7,289.8946,11.9532,8,"Resonant 2to1 Unstable",1,0.114595,0.121212,0.0738699,0
17,7,289.8946,11.9532,9,"Resonant 3to1 Stable",0.916667,0.0057814,0,0.00223092,0
17,7,289.8946,11.9532,10,"Resonant 3to1 Unstable",0.916667,0.00846956,0,0.00521043,0
17,7,289.8946,11.9532,11,"Resonant 5to2 Stable",1,0.00909435,0,0.00649369,0
17,7,289.8946,11.9532,12,"Resonant 5to2 Unstable",1,0.165963,0.257576,0.100925,0
17,7,289.8946,11.9532,13,"Distant Prograde Orbit",1,0.101696,0,0.0715365,0
17,8,289.8946,12.8070,1,"Lyapunov L1",1,0.0753228,0,0.0613495,0
17,8,289.8946,12.8070,2,"Lyapunov L2",1,0.0331949,0,0.0252456,0
17,8,289.8946,12.8070,3,"Cycler 21",1,0.142726,0,0.120753,0
17,8,289.8946,12.8070,4,"Cycler 11a",1,0.153452,0.227273,0.137279,0
17,8,289.8946,12.8070,5,"Cycler 11b",1,0.141628,0.136364,0.12252,0
17,8,289.8946,12.8070,6,"Cycler 32",1,0.18734,0.5,0.175745,0
17,8,289.8946,12.8070,7,"Resonant 2to1 Stable",0.833333,0.00338676,0,0.00101116,0
17,8,289.8946,12.8070,8,"Resonant 2to1 Unstable",1,0.117196,0.121212,0.0770624,0
17,8,289.8946,12.8070,9,"Resonant 3to1 Stable",0.916667,0.00588717,0,0.00223866,0
17,8,289.8946,12.8070,10,"Resonant 3to1 Unstable",0.916667,0.00966891,0,0.00551146,0
17,8,289.8946,12.8070,11,"Resonant 5to2 Stable",1,0.00915056,0,0.0071288,0
17,8,289.8946,12.8070,12,"Resonant 5to2 Unstable",1,0.169685,0.257576,0.102201,0
17,8,289.8946,12.8070,13,"Distant Prograde Orbit",1,0.105989,0,0.0777547,0
17,9,289.8946,13.6608,1,"Lyapunov L1",1,0.0817384,0,0.0685151,0
17,9,289.8946,13.6608,2,"Lyapunov L2",1,0.0401679,0,0.0305314,0
17,9,289.8946,13.6608,3,"Cycler 21",1,0.152943,0,0.130177,0
17,9,289.8946,13.6608,4,"Cycler 11a",1,0.15749,0.227273,0.142242,0
17,9,289.8946,13.6608,5,"Cycler 11b",1,0.150046,0.121212,0.129719,0
17,9,289.8946,13.6608,6,"Cycler 32",1,0.197089,0.454545,0.185471,0
17,9,289.8946,13.6608,7,"Resonant 2to1 Stable",0.833333,0.0034088,0,0.00101801,0
17,9,289.8946,13.6608,8,"Resonant 2to1 Unstable",1,0.120255,0.121212,0.0803503,0
17,9,289.8946,13.6608,9,"Resonant 3to1 Stable",0.916667,0.00597391,0,0.00224595,0
17,9,289.8946,13.6608,10,"Resonant 3to1 Unstable",0.916667,0.0111551,0,0.00622704,0
17,9,289.8946,13.6608,11,"Resonant 5to2 Stable",1,0.009199,0,0.00744603,0
17,9,289.8946,13.6608,12,"Resonant 5to2 Unstable",1,0.176689,0.257576,0.104084,0
17,9,289.8946,13.6608,13,"Distant Prograde Orbit",1,0.112048,0,0.0838304,0
17,10,289.8946,14.5146,1,"Lyapunov L1",1,0.0859469,0,0.0751007,0
17,10,289.8946,14.5146,2,"Lyapunov L2",1,0.0439825,0,0.0338751,0
17,10,289.8946,14.5146,3,"Cycler 21",1,0.15781,0.0151515,0.135554,0
17,10,289.8946,14.5146,4,"Cycler 11a",1,0.160899,0.227273,0.146091,0
17,10,289.8946,14.5146,5,"Cycler 11b",1,0.153507,0.106061,0.133687,0
17,10,289.8946,14.5146,6,"Cycler 32",1,0.199628,0.454545,0.188795,0
17,10,289.8946,14.5146,7,"Resonant 2to1 Stable",0.833333,0.00344719,0,0.00102408,0
17,10,289.8946,14.5146,8,"Resonant 2to1 Unstable",1,0.122882,0.121212,0.0832398,0
17,10,289.8946,14.5146,9,"Resonant 3to1 Stable",0.916667,0.00601667,0,0.00226218,0
17,10,289.8946,14.5146,10,"Resonant 3to1 Unstable",0.916667,0.0117857,0,0.0067822,0
17,10,289.8946,14.5146,11,"Resonant 5to2 Stable",1,0.0092287,0,0.00767526,0
17,10,289.8946,14.5146,12,"Resonant 5to2 Unstable",1,0.178574,0.257576,0.106187,0
17,10,289.8946,14.5146,13,"Distant Prograde Orbit",1,0.119714,0,0.0911384,0
17,11,289.8946,15.3684,1,"Lyapunov L1",1,0.088552,0,0.0795993,0
17,11,289.8946,15.3684,2,"Lyapunov L2",1,0.0470697,0,0.0369503,0
17,11,289.8946,15.3684,3,"Cycler 21",1,0.160453,0.0151515,0.138594,0
17,11,289.8946,15.3684,4,"Cycler 11a",1,0.164,0.227273,0.150421,0
17,11,289.8946,15.3684,5,"Cycler 11b",1,0.155622,0.106061,0.136372,0
17,11,289.8946,15.3684,6,"Cycler 32",1,0.199789,0.454545,0.189908,0
17,11,289.8946,15.3684,7,"Resonant 2to1 Stable",0.833333,0.00347828,0,0.00103476,0
17,11,289.8946,15.3684,8,"Resonant 2to1 Unstable",1,0.125623,0.121212,0.086415,0
17,11,289.8946,15.3684,9,"Resonant 3to1 Stable",0.916667,0.00614899,0,0.00229021,0
17,11,289.8946,15.3684,10,"Resonant 3to1 Unstable",0.916667,0.0121785,0,0.00722895,0
17,11,289.8946,15.3684,11,"Resonant 5to2 Stable",1,0.00926862,0,0.00792799,0
17,11,289.8946,15.3684,12,"Resonant 5to2 Unstable",1,0.178725,0.257576,0.108347,0
17,11,289.8946,15.3684,13,"Distant Prograde Orbit",1,0.127907,0,0.0991638,0
17,12,289.8946,16.2222,1,"Lyapunov L1",1,0.0939258,0,0.0900098,0
17,12,289.8946,16.2222,2,"Lyapunov L2",1,0.0502137,0,0.039137,0
17,12,289.8946,16.2222,3,"Cycler 21",1,0.161389,0,0.140362,0
17,12,289.8946,16.2222,4,"Cycler 11a",1,0.165616,0.227273,0.152534,0
17,12,289.8946,16.2222,5,"Cycler 11b",1,0.156477,0.0909091,0.138629,0
17,12,289.8946,16.2222,6,"Cycler 32",1,0.200976,0.5,0.192931,0
17,12,289.8946,16.2222,7,"Resonant 2to1 Stable",0.916667,0.00377355,0,0.00103536,0
17,12,289.8946,16.2222,8,"Resonant 2to1 Unstable",1,0.12929,0.121212,0.0913528,0
17,12,289.8946,16.2222,9,"Resonant 3to1 Stable",0.916667,0.00637042,0,0.0023291,0
17,12,289.8946,16.2222,10,"Resonant 3to1 Unstable",1,0.014431,0,0.00802456,0
17,12,289.8946,16.2222,11,"Resonant 5to2 Stable",1,0.00930161,0,0.00806439,0
17,12,289.8946,16.2222,12,"Resonant 5to2 Unstable",1,0.179742,0.136364,0.115826,0
17,12,289.8946,16.2222,13,"Distant Prograde Orbit",1,0.130044,0,0.102836,0
17,13,289.8946,17.0760,1,"Lyapunov L1",1,0.102454,0,0.0969011,0
17,13,289.8946,17.0760,2,"Lyapunov L2",1,0.0555814,0,0.0427423,0
17,13,289.8946,17.0760,3,"Cycler 21",1,0.16246,0,0.140919,0
17,13,289.8946,17.0760,4,"Cycler 11a",1,0.169633,0.227273,0.156189,0
17,13,289.8946,17.0760,5,"Cycler 11b",1,0.158627,0.030303,0.141098,0
17,13,289.8946,17.0760,6,"Cycler 32",1,0.20442,0.469697,0.196472,0
17,13,289.8946,17.0760,7,"Resonant 2to1 Stable",0.916667,0.00379966,0,0.00103726,0
17,13,289.8946,17.0760,8,"Resonant 2to1 Unstable",1,0.130883,0.121212,0.094463,0
17,13,289.8946,17.0760,9,"Resonant 3to1 Stable",0.916667,0.00647768,0,0.00233549,0
17,13,289.8946,17.0760,10,"Resonant 3to1 Unstable",1,0.0184345,0,0.00928799,0
17,13,289.8946,17.0760,11,"Resonant 5to2 Stable",1,0.0093207,0,0.0083032,0
17,13,289.8946,17.0760,12,"Resonant 5to2 Unstable",1,0.182653,0.272727,0.121168,0
17,13,289.8946,17.0760,13,"Distant Prograde Orbit",1,0.134871,0,0.108255,0
17,14,289.8946,17.9298,1,"Lyapunov L1",1,0.106058,0,0.101231,0
17,14,289.8946,17.9298,2,"Lyapunov L2",1,0.0620317,0,0.049003,0
17,14,289.8946,17.9298,3,"Cycler 21",1,0.163619,0,0.141715,0
17,14,289.8946,17.9298,4,"Cycler 11a",1,0.170033,0.227273,0.15804,0
17,14,289.8946,17.9298,5,"Cycler 11b",1,0.161211,0.030303,0.144768,0
17,14,289.8946,17.9298,6,"Cycler 32",1,0.206357,0.469697,0.198944,0
17,14,289.8946,17.9298,7,"Resonant 2to1 Stable",0.916667,0.00380565,0,0.00103783,0
17,14,289.8946,17.9298,8,"Resonant 2to1 Unstable",1,0.131119,0.121212,0.0965063,0
17,14,289.8946,17.9298,9,"Resonant 3to1 Stable",0.916667,0.00655073,0,0.00235284,0
17,14,289.8946,17.9298,10,"Resonant 3to1 Unstable",1,0.0195787,0,0.00988426,0
17,14,289.8946,17.9298,11,"Resonant 5to2 Stable",1,0.0093337,0,0.00850762,0
17,14,289.8946,17.9298,12,"Resonant 5to2 Unstable",1,0.184268,0.272727,0.125189,0
17,14,289.8946,17.9298,13,"Distant Prograde Orbit",1,0.13676,0,0.110705,0
17,15,289.8946,18.7836,1,"Lyapunov L1",1,0.107182,0,0.102613,0
17,15,289.8946,18.7836,2,"Lyapunov L2",1,0.0638172,0,0.0520843,0
17,15,289.8946,18.7836,3,"Cycler 21",1,0.16395,0,0.145238,0
17,15,289.8946,18.7836,4,"Cycler 11a",1,0.170192,0.227273,0.15832,0
17,15,289.8946,18.7836,5,"Cycler 11b",1,0.162137,0.0151515,0.145964,0
17,15,289.8946,18.7836,6,"Cycler 32",1,0.2069,0.469697,0.199685,0
17,15,289.8946,18.7836,7,"Resonant 2to1 Stable",0.916667,0.00382183,0,0.00104189,0
17,15,289.8946,18.7836,8,"Resonant 2to1 Unstable",1,0.131249,0.121212,0.0971519,0
17,15,289.8946,18.7836,9,"Resonant 3to1 Stable",0.916667,0.00668731,0,0.00237261,0
17,15,289.8946,18.7836,10,"Resonant 3to1 Unstable",1,0.0201989,0,0.0102854,0
17,15,289.8946,18.7836,11,"Resonant 5to2 Stable",1,0.00934109,0,0.00881176,0
17,15,289.8946,18.7836,12,"Resonant 5to2 Unstable",1,0.184735,0.272727,0.127703,0
17,15,289.8946,18.7836,13,"Distant Prograde Orbit",1,0.137369,0,0.11147,0
17,16,289.8946,19.6374,1,"Lyapunov L1",1,0.114381,0,0.11006,0
17,16,289.8946,19.6374,2,"Lyapunov L2",1,0.070468,0,0.0580268,0
17,16,289.8946,19.6374,3,"Cycler 21",1,0.165644,0,0.147211,0
17,16,289.8946,19.6374,4,"Cycler 11a",1,0.177145,0.227273,0.16542,0
17,16,289.8946,19.6374,5,"Cycler 11b",1,0.162144,0,0.146165,0
17,16,289.8946,19.6374,6,"Cycler 32",1,0.207384,0.469697,0.200241,0
17,16,289.8946,19.6374,7,"Resonant 2to1 Stable",0.916667,0.00382919,0,0.00104604,0
17,16,289.8946,19.6374,8,"Resonant 2to1 Unstable",1,0.13207,0.121212,0.097519,0
17,16,289.8946,19.6374,9,"Resonant 3to1 Stable",0.916667,0.00668959,0,0.0023945,0
17,16,289.8946,19.6374,10,"Resonant 3to1 Unstable",1,0.02023,0,0.0106468,0
17,16,289.8946,19.6374,11,"Resonant 5to2 Stable",1,0.00942579,0,0.00893,0
17,16,289.8946,19.6374,12,"Resonant 5to2 Unstable",1,0.185132,0.272727,0.12825,0
17,16,289.8946,19.6374,13,"Distant Prograde Orbit",1,0.138068,0,0.112192,0
17,17,289.8946,20.4912,1,"Lyapunov L1",1,0.11584,0,0.111519,0
17,17,289.8946,20.4912,2,"Lyapunov L2",1,0.0742749,0,0.0608636,0
17,17,289.8946,20.4912,3,"Cycler 21",1,0.166485,0,0.148106,0
17,17,289.8946,20.4912,4,"Cycler 11a",1,0.179182,0.227273,0.16751,0
17,17,289.8946,20.4912,5,"Cycler 11b",1,0.162157,0,0.146194,0
17,17,289.8946,20.4912,6,"Cycler 32",1,0.208132,0.469697,0.200987,0
17,17,289.8946,20.4912,7,"Resonant 2to1 Stable",0.916667,0.00388794,0,0.00105732,0
17,17,289.8946,20.4912,8,"Resonant 2to1 Unstable",1,0.132494,0.121212,0.0976452,0
17,17,289.8946,20.4912,9,"Resonant 3to1 Stable",0.916667,0.00669779,0,0.00241389,0
17,17,289.8946,20.4912,10,"Resonant 3to1 Unstable",1,0.0202724,0,0.010886,0
17,17,289.8946,20.4912,11,"Resonant 5to2 Stable",1,0.0095101,0,0.00906864,0
17,17,289.8946,20.4912,12,"Resonant 5to2 Unstable",1,0.185737,0.272727,0.128868,0
17,17,289.8946,20.4912,13,"Distant Prograde Orbit",1,0.138643,0,0.113334,0
17,18,289.8946,21.3450,1,"Lyapunov L1",1,0.116945,0,0.112039,0
17,18,289.8946,21.3450,2,"Lyapunov L2",1,0.0798522,0,0.0672723,0
17,18,289.8946,21.3450,3,"Cycler 21",1,0.174251,0,0.152557,0
17,18,289.8946,21.3450,4,"Cycler 11a",1,0.187299,0.242424,0.174547,0
17,18,289.8946,21.3450,5,"Cycler 11b",1,0.171073,0,0.150773,0
17,18,289.8946,21.3450,6,"Cycler 32",1,0.267779,0.484848,0.260663,0
17,18,289.8946,21.3450,7,"Resonant 2to1 Stable",0.916667,0.00389755,0,0.00107336,0
17,18,289.8946,21.3450,8,"Resonant 2to1 Unstable",1,0.136302,0.136364,0.0992498,0
17,18,289.8946,21.3450,9,"Resonant 3to1 Stable",0.916667,0.00672271,0,0.00243905,0
17,18,289.8946,21.3450,10,"Resonant 3to1 Unstable",1,0.0205544,0,0.0110145,0
17,18,289.8946,21.3450,11,"Resonant 5to2 Stable",1,0.0101202,0,0.00925729,0
17,18,289.8946,21.3450,12,"Resonant 5to2 Unstable",1,0.250912,0.287879,0.182754,0
17,18,289.8946,21.3450,13,"Distant Prograde Orbit",1,0.150867,0,0.121265,0
17,19,289.8946,22.1988,1,"Lyapunov L1",1,0.118404,0,0.113446,0
17,19,289.8946,22.1988,2,"Lyapunov L2",1,0.0898072,0,0.0736005,0
17,19,289.8946,22.1988,3,"Cycler 21",1,0.180546,0,0.160213,0
17,19,289.8946,22.1988,4,"Cycler 11a",1,0.189027,0.242424,0.176406,0
17,19,289.8946,22.1988,5,"Cycler 11b",1,0.173551,0,0.153781,0
17,19,289.8946,22.1988,6,"Cycler 32",1,0.276012,0.484848,0.26916,0
17,19,289.8946,22.1988,7,"Resonant 2to1 Stable",0.916667,0.00390166,0,0.00107336,0
17,19,289.8946,22.1988,8,"Resonant 2to1 Unstable",1,0.137158,0.136364,0.104509,0
17,19,289.8946,22.1988,9,"Resonant 3to1 Stable",0.916667,0.00692462,0,0.00247866,0
17,19,289.8946,22.1988,10,"Resonant 3to1 Unstable",1,0.0207239,0,0.0110768,0
17,19,289.8946,22.1988,11,"Resonant 5to2 Stable",1,0.0106955,0,0.00951916,0
17,19,289.8946,22.1988,12,"Resonant 5to2 Unstable",1,0.257316,0.287879,0.183524,0
17,19,289.8946,22.1988,13,"Distant Prograde Orbit",1,0.154814,0,0.125003,0
17,20,289.8946,23.0527,1,"Lyapunov L1",1,0.119315,0,0.114788,0
17,20,289.8946,23.0527,2,"Lyapunov L2",1,0.0922998,0,0.0766419,0
17,20,289.8946,23.0527,3,"Cycler 21",1,0.181564,0,0.161368,0
17,20,289.8946,23.0527,4,"Cycler 11a",1,0.189487,0.242424,0.176919,0
17,20,289.8946,23.0527,5,"Cycler 11b",1,0.17617,0,0.156335,0
17,20,289.8946,23.0527,6,"Cycler 32",1,0.277656,0.515152,0.27094,0
17,20,289.8946,23.0527,7,"Resonant 2to1 Stable",0.916667,0.00396502,0,0.00108805,0
17,20,289.8946,23.0527,8,"Resonant 2to1 Unstable",1,0.1375,0.136364,0.105449,0
17,20,289.8946,23.0527,9,"Resonant 3to1 Stable",0.916667,0.00705764,0,0.00253871,0
17,20,289.8946,23.0527,10,"Resonant 3to1 Unstable",1,0.02079,0,0.0111079,0
17,20,289.8946,23.0527,11,"Resonant 5to2 Stable",1,0.0116149,0,0.00980398,0
17,20,289.8946,23.0527,12,"Resonant 5to2 Unstable",1,0.258528,0.166667,0.185724,0
17,20,289.8946,23.0527,13,"Distant Prograde Orbit",1,0.157197,0,0.127275,0
17,21,289.8946,23.9065,1,"Lyapunov L1",1,0.119637,0,0.117386,0
17,21,289.8946,23.9065,2,"Lyapunov L2",1,0.0924814,0,0.0768824,0
17,21,289.8946,23.9065,3,"Cycler 21",1,0.182205,0,0.162042,0
17,21,289.8946,23.9065,4,"Cycler 11a",1,0.197154,0.242424,0.183178,0
17,21,289.8946,23.9065,5,"Cycler 11b",1,0.176823,0,0.157489,0
17,21,289.8946,23.9065,6,"Cycler 32",1,0.283824,0.484848,0.279648,0
17,21,289.8946,23.9065,7,"Resonant 2to1 Stable",0.916667,0.00399223,0,0.00109068,0
17,21,289.8946,23.9065,8,"Resonant 2to1 Unstable",1,0.140818,0.136364,0.109864,0
17,21,289.8946,23.9065,9,"Resonant 3to1 Stable",0.916667,0.00706539,0,0.00253871,0
17,21,289.8946,23.9065,10,"Resonant 3to1 Unstable",1,0.0208984,0,0.0111079,0
17,21,289.8946,23.9065,11,"Resonant 5to2 Stable",1,0.0120722,0,0.00995361,0
17,21,289.8946,23.9065,12,"Resonant 5to2 Unstable",1,0.26343,0.166667,0.19108,0
17,21,289.8946,23.9065,13,"Distant Prograde Orbit",1,0.158411,0,0.128593,0
17,22,289.8946,24.7603,1,"Lyapunov L1",1,0.121006,0,0.118723,0
17,22,289.8946,24.7603,2,"Lyapunov L2",1,0.0933979,0,0.0778958,0
17,22,289.8946,24.7603,3,"Cycler 21",1,0.182231,0,0.162545,0
17,22,289.8946,24.7603,4,"Cycler 11a",1,0.197182,0.242424,0.18321,0
17,22,289.8946,24.7603,5,"Cycler 11b",1,0.176849,0,0.158033,0
17,22,289.8946,24.7603,6,"Cycler 32",1,0.284274,0.484848,0.280178,0
17,22,289.8946,24.7603,7,"Resonant 2to1 Stable",0.916667,0.004058,0,0.00109759,0
17,22,289.8946,24.7603,8,"Resonant 2to1 Unstable",1,0.140847,0.136364,0.110102,0
17,22,289.8946,24.7603,9,"Resonant 3to1 Stable",0.916667,0.00706664,0,0.00253871,0
17,22,289.8946,24.7603,10,"Resonant 3to1 Unstable",1,0.0209354,0,0.0114294,0
17,22,289.8946,24.7603,11,"Resonant 5to2 Stable",1,0.0122595,0,0.0102822,0
17,22,289.8946,24.7603,12,"Resonant 5to2 Unstable",1,0.264237,0.166667,0.193099,0
17,22,289.8946,24.7603,13,"Distant Prograde Orbit",1,0.159217,0,0.129801,0
17,23,289.8946,25.6141,1,"Lyapunov L1",1,0.124565,0,0.122295,0
17,23,289.8946,25.6141,2,"Lyapunov L2",1,0.0946263,0,0.0791044,0
17,23,289.8946,25.6141,3,"Cycler 21",1,0.183125,0,0.163762,0
17,23,289.8946,25.6141,4,"Cycler 11a",1,0.197314,0.257576,0.183378,0
17,23,289.8946,25.6141,5,"Cycler 11b",1,0.176968,0,0.158324,0
17,23,289.8946,25.6141,6,"Cycler 32",1,0.285522,0.484848,0.281382,0
17,23,289.8946,25.6141,7,"Resonant 2to1 Stable",0.916667,0.00405895,0,0.00109759,0
17,23,289.8946,25.6141,8,"Resonant 2to1 Unstable",1,0.14125,0,0.110827,0
17,23,289.8946,25.6141,9,"Resonant 3to1 Stable",0.916667,0.00706961,0,0.00253871,0
17,23,289.8946,25.6141,10,"Resonant 3to1 Unstable",1,0.020998,0,0.0114301,0
17,23,289.8946,25.6141,11,"Resonant 5to2 Stable",1,0.0133194,0,0.0109307,0
17,23,289.8946,25.6141,12,"Resonant 5to2 Unstable",1,0.26478,0.166667,0.194961,0
17,23,289.8946,25.6141,13,"Distant Prograde Orbit",1,0.159696,0,0.130573,0
17,24,289.8946,26.4679,1,"Lyapunov L1",1,0.125036,0,0.12277,0
17,24,289.8946,26.4679,2,"Lyapunov L2",1,0.0950469,0,0.0795441,0
17,24,289.8946,26.4679,3,"Cycler 21",1,0.183327,0,0.163837,0
17,24,289.8946,26.4679,4,"Cycler 11a",1,0.197536,0.242424,0.183552,0
17,24,289.8946,26.4679,5,"Cycler 11b",1,0.177165,0,0.158507,0
17,24,289.8946,26.4679,6,"Cycler 32",1,0.28572,0.484848,0.28155,0
17,24,289.8946,26.4679,7,"Resonant 2to1 Stable",0.916667,0.00405895,0,0.00109759,0
17,24,289.8946,26.4679,8,"Resonant 2to1 Unstable",1,0.141567,0.136364,0.111304,0
17,24,289.8946,26.4679,9,"Resonant 3to1 Stable",0.916667,0.00706961,0,0.00253871,0
17,24,289.8946,26.4679,10,"Resonant 3to1 Unstable",1,0.0210761,0,0.0114598,0
17,24,289.8946,26.4679,11,"Resonant 5to2 Stable",1,0.0152969,0,0.0122084,0
17,24,289.8946,26.4679,12,"Resonant 5to2 Unstable",1,0.264989,0.166667,0.195518,0
17,24,289.8946,26.4679,13,"Distant Prograde Orbit",1,0.159894,0,0.130573,0
17,25,289.8946,27.3217,1,"Lyapunov L1",1,0.126494,0,0.124326,0
17,25,289.8946,27.3217,2,"Lyapunov L2",1,0.0953453,0,0.0798141,0
17,25,289.8946,27.3217,3,"Cycler 21",1,0.18453,0,0.165048,0
17,25,289.8946,27.3217,4,"Cycler 11a",1,0.197592,0.242424,0.18368,0
17,25,289.8946,27.3217,5,"Cycler 11b",1,0.177215,0,0.158643,0
17,25,289.8946,27.3217,6,"Cycler 32",1,0.289053,0.484848,0.284952,0
17,25,289.8946,27.3217,7,"Resonant 2to1 Stable",0.916667,0.00406289,0,0.00110098,0
17,25,289.8946,27.3217,8,"Resonant 2to1 Unstable",1,0.141628,0.136364,0.115817,0
17,25,289.8946,27.3217,9,"Resonant 3to1 Stable",0.916667,0.00707137,0,0.00299533,0
17,25,289.8946,27.3217,10,"Resonant 3to1 Unstable",1,0.0211123,0,0.0118044,0
17,25,289.8946,27.3217,11,"Resonant 5to2 Stable",1,0.0157725,0,0.0129187,0
17,25,289.8946,27.3217,12,"Resonant 5to2 Unstable",1,0.267252,0.166667,0.198366,0
17,25,289.8946,27.3217,13,"Distant Prograde Orbit",1,0.165462,0,0.13538,0
18,1,304.8156,6.8304,1,"Lyapunov L1",0.916667,0.0439703,0,0.0326932,0
18,1,304.8156,6.8304,2,"Lyapunov L2",0.916667,0.011449,0,0.0080233,0
18,1,304.8156,6.8304,3,"Cycler 21",0.916667,0.119612,0.0606061,0.10142,0
18,1,304.8156,6.8304,4,"Cycler 11a",0.916667,0.124138,0.212121,0.11541,0
18,1,304.8156,6.8304,5,"Cycler 11b",0.916667,0.104076,0.121212,0.0906799,0
18,1,304.8156,6.8304,6,"Cycler 32",1,0.0878977,0.393939,0.075464,1
18,1,304.8156,6.8304,7,"Resonant 2to1 Stable",0.166667,0.000551118,0,0.000277711,0
18,1,304.8156,6.8304,8,"Resonant 2to1 Unstable",0.916667,0.0996561,0.121212,0.0615164,0
18,1,304.8156,6.8304,9,"Resonant 3to1 Stable",0.916667,0.00471142,0,0.00203291,0
18,1,304.8156,6.8304,10,"Resonant 3to1 Unstable",0.916667,0.00625675,0,0.00422796,0
18,1,304.8156,6.8304,11,"Resonant 5to2 Stable",0.916667,0.00837408,0,0.00406556,0
18,1,304.8156,6.8304,12,"Resonant 5to2 Unstable",0.916667,0.0505372,0.136364,0.0238584,0
18,1,304.8156,6.8304,13,"Distant Prograde Orbit",1,0.0634452,0,0.0458883,0
18,2,304.8156,7.6842,1,"Lyapunov L1",1,0.0492779,0,0.0369117,0
18,2,304.8156,7.6842,2,"Lyapunov L2",0.916667,0.0140626,0,0.0102055,0
18,2,304.8156,7.6842,3,"Cycler 21",1,0.124359,0.0151515,0.106059,0
18,2,304.8156,7.6842,4,"Cycler 11a",1,0.130716,0.227273,0.12089,0
18,2,304.8156,7.6842,5,"Cycler 11b",1,0.112418,0.106061,0.0985773,0
18,2,304.8156,7.6842,6,"Cycler 32",1,0.0979397,0.484848,0.084745,0
18,2,304.8156,7.6842,7,"Resonant 2to1 Stable",0.75,0.00262043,0,0.000867481,0
18,2,304.8156,7.6842,8,"Resonant 2to1 Unstable",1,0.103629,0.121212,0.0640233,0
18,2,304.8156,7.6842,9,"Resonant 3to1 Stable",0.916667,0.00491305,0,0.0020789,0
18,2,304.8156,7.6842,10,"Resonant 3to1 Unstable",0.916667,0.00648581,0,0.00449497,0
18,2,304.8156,7.6842,11,"Resonant 5to2 Stable",1,0.00875946,0,0.00442027,0
18,2,304.8156,7.6842,12,"Resonant 5to2 Unstable",1,0.0579925,0.136364,0.0277947,0
18,2,304.8156,7.6842,13,"Distant Prograde Orbit",1,0.0717357,0,0.0523746,0
18,3,304.8156,8.5380,1,"Lyapunov L1",1,0.0599771,0,0.0433534,0
18,3,304.8156,8.5380,2,"Lyapunov L2",1,0.0174045,0,0.0127602,0
18,3,304.8156,8.5380,3,"Cycler 21",1,0.129862,0,0.111252,0
18,3,304.8156,8.5380,4,"Cycler 11a",1,0.136332,0.257576,0.125163,0
18,3,304.8156,8.5380,5,"Cycler 11b",1,0.122069,0.166667,0.107495,0
18,3,304.8156,8.5380,6,"Cycler 32",1,0.107216,0.5,0.093101,0
18,3,304.8156,8.5380,7,"Resonant 2to1 Stable",0.833333,0.00305387,0,0.000920064,0
18,3,304.8156,8.5380,8,"Resonant 2to1 Unstable",1,0.106724,0.121212,0.0669496,0
18,3,304.8156,8.5380,9,"Resonant 3to1 Stable",0.916667,0.00515045,0,0.00212085,0
18,3,304.8156,8.5380,10,"Resonant 3to1 Unstable",0.916667,0.00689984,0,0.00472169,0
18,3,304.8156,8.5380,11,"Resonant 5to2 Stable",1,0.00887263,0,0.00449653,0
18,3,304.8156,8.5380,12,"Resonant 5to2 Unstable",1,0.062755,0.136364,0.029861,0
18,3,304.8156,8.5380,13,"Distant Prograde Orbit",1,0.0793004,0,0.0580992,0
18,4,304.8156,9.3918,1,"Lyapunov L1",1,0.0631119,0,0.047059,0
18,4,304.8156,9.3918,2,"Lyapunov L2",1,0.0199696,0,0.0149764,0
18,4,304.8156,9.3918,3,"Cycler 21",1,0.133133,0,0.115339,0
18,4,304.8156,9.3918,4,"Cycler 11a",1,0.140476,0.227273,0.129271,0
18,4,304.8156,9.3918,5,"Cycler 11b",1,0.12816,0.136364,0.112724,0
18,4,304.8156,9.3918,6,"Cycler 32",1,0.114775,0.5,0.101039,0
18,4,304.8156,9.3918,7,"Resonant 2to1 Stable",0.833333,0.00315207,0,0.000949668,0
18,4,304.8156,9.3918,8,"Resonant 2to1 Unstable",1,0.109097,0.121212,0.0704196,0
18,4,304.8156,9.3918,9,"Resonant 3to1 Stable",0.916667,0.00535151,0,0.00216379,0
18,4,304.8156,9.3918,10,"Resonant 3to1 Unstable",0.916667,0.00714945,0,0.00489321,0
18,4,304.8156,9.3918,11,"Resonant 5to2 Stable",1,0.00894596,0,0.00500979,0
18,4,304.8156,9.3918,12,"Resonant 5to2 Unstable",1,0.0713015,0.257576,0.0338311,0
18,4,304.8156,9.3918,13,"Distant Prograde Orbit",1,0.0878921,0.0757576,0.0660176,0
18,5,304.8156,10.2456,1,"Lyapunov L1",1,0.0647321,0,0.0485662,0
18,5,304.8156,10.2456,2,"Lyapunov L2",1,0.0229181,0,0.017473,0
18,5,304.8156,10.2456,3,"Cycler 21",1,0.135408,0,0.116106,0
18,5,304.8156,10.2456,4,"Cycler 11a",1,0.144319,0.227273,0.131057,0
18,5,304.8156,10.2456,5,"Cycler 11b",1,0.131885,0.136364,0.114791,0
18,5,304.8156,10.2456,6,"Cycler 32",1,0.126486,0.5,0.113295,0
18,5,304.8156,10.2456,7,"Resonant 2to1 Stable",0.833333,0.00322393,0,0.000967504,0
18,5,304.8156,10.2456,8,"Resonant 2to1 Unstable",1,0.111778,0.121212,0.0716852,0
18,5,304.8156,10.2456,9,"Resonant 3to1 Stable",0.916667,0.00551789,0,0.00218533,0
18,5,304.8156,10.2456,10,"Resonant 3to1 Unstable",0.916667,0.00735529,0,0.00500832,0
18,5,304.8156,10.2456,11,"Resonant 5to2 Stable",1,0.009014,0,0.00570012,0
18,5,304.8156,10.2456,12,"Resonant 5to2 Unstable",1,0.0913252,0.257576,0.0440257,0
18,5,304.8156,10.2456,13,"Distant Prograde Orbit",1,0.0933289,0,0.0686648,0
18,6,304.8156,11.0994,1,"Lyapunov L1",1,0.0657568,0,0.0506941,0
18,6,304.8156,11.0994,2,"Lyapunov L2",1,0.0235616,0,0.0178661,0
18,6,304.8156,11.0994,3,"Cycler 21",1,0.138469,0,0.116189,0
18,6,304.8156,11.0994,4,"Cycler 11a",1,0.148022,0.227273,0.13208,0
18,6,304.8156,11.0994,5,"Cycler 11b",1,0.134889,0.136364,0.115002,0
18,6,304.8156,11.0994,6,"Cycler 32",1,0.181689,0.5,0.168932,0
18,6,304.8156,11.0994,7,"Resonant 2to1 Stable",0.833333,0.00328694,0,0.000985429,0
18,6,304.8156,11.0994,8,"Resonant 2to1 Unstable",1,0.113949,0.121212,0.0725534,0
18,6,304.8156,11.0994,9,"Resonant 3to1 Stable",0.916667,0.00567961,0,0.00221224,0
18,6,304.8156,11.0994,10,"Resonant 3to1 Unstable",0.916667,0.00753385,0,0.00507544,0
18,6,304.8156,11.0994,11,"Resonant 5to2 Stable",1,0.00905107,0,0.00612638,0
18,6,304.8156,11.0994,12,"Resonant 5to2 Unstable",1,0.165203,0.257576,0.0995602,0
18,6,304.8156,11.0994,13,"Distant Prograde Orbit",1,0.100946,0,0.070294,0
18,7,304.8156,11.9532,1,"Lyapunov L1",1,0.0661963,0,0.0538787,0
18,7,304.8156,11.9532,2,"Lyapunov L2",1,0.0277187,0,0.0207196,0
18,7,304.8156,11.9532,3,"Cycler 21",1,0.139006,0,0.117066,0
18,7,304.8156,11.9532,4,"Cycler 11a",1,0.148659,0.227273,0.133313,0
18,7,304.8156,11.9532,5,"Cycler 11b",1,0.135373,0.136364,0.115777,0
18,7,304.8156,11.9532,6,"Cycler 32",1,0.182497,0.5,0.171407,0
18,7,304.8156,11.9532,7,"Resonant 2to1 Stable",0.833333,0.00333014,0,0.000998544,0
18,7,304.8156,11.9532,8,"Resonant 2to1 Unstable",1,0.114595,0.121212,0.0738699,0
18,7,304.8156,11.9532,9,"Resonant 3to1 Stable",0.916667,0.0057814,0,0.00223092,0
18,7,304.8156,11.9532,10,"Resonant 3to1 Unstable",0.916667,0.00846956,0,0.00521043,0
18,7,304.8156,11.9532,11,"Resonant 5to2 Stable",1,0.00909435,0,0.00649369,0
18,7,304.8156,11.9532,12,"Resonant 5to2 Unstable",1,0.165963,0.257576,0.100925,0
18,7,304.8156,11.9532,13,"Distant Prograde Orbit",1,0.101696,0,0.0715365,0
18,8,304.8156,12.8070,1,"Lyapunov L1",1,0.0753228,0,0.0613495,0
18,8,304.8156,12.8070,2,"Lyapunov L2",1,0.0331949,0,0.0252582,0
18,8,304.8156,12.8070,3,"Cycler 21",1,0.142726,0,0.120753,0
18,8,304.8156,12.8070,4,"Cycler 11a",1,0.153452,0.227273,0.137279,0
18,8,304.8156,12.8070,5,"Cycler 11b",1,0.141628,0.136364,0.12252,0
18,8,304.8156,12.8070,6,"Cycler 32",1,0.18734,0.5,0.175745,0
18,8,304.8156,12.8070,7,"Resonant 2to1 Stable",0.833333,0.00338676,0,0.00101116,0
18,8,304.8156,12.8070,8,"Resonant 2to1 Unstable",1,0.117196,0.121212,0.0770624,0
18,8,304.8156,12.8070,9,"Resonant 3to1 Stable",0.916667,0.00588717,0,0.00223866,0
18,8,304.8156,12.8070,10,"Resonant 3to1 Unstable",0.916667,0.00966891,0,0.00551146,0
18,8,304.8156,12.8070,11,"Resonant 5to2 Stable",1,0.00915056,0,0.00714141,0
18,8,304.8156,12.8070,12,"Resonant 5to2 Unstable",1,0.169685,0.257576,0.102201,0
18,8,304.8156,12.8070,13,"Distant Prograde Orbit",1,0.105989,0,0.0777547,0
18,9,304.8156,13.6608,1,"Lyapunov L1",1,0.0817384,0,0.0685151,0
18,9,304.8156,13.6608,2,"Lyapunov L2",1,0.0401679,0,0.0305314,0
18,9,304.8156,13.6608,3,"Cycler 21",1,0.152943,0,0.130177,0
18,9,304.8156,13.6608,4,"Cycler 11a",1,0.15749,0.227273,0.142242,0
18,9,304.8156,13.6608,5,"Cycler 11b",1,0.150046,0.121212,0.129719,0
18,9,304.8156,13.6608,6,"Cycler 32",1,0.197089,0.454545,0.185471,0
18,9,304.8156,13.6608,7,"Resonant 2to1 Stable",0.833333,0.0034088,0,0.00101801,0
18,9,304.8156,13.6608,8,"Resonant 2to1 Unstable",1,0.120255,0.121212,0.0803503,0
18,9,304.8156,13.6608,9,"Resonant 3to1 Stable",0.916667,0.00597391,0,0.00224595,0
18,9,304.8156,13.6608,10,"Resonant 3to1 Unstable",0.916667,0.0111551,0,0.00622704,0
18,9,304.8156,13.6608,11,"Resonant 5to2 Stable",1,0.009199,0,0.00744603,0
18,9,304.8156,13.6608,12,"Resonant 5to2 Unstable",1,0.176689,0.257576,0.104084,0
18,9,304.8156,13.6608,13,"Distant Prograde Orbit",1,0.112048,0,0.0838304,0
18,10,304.8156,14.5146,1,"Lyapunov L1",1,0.0859469,0,0.0751007,0
18,10,304.8156,14.5146,2,"Lyapunov L2",1,0.0439825,0,0.0338796,0
18,10,304.8156,14.5146,3,"Cycler 21",1,0.15781,0.0151515,0.135554,0
18,10,304.8156,14.5146,4,"Cycler 11a",1,0.160899,0.227273,0.146091,0
18,10,304.8156,14.5146,5,"Cycler 11b",1,0.153507,0.106061,0.133687,0
18,10,304.8156,14.5146,6,"Cycler 32",1,0.199628,0.469697,0.188795,0
18,10,304.8156,14.5146,7,"Resonant 2to1 Stable",0.916667,0.00372504,0,0.00102408,0
18,10,304.8156,14.5146,8,"Resonant 2to1 Unstable",1,0.122882,0.121212,0.0832398,0
18,10,304.8156,14.5146,9,"Resonant 3to1 Stable",0.916667,0.00601667,0,0.00226218,0
18,10,304.8156,14.5146,10,"Resonant 3to1 Unstable",1,0.0120635,0,0.0067822,0
18,10,304.8156,14.5146,11,"Resonant 5to2 Stable",1,0.0092287,0,0.00767974,0
18,10,304.8156,14.5146,12,"Resonant 5to2 Unstable",1,0.178574,0.272727,0.106187,0
18,10,304.8156,14.5146,13,"Distant Prograde Orbit",1,0.119714,0,0.0911384,0
18,11,304.8156,15.3684,1,"Lyapunov L1",1,0.088552,0,0.0795993,0
18,11,304.8156,15.3684,2,"Lyapunov L2",1,0.0470697,0,0.0369503,0
18,11,304.8156,15.3684,3,"Cycler 21",1,0.160453,0.0151515,0.138594,0
18,11,304.8156,15.3684,4,"Cycler 11a",1,0.164,0.227273,0.150421,0
18,11,304.8156,15.3684,5,"Cycler 11b",1,0.155622,0.106061,0.136372,0
18,11,304.8156,15.3684,6,"Cycler 32",1,0.199789,0.469697,0.189908,0
18,11,304.8156,15.3684,7,"Resonant 2to1 Stable",0.916667,0.00376021,0,0.00103476,0
18,11,304.8156,15.3684,8,"Resonant 2to1 Unstable",1,0.125623,0.121212,0.086415,0
18,11,304.8156,15.3684,9,"Resonant 3to1 Stable",0.916667,0.00614899,0,0.00229021,0
18,11,304.8156,15.3684,10,"Resonant 3to1 Unstable",1,0.0124604,0,0.00722895,0
18,11,304.8156,15.3684,11,"Resonant 5to2 Stable",1,0.00926862,0,0.00792799,0
18,11,304.8156,15.3684,12,"Resonant 5to2 Unstable",1,0.178725,0.272727,0.108347,0
18,11,304.8156,15.3684,13,"Distant Prograde Orbit",1,0.127907,0,0.0991638,0
18,12,304.8156,16.2222,1,"Lyapunov L1",1,0.0939258,0,0.0900098,0
18,12,304.8156,16.2222,2,"Lyapunov L2",1,0.0502137,0,0.039137,0
18,12,304.8156,16.2222,3,"Cycler 21",1,0.161389,0,0.140362,0
18,12,304.8156,16.2222,4,"Cycler 11a",1,0.165616,0.227273,0.152534,0
18,12,304.8156,16.2222,5,"Cycler 11b",1,0.156477,0.0909091,0.138629,0
18,12,304.8156,16.2222,6,"Cycler 32",1,0.200976,0.5,0.192931,0
18,12,304.8156,16.2222,7,"Resonant 2to1 Stable",0.916667,0.00377355,0,0.00103536,0
18,12,304.8156,16.2222,8,"Resonant 2to1 Unstable",1,0.12929,0.121212,0.0913528,0
18,12,304.8156,16.2222,9,"Resonant 3to1 Stable",0.916667,0.00637042,0,0.0023291,0
18,12,304.8156,16.2222,10,"Resonant 3to1 Unstable",1,0.014431,0,0.00802456,0
18,12,304.8156,16.2222,11,"Resonant 5to2 Stable",1,0.00930161,0,0.00806439,0
18,12,304.8156,16.2222,12,"Resonant 5to2 Unstable",1,0.179742,0.136364,0.115826,0
18,12,304.8156,16.2222,13,"Distant Prograde Orbit",1,0.130044,0,0.102836,0
18,13,304.8156,17.0760,1,"Lyapunov L1",1,0.102454,0,0.0969011,0
18,13,304.8156,17.0760,2,"Lyapunov L2",1,0.0555814,0,0.0427423,0
18,13,304.8156,17.0760,3,"Cycler 21",1,0.16246,0,0.140919,0
18,13,304.8156,17.0760,4,"Cycler 11a",1,0.169633,0.227273,0.156189,0
18,13,304.8156,17.0760,5,"Cycler 11b",1,0.158627,0.030303,0.141098,0
18,13,304.8156,17.0760,6,"Cycler 32",1,0.20442,0.469697,0.196472,0
18,13,304.8156,17.0760,7,"Resonant 2to1 Stable",0.916667,0.00379966,0,0.00103844,0
18,13,304.8156,17.0760,8,"Resonant 2to1 Unstable",1,0.130883,0.121212,0.094463,0
18,13,304.8156,17.0760,9,"Resonant 3to1 Stable",0.916667,0.00647768,0,0.00233549,0
18,13,304.8156,17.0760,10,"Resonant 3to1 Unstable",1,0.0184345,0,0.00928799,0
18,13,304.8156,17.0760,11,"Resonant 5to2 Stable",1,0.0093207,0,0.0083032,0
18,13,304.8156,17.0760,12,"Resonant 5to2 Unstable",1,0.182653,0.272727,0.121169,0
18,13,304.8156,17.0760,13,"Distant Prograde Orbit",1,0.134871,0,0.108255,0
18,14,304.8156,17.9298,1,"Lyapunov L1",1,0.106058,0,0.101231,0
18,14,304.8156,17.9298,2,"Lyapunov L2",1,0.0620317,0,0.049003,0
18,14,304.8156,17.9298,3,"Cycler 21",1,0.163619,0,0.141715,0
18,14,304.8156,17.9298,4,"Cycler 11a",1,0.170033,0.227273,0.15804,0
18,14,304.8156,17.9298,5,"Cycler 11b",1,0.161211,0.030303,0.144768,0
18,14,304.8156,17.9298,6,"Cycler 32",1,0.206357,0.469697,0.198944,0
18,14,304.8156,17.9298,7,"Resonant 2to1 Stable",0.916667,0.00380569,0,0.00103866,0
18,14,304.8156,17.9298,8,"Resonant 2to1 Unstable",1,0.131119,0.121212,0.0965063,0
18,14,304.8156,17.9298,9,"Resonant 3to1 Stable",0.916667,0.00655073,0,0.00235284,0
18,14,304.8156,17.9298,10,"Resonant 3to1 Unstable",1,0.0195787,0,0.00988426,0
18,14,304.8156,17.9298,11,"Resonant 5to2 Stable",1,0.00933375,0,0.00850767,0
18,14,304.8156,17.9298,12,"Resonant 5to2 Unstable",1,0.184268,0.272727,0.12519,0
18,14,304.8156,17.9298,13,"Distant Prograde Orbit",1,0.13676,0,0.110705,0
18,15,304.8156,18.7836,1,"Lyapunov L1",1,0.107182,0,0.102613,0
18,15,304.8156,18.7836,2,"Lyapunov L2",1,0.0638172,0,0.0520843,0
18,15,304.8156,18.7836,3,"Cycler 21",1,0.16395,0,0.145238,0
18,15,304.8156,18.7836,4,"Cycler 11a",1,0.170192,0.227273,0.15832,0
18,15,304.8156,18.7836,5,"Cycler 11b",1,0.162137,0.0151515,0.145964,0
18,15,304.8156,18.7836,6,"Cycler 32",1,0.2069,0.469697,0.199685,0
18,15,304.8156,18.7836,7,"Resonant 2to1 Stable",0.916667,0.00382192,0,0.00104198,0
18,15,304.8156,18.7836,8,"Resonant 2to1 Unstable",1,0.131249,0.121212,0.0971519,0
18,15,304.8156,18.7836,9,"Resonant 3to1 Stable",0.916667,0.00668731,0,0.00237261,0
18,15,304.8156,18.7836,10,"Resonant 3to1 Unstable",1,0.0201989,0,0.0102854,0
18,15,304.8156,18.7836,11,"Resonant 5to2 Stable",1,0.00934118,0,0.00881185,0
18,15,304.8156,18.7836,12,"Resonant 5to2 Unstable",1,0.184735,0.272727,0.127703,0
18,15,304.8156,18.7836,13,"Distant Prograde Orbit",1,0.137369,0,0.11147,0
18,16,304.8156,19.6374,1,"Lyapunov L1",1,0.114381,0,0.11006,0
18,16,304.8156,19.6374,2,"Lyapunov L2",1,0.070468,0,0.0580268,0
18,16,304.8156,19.6374,3,"Cycler 21",1,0.165644,0,0.147211,0
18,16,304.8156,19.6374,4,"Cycler 11a",1,0.177145,0.227273,0.165422,0
18,16,304.8156,19.6374,5,"Cycler 11b",1,0.162144,0,0.146165,0
18,16,304.8156,19.6374,6,"Cycler 32",1,0.207384,0.469697,0.200241,0
18,16,304.8156,19.6374,7,"Resonant 2to1 Stable",0.916667,0.00382919,0,0.00104604,0
18,16,304.8156,19.6374,8,"Resonant 2to1 Unstable",1,0.13207,0.121212,0.0975201,0
18,16,304.8156,19.6374,9,"Resonant 3to1 Stable",0.916667,0.00668959,0,0.00239768,0
18,16,304.8156,19.6374,10,"Resonant 3to1 Unstable",1,0.02023,0,0.0106468,0
18,16,304.8156,19.6374,11,"Resonant 5to2 Stable",1,0.00942579,0,0.00893,0
18,16,304.8156,19.6374,12,"Resonant 5to2 Unstable",1,0.185132,0.272727,0.12825,0
18,16,304.8156,19.6374,13,"Distant Prograde Orbit",1,0.138068,0,0.112192,0
18,17,304.8156,20.4912,1,"Lyapunov L1",1,0.115849,0,0.111519,0
18,17,304.8156,20.4912,2,"Lyapunov L2",1,0.0742846,0,0.0608636,0
18,17,304.8156,20.4912,3,"Cycler 21",1,0.166496,0,0.148106,0
18,17,304.8156,20.4912,4,"Cycler 11a",1,0.179193,0.227273,0.16752,0
18,17,304.8156,20.4912,5,"Cycler 11b",1,0.162167,0,0.146194,0
18,17,304.8156,20.4912,6,"Cycler 32",1,0.208142,0.469697,0.200998,0
18,17,304.8156,20.4912,7,"Resonant 2to1 Stable",0.916667,0.00398645,0,0.0010698,0
18,17,304.8156,20.4912,8,"Resonant 2to1 Unstable",1,0.132504,0.121212,0.0976452,0
18,17,304.8156,20.4912,9,"Resonant 3to1 Stable",0.916667,0.00669779,0,0.00242376,0
18,17,304.8156,20.4912,10,"Resonant 3to1 Unstable",1,0.0202802,0,0.010886,0
18,17,304.8156,20.4912,11,"Resonant 5to2 Stable",1,0.0095101,0,0.00906864,0
18,17,304.8156,20.4912,12,"Resonant 5to2 Unstable",1,0.185747,0.272727,0.12887,0
18,17,304.8156,20.4912,13,"Distant Prograde Orbit",1,0.138654,0,0.113334,0
18,18,304.8156,21.3450,1,"Lyapunov L1",1,0.116955,0,0.112039,0
18,18,304.8156,21.3450,2,"Lyapunov L2",1,0.0798625,0,0.0672723,0
18,18,304.8156,21.3450,3,"Cycler 21",1,0.174262,0,0.152557,0
18,18,304.8156,21.3450,4,"Cycler 11a",1,0.18731,0.242424,0.174547,0
18,18,304.8156,21.3450,5,"Cycler 11b",1,0.171084,0,0.150773,0
18,18,304.8156,21.3450,6,"Cycler 32",1,0.26779,0.484848,0.260674,0
18,18,304.8156,21.3450,7,"Resonant 2to1 Stable",0.916667,0.00400254,0,0.00108525,0
18,18,304.8156,21.3450,8,"Resonant 2to1 Unstable",1,0.136313,0.136364,0.0992498,0
18,18,304.8156,21.3450,9,"Resonant 3to1 Stable",0.916667,0.00672271,0,0.00243905,0
18,18,304.8156,21.3450,10,"Resonant 3to1 Unstable",1,0.0205626,0,0.0110145,0
18,18,304.8156,21.3450,11,"Resonant 5to2 Stable",1,0.0101211,0,0.00925814,0
18,18,304.8156,21.3450,12,"Resonant 5to2 Unstable",1,0.250923,0.287879,0.182754,0
18,18,304.8156,21.3450,13,"Distant Prograde Orbit",1,0.150877,0,0.121265,0
18,19,304.8156,22.1988,1,"Lyapunov L1",1,0.118417,0,0.113446,0
18,19,304.8156,22.1988,2,"Lyapunov L2",1,0.0898197,0,0.0736005,0
18,19,304.8156,22.1988,3,"Cycler 21",1,0.180559,0,0.160213,0
18,19,304.8156,22.1988,4,"Cycler 11a",1,0.189039,0.242424,0.176406,0
18,19,304.8156,22.1988,5,"Cycler 11b",1,0.173564,0,0.153781,0
18,19,304.8156,22.1988,6,"Cycler 32",1,0.276025,0.484848,0.269173,0
18,19,304.8156,22.1988,7,"Resonant 2to1 Stable",0.916667,0.00402995,0,0.00109078,0
18,19,304.8156,22.1988,8,"Resonant 2to1 Unstable",1,0.13717,0.136364,0.104509,0
18,19,304.8156,22.1988,9,"Resonant 3to1 Stable",0.916667,0.00692462,0,0.00247866,0
18,19,304.8156,22.1988,10,"Resonant 3to1 Unstable",1,0.0207336,0,0.0110768,0
18,19,304.8156,22.1988,11,"Resonant 5to2 Stable",1,0.0106998,0,0.00952346,0
18,19,304.8156,22.1988,12,"Resonant 5to2 Unstable",1,0.257329,0.287879,0.183524,0
18,19,304.8156,22.1988,13,"Distant Prograde Orbit",1,0.154827,0,0.125003,0
18,20,304.8156,23.0527,1,"Lyapunov L1",1,0.119323,0,0.114788,0
18,20,304.8156,23.0527,2,"Lyapunov L2",1,0.0923075,0,0.0766419,0
18,20,304.8156,23.0527,3,"Cycler 21",1,0.181572,0,0.161368,0
18,20,304.8156,23.0527,4,"Cycler 11a",1,0.189495,0.242424,0.176919,0
18,20,304.8156,23.0527,5,"Cycler 11b",1,0.176178,0,0.156335,0
18,20,304.8156,23.0527,6,"Cycler 32",1,0.277664,0.515152,0.270948,0
18,20,304.8156,23.0527,7,"Resonant 2to1 Stable",0.916667,0.0040418,0,0.00109617,0
18,20,304.8156,23.0527,8,"Resonant 2to1 Unstable",1,0.137508,0.136364,0.105449,0
18,20,304.8156,23.0527,9,"Resonant 3to1 Stable",0.916667,0.00705764,0,0.00281435,0
18,20,304.8156,23.0527,10,"Resonant 3to1 Unstable",1,0.020796,0,0.0113836,0
18,20,304.8156,23.0527,11,"Resonant 5to2 Stable",1,0.0116149,0,0.00980398,0
18,20,304.8156,23.0527,12,"Resonant 5to2 Unstable",1,0.258536,0.166667,0.185724,0
18,20,304.8156,23.0527,13,"Distant Prograde Orbit",1,0.157204,0,0.127275,0
18,21,304.8156,23.9065,1,"Lyapunov L1",1,0.119642,0,0.117386,0
18,21,304.8156,23.9065,2,"Lyapunov L2",1,0.0924866,0,0.0768824,0
18,21,304.8156,23.9065,3,"Cycler 21",1,0.18221,0,0.162042,0
18,21,304.8156,23.9065,4,"Cycler 11a",1,0.197159,0.242424,0.183178,0
18,21,304.8156,23.9065,5,"Cycler 11b",1,0.176828,0,0.157489,0
18,21,304.8156,23.9065,6,"Cycler 32",1,0.283829,0.484848,0.279653,0
18,21,304.8156,23.9065,7,"Resonant 2to1 Stable",0.916667,0.00404423,0,0.00109617,0
18,21,304.8156,23.9065,8,"Resonant 2to1 Unstable",1,0.140823,0.136364,0.109864,0
18,21,304.8156,23.9065,9,"Resonant 3to1 Stable",0.916667,0.00706539,0,0.00285164,0
18,21,304.8156,23.9065,10,"Resonant 3to1 Unstable",1,0.0209025,0,0.0114209,0
18,21,304.8156,23.9065,11,"Resonant 5to2 Stable",1,0.0120722,0,0.00995361,0
18,21,304.8156,23.9065,12,"Resonant 5to2 Unstable",1,0.263435,0.166667,0.19108,0
18,21,304.8156,23.9065,13,"Distant Prograde Orbit",1,0.158416,0,0.128593,0
18,22,304.8156,24.7603,1,"Lyapunov L1",1,0.121006,0,0.118723,0
18,22,304.8156,24.7603,2,"Lyapunov L2",1,0.0933979,0,0.0778958,0
18,22,304.8156,24.7603,3,"Cycler 21",1,0.182231,0,0.162545,0
18,22,304.8156,24.7603,4,"Cycler 11a",1,0.197182,0.242424,0.18321,0
18,22,304.8156,24.7603,5,"Cycler 11b",1,0.176849,0,0.158033,0
18,22,304.8156,24.7603,6,"Cycler 32",1,0.284274,0.484848,0.280178,0
18,22,304.8156,24.7603,7,"Resonant 2to1 Stable",0.916667,0.004058,0,0.00109759,0
18,22,304.8156,24.7603,8,"Resonant 2to1 Unstable",1,0.140847,0.136364,0.110223,0
18,22,304.8156,24.7603,9,"Resonant 3to1 Stable",0.916667,0.00706664,0,0.00297226,0
18,22,304.8156,24.7603,10,"Resonant 3to1 Unstable",1,0.0209354,0,0.0117424,0
18,22,304.8156,24.7603,11,"Resonant 5to2 Stable",1,0.0122595,0,0.0102822,0
18,22,304.8156,24.7603,12,"Resonant 5to2 Unstable",1,0.264237,0.166667,0.193099,0
18,22,304.8156,24.7603,13,"Distant Prograde Orbit",1,0.159217,0,0.129801,0
18,23,304.8156,25.6141,1,"Lyapunov L1",1,0.124565,0,0.122754,0
18,23,304.8156,25.6141,2,"Lyapunov L2",1,0.0946263,0,0.0791044,0
18,23,304.8156,25.6141,3,"Cycler 21",1,0.183125,0,0.164145,0
18,23,304.8156,25.6141,4,"Cycler 11a",1,0.197314,0.257576,0.183444,0
18,23,304.8156,25.6141,5,"Cycler 11b",1,0.176968,0,0.158605,0
18,23,304.8156,25.6141,6,"Cycler 32",1,0.285522,0.484848,0.281382,0
18,23,304.8156,25.6141,7,"Resonant 2to1 Stable",0.916667,0.00405895,0,0.00109759,0
18,23,304.8156,25.6141,8,"Resonant 2to1 Unstable",1,0.14125,0,0.110961,0
18,23,304.8156,25.6141,9,"Resonant 3to1 Stable",0.916667,0.00706961,0,0.00418627,0
18,23,304.8156,25.6141,10,"Resonant 3to1 Unstable",1,0.020998,0,0.0117537,0
18,23,304.8156,25.6141,11,"Resonant 5to2 Stable",1,0.0133194,0,0.0109307,0
18,23,304.8156,25.6141,12,"Resonant 5to2 Unstable",1,0.26478,0.166667,0.194961,0
18,23,304.8156,25.6141,13,"Distant Prograde Orbit",1,0.159696,0,0.130573,0
18,24,304.8156,26.4679,1,"Lyapunov L1",1,0.125036,0,0.12323,0
18,24,304.8156,26.4679,2,"Lyapunov L2",1,0.0950469,0,0.0795441,0
18,24,304.8156,26.4679,3,"Cycler 21",1,0.183327,0,0.164231,0
18,24,304.8156,26.4679,4,"Cycler 11a",1,0.197536,0.242424,0.183618,0
18,24,304.8156,26.4679,5,"Cycler 11b",1,0.177165,0,0.158863,0
18,24,304.8156,26.4679,6,"Cycler 32",1,0.28572,0.484848,0.28155,0
18,24,304.8156,26.4679,7,"Resonant 2to1 Stable",0.916667,0.00405895,0,0.00109759,0
18,24,304.8156,26.4679,8,"Resonant 2to1 Unstable",1,0.141567,0.136364,0.111437,0
18,24,304.8156,26.4679,9,"Resonant 3to1 Stable",0.916667,0.00706961,0,0.00427124,0
18,24,304.8156,26.4679,10,"Resonant 3to1 Unstable",1,0.0210761,0,0.0117834,0
18,24,304.8156,26.4679,11,"Resonant 5to2 Stable",1,0.0152969,0,0.0122084,0
18,24,304.8156,26.4679,12,"Resonant 5to2 Unstable",1,0.264989,0.166667,0.195518,0
18,24,304.8156,26.4679,13,"Distant Prograde Orbit",1,0.159894,0,0.130573,0
18,25,304.8156,27.3217,1,"Lyapunov L1",1,0.126494,0,0.124797,0
18,25,304.8156,27.3217,2,"Lyapunov L2",1,0.0953453,0,0.0798141,0
18,25,304.8156,27.3217,3,"Cycler 21",1,0.18453,0,0.165463,0
18,25,304.8156,27.3217,4,"Cycler 11a",1,0.197592,0.242424,0.183807,0
18,25,304.8156,27.3217,5,"Cycler 11b",1,0.177215,0,0.159046,0
18,25,304.8156,27.3217,6,"Cycler 32",1,0.289053,0.484848,0.284952,0
18,25,304.8156,27.3217,7,"Resonant 2to1 Stable",0.916667,0.00406289,0,0.00110098,0
18,25,304.8156,27.3217,8,"Resonant 2to1 Unstable",1,0.141628,0.136364,0.115819,0
18,25,304.8156,27.3217,9,"Resonant 3to1 Stable",0.916667,0.00707137,0,0.00441743,0
18,25,304.8156,27.3217,10,"Resonant 3to1 Unstable",1,0.0211123,0,0.0118083,0
18,25,304.8156,27.3217,11,"Resonant 5to2 Stable",1,0.0157725,0,0.0129187,0
18,25,304.8156,27.3217,12,"Resonant 5to2 Unstable",1,0.267252,0.166667,0.198366,0
18,25,304.8156,27.3217,13,"Distant Prograde Orbit",1,0.165462,0,0.13538,0
19,1,319.7367,6.8304,1,"Lyapunov L1",1,0.0442337,0,0.0326932,0
19,1,319.7367,6.8304,2,"Lyapunov L2",0.916667,0.011449,0,0.0080233,0
19,1,319.7367,6.8304,3,"Cycler 21",1,0.119884,0.0606061,0.10142,0
19,1,319.7367,6.8304,4,"Cycler 11a",1,0.124411,0.227273,0.11541,0
19,1,319.7367,6.8304,5,"Cycler 11b",1,0.104347,0.136364,0.0906802,0
19,1,319.7367,6.8304,6,"Cycler 32",1,0.0878977,0.484848,0.075464,0
19,1,319.7367,6.8304,7,"Resonant 2to1 Stable",0.666667,0.00217207,0,0.000544602,0
19,1,319.7367,6.8304,8,"Resonant 2to1 Unstable",1,0.099927,0.121212,0.0615164,0
19,1,319.7367,6.8304,9,"Resonant 3to1 Stable",0.916667,0.00471142,0,0.00203291,0
19,1,319.7367,6.8304,10,"Resonant 3to1 Unstable",0.916667,0.00625675,0,0.00422796,0
19,1,319.7367,6.8304,11,"Resonant 5to2 Stable",0.916667,0.00837408,0,0.00406587,0
19,1,319.7367,6.8304,12,"Resonant 5to2 Unstable",1,0.0508087,0.136364,0.0241252,0
19,1,319.7367,6.8304,13,"Distant Prograde Orbit",1,0.0634452,0,0.0458883,0
19,2,319.7367,7.6842,1,"Lyapunov L1",1,0.0492779,0,0.0369117,0
19,2,319.7367,7.6842,2,"Lyapunov L2",0.916667,0.0140626,0,0.0102055,0
19,2,319.7367,7.6842,3,"Cycler 21",1,0.124359,0.0151515,0.106059,0
19,2,319.7367,7.6842,4,"Cycler 11a",1,0.130716,0.227273,0.12089,0
19,2,319.7367,7.6842,5,"Cycler 11b",1,0.112418,0.106061,0.0985777,0
19,2,319.7367,7.6842,6,"Cycler 32",1,0.0979397,0.484848,0.084745,0
19,2,319.7367,7.6842,7,"Resonant 2to1 Stable",0.75,0.00262043,0,0.000867481,0
19,2,319.7367,7.6842,8,"Resonant 2to1 Unstable",1,0.103629,0.121212,0.0640233,0
19,2,319.7367,7.6842,9,"Resonant 3to1 Stable",0.916667,0.00491305,0,0.0020789,0
19,2,319.7367,7.6842,10,"Resonant 3to1 Unstable",0.916667,0.00648581,0,0.00449497,0
19,2,319.7367,7.6842,11,"Resonant 5to2 Stable",1,0.00875946,0,0.00442058,0
19,2,319.7367,7.6842,12,"Resonant 5to2 Unstable",1,0.0579925,0.136364,0.0277947,0
19,2,319.7367,7.6842,13,"Distant Prograde Orbit",1,0.0717357,0,0.0523746,0
19,3,319.7367,8.5380,1,"Lyapunov L1",1,0.0599771,0,0.0433534,0
19,3,319.7367,8.5380,2,"Lyapunov L2",1,0.0174045,0,0.0127602,0
19,3,319.7367,8.5380,3,"Cycler 21",1,0.129862,0,0.111252,0
19,3,319.7367,8.5380,4,"Cycler 11a",1,0.136332,0.257576,0.125163,0
19,3,319.7367,8.5380,5,"Cycler 11b",1,0.122069,0.166667,0.107502,0
19,3,319.7367,8.5380,6,"Cycler 32",1,0.107216,0.5,0.093101,0
19,3,319.7367,8.5380,7,"Resonant 2to1 Stable",0.833333,0.00305387,0,0.000920064,0
19,3,319.7367,8.5380,8,"Resonant 2to1 Unstable",1,0.106724,0.121212,0.0669496,0
19,3,319.7367,8.5380,9,"Resonant 3to1 Stable",0.916667,0.00515045,0,0.00212085,0
19,3,319.7367,8.5380,10,"Resonant 3to1 Unstable",0.916667,0.00689984,0,0.00472169,0
19,3,319.7367,8.5380,11,"Resonant 5to2 Stable",1,0.00887263,0,0.00450332,0
19,3,319.7367,8.5380,12,"Resonant 5to2 Unstable",1,0.062755,0.136364,0.029861,0
19,3,319.7367,8.5380,13,"Distant Prograde Orbit",1,0.0793004,0,0.0580992,0
19,4,319.7367,9.3918,1,"Lyapunov L1",1,0.0631119,0,0.047059,0
19,4,319.7367,9.3918,2,"Lyapunov L2",1,0.0199696,0,0.0149764,0
19,4,319.7367,9.3918,3,"Cycler 21",1,0.133133,0,0.115339,0
19,4,319.7367,9.3918,4,"Cycler 11a",1,0.140476,0.227273,0.129271,0
19,4,319.7367,9.3918,5,"Cycler 11b",1,0.12816,0.136364,0.112734,0
19,4,319.7367,9.3918,6,"Cycler 32",1,0.114775,0.5,0.10104,0
19,4,319.7367,9.3918,7,"Resonant 2to1 Stable",0.833333,0.00315207,0,0.000949668,0
19,4,319.7367,9.3918,8,"Resonant 2to1 Unstable",1,0.109097,0.121212,0.0704196,0
19,4,319.7367,9.3918,9,"Resonant 3to1 Stable",0.916667,0.00535151,0,0.00216379,0
19,4,319.7367,9.3918,10,"Resonant 3to1 Unstable",0.916667,0.00714945,0,0.00489321,0
19,4,319.7367,9.3918,11,"Resonant 5to2 Stable",1,0.00894596,0,0.00503001,0
19,4,319.7367,9.3918,12,"Resonant 5to2 Unstable",1,0.0713015,0.257576,0.0338412,0
19,4,319.7367,9.3918,13,"Distant Prograde Orbit",1,0.0878921,0.0757576,0.0660176,0
19,5,319.7367,10.2456,1,"Lyapunov L1",1,0.0647321,0,0.0485662,0
19,5,319.7367,10.2456,2,"Lyapunov L2",1,0.0229181,0,0.017473,0
19,5,319.7367,10.2456,3,"Cycler 21",1,0.135408,0,0.116106,0
19,5,319.7367,10.2456,4,"Cycler 11a",1,0.144319,0.227273,0.131057,0
19,5,319.7367,10.2456,5,"Cycler 11b",1,0.131885,0.136364,0.114791,0
19,5,319.7367,10.2456,6,"Cycler 32",1,0.126486,0.5,0.113295,0
19,5,319.7367,10.2456,7,"Resonant 2to1 Stable",0.833333,0.00322393,0,0.000967504,0
19,5,319.7367,10.2456,8,"Resonant 2to1 Unstable",1,0.111778,0.121212,0.0716852,0
19,5,319.7367,10.2456,9,"Resonant 3to1 Stable",0.916667,0.00551789,0,0.00218533,0
19,5,319.7367,10.2456,10,"Resonant 3to1 Unstable",0.916667,0.00735529,0,0.00500832,0
19,5,319.7367,10.2456,11,"Resonant 5to2 Stable",1,0.009014,0,0.00570978,0
19,5,319.7367,10.2456,12,"Resonant 5to2 Unstable",1,0.0913252,0.257576,0.0440257,0
19,5,319.7367,10.2456,13,"Distant Prograde Orbit",1,0.0933289,0,0.0686745,0
19,6,319.7367,11.0994,1,"Lyapunov L1",1,0.0657568,0,0.0506941,0
19,6,319.7367,11.0994,2,"Lyapunov L2",1,0.0235616,0,0.0178661,0
19,6,319.7367,11.0994,3,"Cycler 21",1,0.138469,0,0.116189,0
19,6,319.7367,11.0994,4,"Cycler 11a",1,0.148022,0.227273,0.13208,0
19,6,319.7367,11.0994,5,"Cycler 11b",1,0.134889,0.136364,0.115002,0
19,6,319.7367,11.0994,6,"Cycler 32",1,0.181689,0.5,0.168932,0
19,6,319.7367,11.0994,7,"Resonant 2to1 Stable",0.833333,0.00328694,0,0.000985429,0
19,6,319.7367,11.0994,8,"Resonant 2to1 Unstable",1,0.113949,0.121212,0.0725534,0
19,6,319.7367,11.0994,9,"Resonant 3to1 Stable",0.916667,0.00567961,0,0.00221224,0
19,6,319.7367,11.0994,10,"Resonant 3to1 Unstable",0.916667,0.00753385,0,0.00507544,0
19,6,319.7367,11.0994,11,"Resonant 5to2 Stable",1,0.00905107,0,0.00612638,0
19,6,319.7367,11.0994,12,"Resonant 5to2 Unstable",1,0.165203,0.257576,0.0995602,0
19,6,319.7367,11.0994,13,"Distant Prograde Orbit",1,0.100946,0,0.070294,0
19,7,319.7367,11.9532,1,"Lyapunov L1",1,0.0661963,0,0.0538787,0
19,7,319.7367,11.9532,2,"Lyapunov L2",1,0.0277187,0,0.0210085,0
19,7,319.7367,11.9532,3,"Cycler 21",1,0.139006,0,0.117066,0
19,7,319.7367,11.9532,4,"Cycler 11a",1,0.148659,0.227273,0.133313,0
19,7,319.7367,11.9532,5,"Cycler 11b",1,0.135373,0.136364,0.115777,0
19,7,319.7367,11.9532,6,"Cycler 32",1,0.182497,0.5,0.171407,0
19,7,319.7367,11.9532,7,"Resonant 2to1 Stable",0.833333,0.00333014,0,0.000998544,0
19,7,319.7367,11.9532,8,"Resonant 2to1 Unstable",1,0.114595,0.121212,0.0738699,0
19,7,319.7367,11.9532,9,"Resonant 3to1 Stable",0.916667,0.0057814,0,0.00223092,0
19,7,319.7367,11.9532,10,"Resonant 3to1 Unstable",0.916667,0.00846956,0,0.00521043,0
19,7,319.7367,11.9532,11,"Resonant 5to2 Stable",1,0.00909435,0,0.00678256,0
19,7,319.7367,11.9532,12,"Resonant 5to2 Unstable",1,0.165963,0.257576,0.100925,0
19,7,319.7367,11.9532,13,"Distant Prograde Orbit",1,0.101696,0,0.0715365,0
19,8,319.7367,12.8070,1,"Lyapunov L1",1,0.0753228,0,0.0613495,0
19,8,319.7367,12.8070,2,"Lyapunov L2",1,0.0331949,0,0.0252582,0
19,8,319.7367,12.8070,3,"Cycler 21",1,0.142726,0,0.120753,0
19,8,319.7367,12.8070,4,"Cycler 11a",1,0.153452,0.227273,0.137279,0
19,8,319.7367,12.8070,5,"Cycler 11b",1,0.141628,0.136364,0.12252,0
19,8,319.7367,12.8070,6,"Cycler 32",1,0.18734,0.515152,0.175745,0
19,8,319.7367,12.8070,7,"Resonant 2to1 Stable",0.916667,0.00364779,0,0.00101116,0
19,8,319.7367,12.8070,8,"Resonant 2to1 Unstable",1,0.117196,0.121212,0.0770624,0
19,8,319.7367,12.8070,9,"Resonant 3to1 Stable",0.916667,0.00588717,0,0.00223866,0
19,8,319.7367,12.8070,10,"Resonant 3to1 Unstable",1,0.00992993,0,0.00551146,0
19,8,319.7367,12.8070,11,"Resonant 5to2 Stable",1,0.00915056,0,0.00714141,0
19,8,319.7367,12.8070,12,"Resonant 5to2 Unstable",1,0.169685,0.272727,0.102201,0
19,8,319.7367,12.8070,13,"Distant Prograde Orbit",1,0.105989,0,0.0777547,0
19,9,319.7367,13.6608,1,"Lyapunov L1",1,0.0817384,0,0.0685151,0
19,9,319.7367,13.6608,2,"Lyapunov L2",1,0.0401679,0,0.0305314,0
19,9,319.7367,13.6608,3,"Cycler 21",1,0.152943,0,0.130177,0
19,9,319.7367,13.6608,4,"Cycler 11a",1,0.15749,0.227273,0.142242,0
19,9,319.7367,13.6608,5,"Cycler 11b",1,0.150046,0.121212,0.129719,0
19,9,319.7367,13.6608,6,"Cycler 32",1,0.197089,0.469697,0.185471,0
19,9,319.7367,13.6608,7,"Resonant 2to1 Stable",0.916667,0.00368061,0,0.00101801,0
19,9,319.7367,13.6608,8,"Resonant 2to1 Unstable",1,0.120255,0.121212,0.0803503,0
19,9,319.7367,13.6608,9,"Resonant 3to1 Stable",0.916667,0.00597391,0,0.00224595,0
19,9,319.7367,13.6608,10,"Resonant 3to1 Unstable",1,0.0114269,0,0.00622704,0
19,9,319.7367,13.6608,11,"Resonant 5to2 Stable",1,0.009199,0,0.00744603,0
19,9,319.7367,13.6608,12,"Resonant 5to2 Unstable",1,0.176689,0.272727,0.104084,0
19,9,319.7367,13.6608,13,"Distant Prograde Orbit",1,0.112048,0,0.0838304,0
19,10,319.7367,14.5146,1,"Lyapunov L1",1,0.0859469,0,0.0751007,0
19,10,319.7367,14.5146,2,"Lyapunov L2",1,0.0439825,0,0.0338796,0
19,10,319.7367,14.5146,3,"Cycler 21",1,0.15781,0.0151515,0.135554,0
19,10,319.7367,14.5146,4,"Cycler 11a",1,0.160899,0.227273,0.146091,0
19,10,319.7367,14.5146,5,"Cycler 11b",1,0.153507,0.106061,0.133687,0
19,10,319.7367,14.5146,6,"Cycler 32",1,0.199628,0.469697,0.188795,0
19,10,319.7367,14.5146,7,"Resonant 2to1 Stable",0.916667,0.00372504,0,0.00102408,0
19,10,319.7367,14.5146,8,"Resonant 2to1 Unstable",1,0.122882,0.121212,0.0832398,0
19,10,319.7367,14.5146,9,"Resonant 3to1 Stable",0.916667,0.00601667,0,0.00226218,0
19,10,319.7367,14.5146,10,"Resonant 3to1 Unstable",1,0.0120635,0,0.0067822,0
19,10,319.7367,14.5146,11,"Resonant 5to2 Stable",1,0.0092287,0,0.00767974,0
19,10,319.7367,14.5146,12,"Resonant 5to2 Unstable",1,0.178574,0.272727,0.106187,0
19,10,319.7367,14.5146,13,"Distant Prograde Orbit",1,0.119714,0,0.0911384,0
19,11,319.7367,15.3684,1,"Lyapunov L1",1,0.088552,0,0.0795993,0
19,11,319.7367,15.3684,2,"Lyapunov L2",1,0.0470697,0,0.0369529,0
19,11,319.7367,15.3684,3,"Cycler 21",1,0.160453,0.0151515,0.138594,0
19,11,319.7367,15.3684,4,"Cycler 11a",1,0.164,0.227273,0.150421,0
19,11,319.7367,15.3684,5,"Cycler 11b",1,0.155622,0.106061,0.136372,0
19,11,319.7367,15.3684,6,"Cycler 32",1,0.199789,0.469697,0.189908,0
19,11,319.7367,15.3684,7,"Resonant 2to1 Stable",0.916667,0.00376021,0,0.00103476,0
19,11,319.7367,15.3684,8,"Resonant 2to1 Unstable",1,0.125623,0.121212,0.086415,0
19,11,319.7367,15.3684,9,"Resonant 3to1 Stable",0.916667,0.00614899,0,0.00229021,0
19,11,319.7367,15.3684,10,"Resonant 3to1 Unstable",1,0.0124604,0,0.00722895,0
19,11,319.7367,15.3684,11,"Resonant 5to2 Stable",1,0.00926862,0,0.00793061,0
19,11,319.7367,15.3684,12,"Resonant 5to2 Unstable",1,0.178725,0.272727,0.108347,0
19,11,319.7367,15.3684,13,"Distant Prograde Orbit",1,0.127907,0,0.0991638,0
19,12,319.7367,16.2222,1,"Lyapunov L1",1,0.0939259,0,0.0900098,0
19,12,319.7367,16.2222,2,"Lyapunov L2",1,0.0502139,0,0.039137,0
19,12,319.7367,16.2222,3,"Cycler 21",1,0.16139,0,0.140362,0
19,12,319.7367,16.2222,4,"Cycler 11a",1,0.165616,0.227273,0.152534,0
19,12,319.7367,16.2222,5,"Cycler 11b",1,0.156477,0.0909091,0.138629,0
19,12,319.7367,16.2222,6,"Cycler 32",1,0.200976,0.5,0.192931,0
19,12,319.7367,16.2222,7,"Resonant 2to1 Stable",0.916667,0.00377491,0,0.0010355,0
19,12,319.7367,16.2222,8,"Resonant 2to1 Unstable",1,0.12929,0.121212,0.0913528,0
19,12,319.7367,16.2222,9,"Resonant 3to1 Stable",0.916667,0.00637042,0,0.0023291,0
19,12,319.7367,16.2222,10,"Resonant 3to1 Unstable",1,0.0144311,0,0.00802456,0
19,12,319.7367,16.2222,11,"Resonant 5to2 Stable",1,0.00930161,0,0.00806439,0
19,12,319.7367,16.2222,12,"Resonant 5to2 Unstable",1,0.179742,0.136364,0.115826,0
19,12,319.7367,16.2222,13,"Distant Prograde Orbit",1,0.130044,0,0.102836,0
19,13,319.7367,17.0760,1,"Lyapunov L1",1,0.102455,0,0.0969011,0
19,13,319.7367,17.0760,2,"Lyapunov L2",1,0.0555822,0,0.0427423,0
19,13,319.7367,17.0760,3,"Cycler 21",1,0.16246,0,0.140919,0
19,13,319.7367,17.0760,4,"Cycler 11a",1,0.169634,0.227273,0.156189,0
19,13,319.7367,17.0760,5,"Cycler 11b",1,0.158628,0.030303,0.141098,0
19,13,319.7367,17.0760,6,"Cycler 32",1,0.204421,0.469697,0.196472,0
19,13,319.7367,17.0760,7,"Resonant 2to1 Stable",0.916667,0.00380764,0,0.00103929,0
19,13,319.7367,17.0760,8,"Resonant 2to1 Unstable",1,0.130884,0.121212,0.094463,0
19,13,319.7367,17.0760,9,"Resonant 3to1 Stable",0.916667,0.00647768,0,0.00233549,0
19,13,319.7367,17.0760,10,"Resonant 3to1 Unstable",1,0.0184351,0,0.00928799,0
19,13,319.7367,17.0760,11,"Resonant 5to2 Stable",1,0.0093207,0,0.0083032,0
19,13,319.7367,17.0760,12,"Resonant 5to2 Unstable",1,0.182654,0.272727,0.121169,0
19,13,319.7367,17.0760,13,"Distant Prograde Orbit",1,0.134872,0,0.108255,0
19,14,319.7367,17.9298,1,"Lyapunov L1",1,0.10606,0,0.101231,0
19,14,319.7367,17.9298,2,"Lyapunov L2",1,0.0620339,0,0.049003,0
19,14,319.7367,17.9298,3,"Cycler 21",1,0.163621,0,0.141715,0
19,14,319.7367,17.9298,4,"Cycler 11a",1,0.170036,0.227273,0.15804,0
19,14,319.7367,17.9298,5,"Cycler 11b",1,0.161213,0.030303,0.144768,0
19,14,319.7367,17.9298,6,"Cycler 32",1,0.206359,0.469697,0.198947,0
19,14,319.7367,17.9298,7,"Resonant 2to1 Stable",0.916667,0.0038281,0,0.00104104,0
19,14,319.7367,17.9298,8,"Resonant 2to1 Unstable",1,0.131122,0.121212,0.0965063,0
19,14,319.7367,17.9298,9,"Resonant 3to1 Stable",0.916667,0.00655073,0,0.00235284,0
19,14,319.7367,17.9298,10,"Resonant 3to1 Unstable",1,0.0195805,0,0.00988426,0
19,14,319.7367,17.9298,11,"Resonant 5to2 Stable",1,0.00933375,0,0.00850767,0
19,14,319.7367,17.9298,12,"Resonant 5to2 Unstable",1,0.18427,0.272727,0.12519,0
19,14,319.7367,17.9298,13,"Distant Prograde Orbit",1,0.136762,0,0.110705,0
19,15,319.7367,18.7836,1,"Lyapunov L1",1,0.107188,0,0.102613,0
19,15,319.7367,18.7836,2,"Lyapunov L2",1,0.0638233,0,0.0520843,0
19,15,319.7367,18.7836,3,"Cycler 21",1,0.163957,0,0.145238,0
19,15,319.7367,18.7836,4,"Cycler 11a",1,0.170198,0.227273,0.15832,0
19,15,319.7367,18.7836,5,"Cycler 11b",1,0.162144,0.0151515,0.145964,0
19,15,319.7367,18.7836,6,"Cycler 32",1,0.206907,0.469697,0.199691,0
19,15,319.7367,18.7836,7,"Resonant 2to1 Stable",0.916667,0.00388461,0,0.00104864,0
19,15,319.7367,18.7836,8,"Resonant 2to1 Unstable",1,0.131255,0.121212,0.0971519,0
19,15,319.7367,18.7836,9,"Resonant 3to1 Stable",0.916667,0.00668731,0,0.00237261,0
19,15,319.7367,18.7836,10,"Resonant 3to1 Unstable",1,0.0202038,0,0.0102854,0
19,15,319.7367,18.7836,11,"Resonant 5to2 Stable",1,0.00934118,0,0.00881185,0
19,15,319.7367,18.7836,12,"Resonant 5to2 Unstable",1,0.184742,0.272727,0.127703,0
19,15,319.7367,18.7836,13,"Distant Prograde Orbit",1,0.137375,0,0.11147,0
19,16,319.7367,19.6374,1,"Lyapunov L1",1,0.114393,0,0.11006,0
19,16,319.7367,19.6374,2,"Lyapunov L2",1,0.0704794,0,0.0580268,0
19,16,319.7367,19.6374,3,"Cycler 21",1,0.165656,0,0.147211,0
19,16,319.7367,19.6374,4,"Cycler 11a",1,0.177157,0.227273,0.165422,0
19,16,319.7367,19.6374,5,"Cycler 11b",1,0.162156,0,0.146165,0
19,16,319.7367,19.6374,6,"Cycler 32",1,0.207396,0.469697,0.200253,0
19,16,319.7367,19.6374,7,"Resonant 2to1 Stable",0.916667,0.003945,0,0.00105834,0
19,16,319.7367,19.6374,8,"Resonant 2to1 Unstable",1,0.132082,0.121212,0.0975201,0
19,16,319.7367,19.6374,9,"Resonant 3to1 Stable",0.916667,0.00668959,0,0.00239768,0
19,16,319.7367,19.6374,10,"Resonant 3to1 Unstable",1,0.0202392,0,0.0106468,0
19,16,319.7367,19.6374,11,"Resonant 5to2 Stable",1,0.00942579,0,0.00893,0
19,16,319.7367,19.6374,12,"Resonant 5to2 Unstable",1,0.185144,0.272727,0.12825,0
19,16,319.7367,19.6374,13,"Distant Prograde Orbit",1,0.13808,0,0.112192,0
19,17,319.7367,20.4912,1,"Lyapunov L1",1,0.115849,0,0.111519,0
19,17,319.7367,20.4912,2,"Lyapunov L2",1,0.0742846,0,0.0608636,0
19,17,319.7367,20.4912,3,"Cycler 21",1,0.166496,0,0.148106,0
19,17,319.7367,20.4912,4,"Cycler 11a",1,0.179193,0.227273,0.16752,0
19,17,319.7367,20.4912,5,"Cycler 11b",1,0.162167,0,0.146194,0
19,17,319.7367,20.4912,6,"Cycler 32",1,0.208142,0.469697,0.200998,0
19,17,319.7367,20.4912,7,"Resonant 2to1 Stable",0.916667,0.00398645,0,0.0010698,0
19,17,319.7367,20.4912,8,"Resonant 2to1 Unstable",1,0.132504,0.121212,0.0976452,0
19,17,319.7367,20.4912,9,"Resonant 3to1 Stable",0.916667,0.00669779,0,0.00242376,0
19,17,319.7367,20.4912,10,"Resonant 3to1 Unstable",1,0.0202802,0,0.010886,0
19,17,319.7367,20.4912,11,"Resonant 5to2 Stable",1,0.0095101,0,0.00906864,0
19,17,319.7367,20.4912,12,"Resonant 5to2 Unstable",1,0.185747,0.272727,0.12887,0
19,17,319.7367,20.4912,13,"Distant Prograde Orbit",1,0.138654,0,0.113334,0
19,18,319.7367,21.3450,1,"Lyapunov L1",1,0.116961,0,0.112039,0
19,18,319.7367,21.3450,2,"Lyapunov L2",1,0.0798688,0,0.0672723,0
19,18,319.7367,21.3450,3,"Cycler 21",1,0.174268,0,0.152557,0
19,18,319.7367,21.3450,4,"Cycler 11a",1,0.187316,0.242424,0.174547,0
19,18,319.7367,21.3450,5,"Cycler 11b",1,0.17109,0,0.150773,0
19,18,319.7367,21.3450,6,"Cycler 32",1,0.267796,0.484848,0.26068,0
19,18,319.7367,21.3450,7,"Resonant 2to1 Stable",0.916667,0.0040654,0,0.00109192,0
19,18,319.7367,21.3450,8,"Resonant 2to1 Unstable",1,0.136319,0.136364,0.0992498,0
19,18,319.7367,21.3450,9,"Resonant 3to1 Stable",0.916667,0.00672271,0,0.00243905,0
19,18,319.7367,21.3450,10,"Resonant 3to1 Unstable",1,0.0205676,0,0.0110145,0
19,18,319.7367,21.3450,11,"Resonant 5to2 Stable",1,0.0101211,0,0.00925814,0
19,18,319.7367,21.3450,12,"Resonant 5to2 Unstable",1,0.250929,0.287879,0.182754,0
19,18,319.7367,21.3450,13,"Distant Prograde Orbit",1,0.150884,0,0.121265,0
19,19,319.7367,22.1988,1,"Lyapunov L1",1,0.118421,0,0.113759,0
19,19,319.7367,22.1988,2,"Lyapunov L2",1,0.0898241,0,0.0736005,0
19,19,319.7367,22.1988,3,"Cycler 21",1,0.180564,0,0.160213,0
19,19,319.7367,22.1988,4,"Cycler 11a",1,0.189044,0.242424,0.176406,0
19,19,319.7367,22.1988,5,"Cycler 11b",1,0.173568,0,0.153781,0
19,19,319.7367,22.1988,6,"Cycler 32",1,0.276029,0.484848,0.269178,0
19,19,319.7367,22.1988,7,"Resonant 2to1 Stable",0.916667,0.00407335,0,0.00109538,0
19,19,319.7367,22.1988,8,"Resonant 2to1 Unstable",1,0.137175,0.136364,0.104559,0
19,19,319.7367,22.1988,9,"Resonant 3to1 Stable",0.916667,0.00692462,0,0.00284113,0
19,19,319.7367,22.1988,10,"Resonant 3to1 Unstable",1,0.020737,0,0.0113538,0
19,19,319.7367,22.1988,11,"Resonant 5to2 Stable",1,0.0106998,0,0.00952346,0
19,19,319.7367,22.1988,12,"Resonant 5to2 Unstable",1,0.257333,0.287879,0.183524,0
19,19,319.7367,22.1988,13,"Distant Prograde Orbit",1,0.154831,0,0.12528,0
19,20,319.7367,23.0527,1,"Lyapunov L1",1,0.119326,0,0.115162,0
19,20,319.7367,23.0527,2,"Lyapunov L2",1,0.092311,0,0.0766419,0
19,20,319.7367,23.0527,3,"Cycler 21",1,0.181575,0,0.161761,0
19,20,319.7367,23.0527,4,"Cycler 11a",1,0.189498,0.242424,0.176967,0
19,20,319.7367,23.0527,5,"Cycler 11b",1,0.176181,0,0.156712,0
19,20,319.7367,23.0527,6,"Cycler 32",1,0.277668,0.515152,0.270952,0
19,20,319.7367,23.0527,7,"Resonant 2to1 Stable",0.916667,0.00407678,0,0.00109988,0
19,20,319.7367,23.0527,8,"Resonant 2to1 Unstable",1,0.137511,0.136364,0.105542,0
19,20,319.7367,23.0527,9,"Resonant 3to1 Stable",0.916667,0.00705764,0,0.00440404,0
19,20,319.7367,23.0527,10,"Resonant 3to1 Unstable",1,0.0207988,0,0.011685,0
19,20,319.7367,23.0527,11,"Resonant 5to2 Stable",1,0.0116149,0,0.00980398,0
19,20,319.7367,23.0527,12,"Resonant 5to2 Unstable",1,0.25854,0.166667,0.185724,0
19,20,319.7367,23.0527,13,"Distant Prograde Orbit",1,0.157208,0,0.127834,0
19,21,319.7367,23.9065,1,"Lyapunov L1",1,0.119646,0,0.117825,0
19,21,319.7367,23.9065,2,"Lyapunov L2",1,0.0924901,0,0.0768824,0
19,21,319.7367,23.9065,3,"Cycler 21",1,0.182214,0,0.16247,0
19,21,319.7367,23.9065,4,"Cycler 11a",1,0.197163,0.242424,0.183287,0
19,21,319.7367,23.9065,5,"Cycler 11b",1,0.176832,0,0.157908,0
19,21,319.7367,23.9065,6,"Cycler 32",1,0.283833,0.484848,0.279657,0
19,21,319.7367,23.9065,7,"Resonant 2to1 Stable",0.916667,0.00407926,0,0.00109988,0
19,21,319.7367,23.9065,8,"Resonant 2to1 Unstable",1,0.140827,0.136364,0.10998,0
19,21,319.7367,23.9065,9,"Resonant 3to1 Stable",0.916667,0.00706539,0,0.00467591,0
19,21,319.7367,23.9065,10,"Resonant 3to1 Unstable",1,0.0209052,0,0.0116998,0
19,21,319.7367,23.9065,11,"Resonant 5to2 Stable",1,0.0120722,0,0.00995361,0
19,21,319.7367,23.9065,12,"Resonant 5to2 Unstable",1,0.263439,0.166667,0.19108,0
19,21,319.7367,23.9065,13,"Distant Prograde Orbit",1,0.15842,0,0.129182,0
19,22,319.7367,24.7603,1,"Lyapunov L1",1,0.121008,0,0.119181,0
19,22,319.7367,24.7603,2,"Lyapunov L2",1,0.0934,0,0.0778958,0
19,22,319.7367,24.7603,3,"Cycler 21",1,0.182234,0,0.162984,0
19,22,319.7367,24.7603,4,"Cycler 11a",1,0.197184,0.242424,0.183336,0
19,22,319.7367,24.7603,5,"Cycler 11b",1,0.176852,0,0.158468,0
19,22,319.7367,24.7603,6,"Cycler 32",1,0.284276,0.484848,0.280181,0
19,22,319.7367,24.7603,7,"Resonant 2to1 Stable",0.916667,0.00407967,0,0.00109988,0
19,22,319.7367,24.7603,8,"Resonant 2to1 Unstable",1,0.14085,0.136364,0.110237,0
19,22,319.7367,24.7603,9,"Resonant 3to1 Stable",0.916667,0.00706664,0,0.00480382,0
19,22,319.7367,24.7603,10,"Resonant 3to1 Unstable",1,0.0209371,0,0.0117459,0
19,22,319.7367,24.7603,11,"Resonant 5to2 Stable",1,0.0122595,0,0.0102822,0
19,22,319.7367,24.7603,12,"Resonant 5to2 Unstable",1,0.264239,0.166667,0.193099,0
19,22,319.7367,24.7603,13,"Distant Prograde Orbit",1,0.159219,0,0.130156,0
19,23,319.7367,25.6141,1,"Lyapunov L1",1,0.124567,0,0.122756,0
19,23,319.7367,25.6141,2,"Lyapunov L2",1,0.0946285,0,0.0791044,0
19,23,319.7367,25.6141,3,"Cycler 21",1,0.183128,0,0.164205,0
19,23,319.7367,25.6141,4,"Cycler 11a",1,0.197316,0.257576,0.18351,0
19,23,319.7367,25.6141,5,"Cycler 11b",1,0.17697,0,0.158764,0
19,23,319.7367,25.6141,6,"Cycler 32",1,0.285524,0.484848,0.281385,0
19,23,319.7367,25.6141,7,"Resonant 2to1 Stable",0.916667,0.00408063,0,0.00109988,0
19,23,319.7367,25.6141,8,"Resonant 2to1 Unstable",1,0.141253,0,0.110968,0
19,23,319.7367,25.6141,9,"Resonant 3to1 Stable",0.916667,0.00706961,0,0.00483936,0
19,23,319.7367,25.6141,10,"Resonant 3to1 Unstable",1,0.0209997,0,0.0117537,0
19,23,319.7367,25.6141,11,"Resonant 5to2 Stable",1,0.0133194,0,0.0109307,0
19,23,319.7367,25.6141,12,"Resonant 5to2 Unstable",1,0.264782,0.166667,0.194961,0
19,23,319.7367,25.6141,13,"Distant Prograde Orbit",1,0.159698,0,0.130933,0
19,24,319.7367,26.4679,1,"Lyapunov L1",1,0.125038,0,0.123231,0
19,24,319.7367,26.4679,2,"Lyapunov L2",1,0.095049,0,0.0795441,0
19,24,319.7367,26.4679,3,"Cycler 21",1,0.183329,0,0.164283,0
19,24,319.7367,26.4679,4,"Cycler 11a",1,0.197539,0.242424,0.183686,0
19,24,319.7367,26.4679,5,"Cycler 11b",1,0.177168,0,0.15895,0
19,24,319.7367,26.4679,6,"Cycler 32",1,0.285722,0.484848,0.281553,0
19,24,319.7367,26.4679,7,"Resonant 2to1 Stable",0.916667,0.00408063,0,0.00109988,0
19,24,319.7367,26.4679,8,"Resonant 2to1 Unstable",1,0.141569,0.136364,0.111447,0
19,24,319.7367,26.4679,9,"Resonant 3to1 Stable",0.916667,0.00706961,0,0.00487083,0
19,24,319.7367,26.4679,10,"Resonant 3to1 Unstable",1,0.0210778,0,0.0117834,0
19,24,319.7367,26.4679,11,"Resonant 5to2 Stable",1,0.0152969,0,0.0122084,0
19,24,319.7367,26.4679,12,"Resonant 5to2 Unstable",1,0.264991,0.166667,0.195518,0
19,24,319.7367,26.4679,13,"Distant Prograde Orbit",1,0.159896,0,0.130954,0
19,25,319.7367,27.3217,1,"Lyapunov L1",1,0.126499,0,0.124797,0
19,25,319.7367,27.3217,2,"Lyapunov L2",1,0.0953501,0,0.0800884,0
19,25,319.7367,27.3217,3,"Cycler 21",1,0.184535,0,0.165494,0
19,25,319.7367,27.3217,4,"Cycler 11a",1,0.197597,0.242424,0.183815,0
19,25,319.7367,27.3217,5,"Cycler 11b",1,0.177219,0,0.15909,0
19,25,319.7367,27.3217,6,"Cycler 32",1,0.289058,0.484848,0.284957,0
19,25,319.7367,27.3217,7,"Resonant 2to1 Stable",0.916667,0.00411002,0,0.00110596,0
19,25,319.7367,27.3217,8,"Resonant 2to1 Unstable",1,0.141633,0.136364,0.115828,0
19,25,319.7367,27.3217,9,"Resonant 3to1 Stable",0.916667,0.00707137,0,0.00518692,0
19,25,319.7367,27.3217,10,"Resonant 3to1 Unstable",1,0.021116,0,0.0118083,0
19,25,319.7367,27.3217,11,"Resonant 5to2 Stable",1,0.0157725,0,0.0129187,0
19,25,319.7367,27.3217,12,"Resonant 5to2 Unstable",1,0.267257,0.166667,0.198366,0
19,25,319.7367,27.3217,13,"Distant Prograde Orbit",1,0.165467,0,0.135783,0
20,1,334.6577,6.8304,1,"Lyapunov L1",1,0.0442337,0,0.0326932,0
20,1,334.6577,6.8304,2,"Lyapunov L2",0.916667,0.011449,0,0.0080233,0
20,1,334.6577,6.8304,3,"Cycler 21",1,0.119884,0.0606061,0.10142,0
20,1,334.6577,6.8304,4,"Cycler 11a",1,0.124411,0.227273,0.11541,0
20,1,334.6577,6.8304,5,"Cycler 11b",1,0.104347,0.136364,0.0906809,0
20,1,334.6577,6.8304,6,"Cycler 32",1,0.0878977,0.484848,0.075464,0
20,1,334.6577,6.8304,7,"Resonant 2to1 Stable",0.75,0.00242923,0,0.000801769,0
20,1,334.6577,6.8304,8,"Resonant 2to1 Unstable",1,0.099927,0.121212,0.0615164,0
20,1,334.6577,6.8304,9,"Resonant 3to1 Stable",0.916667,0.00471142,0,0.00203291,0
20,1,334.6577,6.8304,10,"Resonant 3to1 Unstable",0.916667,0.00625675,0,0.00452926,0
20,1,334.6577,6.8304,11,"Resonant 5to2 Stable",1,0.00863125,0,0.0043237,0
20,1,334.6577,6.8304,12,"Resonant 5to2 Unstable",1,0.0508087,0.136364,0.0241252,0
20,1,334.6577,6.8304,13,"Distant Prograde Orbit",1,0.0634452,0,0.0461896,0
20,2,334.6577,7.6842,1,"Lyapunov L1",1,0.0492779,0,0.0369117,0
20,2,334.6577,7.6842,2,"Lyapunov L2",1,0.0143158,0,0.0102055,0
20,2,334.6577,7.6842,3,"Cycler 21",1,0.124359,0.0151515,0.106059,0
20,2,334.6577,7.6842,4,"Cycler 11a",1,0.130716,0.227273,0.12089,0
20,2,334.6577,7.6842,5,"Cycler 11b",1,0.112418,0.106061,0.0985783,0
20,2,334.6577,7.6842,6,"Cycler 32",1,0.0979397,0.5,0.084745,0
20,2,334.6577,7.6842,7,"Resonant 2to1 Stable",0.833333,0.00287363,0,0.000867481,0
20,2,334.6577,7.6842,8,"Resonant 2to1 Unstable",1,0.103629,0.121212,0.0640233,0
20,2,334.6577,7.6842,9,"Resonant 3to1 Stable",0.916667,0.00491305,0,0.0020789,0
20,2,334.6577,7.6842,10,"Resonant 3to1 Unstable",0.916667,0.00648581,0,0.0047992,0
20,2,334.6577,7.6842,11,"Resonant 5to2 Stable",1,0.00875946,0,0.00442124,0
20,2,334.6577,7.6842,12,"Resonant 5to2 Unstable",1,0.0579925,0.136364,0.0277947,0
20,2,334.6577,7.6842,13,"Distant Prograde Orbit",1,0.0717357,0,0.0526789,0
20,3,334.6577,8.5380,1,"Lyapunov L1",1,0.0599771,0,0.0436072,0
20,3,334.6577,8.5380,2,"Lyapunov L2",1,0.0174045,0,0.0127602,0
20,3,334.6577,8.5380,3,"Cycler 21",1,0.129862,0,0.111252,0
20,3,334.6577,8.5380,4,"Cycler 11a",1,0.136332,0.257576,0.125163,0
20,3,334.6577,8.5380,5,"Cycler 11b",1,0.122069,0.166667,0.107503,0
20,3,334.6577,8.5380,6,"Cycler 32",1,0.107216,0.5,0.093101,0
20,3,334.6577,8.5380,7,"Resonant 2to1 Stable",0.833333,0.00305387,0,0.000920064,0
20,3,334.6577,8.5380,8,"Resonant 2to1 Unstable",1,0.106724,0.121212,0.0669496,0
20,3,334.6577,8.5380,9,"Resonant 3to1 Stable",0.916667,0.00515045,0,0.00212085,0
20,3,334.6577,8.5380,10,"Resonant 3to1 Unstable",0.916667,0.00689984,0,0.00503837,0
20,3,334.6577,8.5380,11,"Resonant 5to2 Stable",1,0.00887263,0,0.00475835,0
20,3,334.6577,8.5380,12,"Resonant 5to2 Unstable",1,0.062755,0.136364,0.029861,0
20,3,334.6577,8.5380,13,"Distant Prograde Orbit",1,0.0793004,0,0.0584158,0
20,4,334.6577,9.3918,1,"Lyapunov L1",1,0.0631119,0,0.0470595,0
20,4,334.6577,9.3918,2,"Lyapunov L2",1,0.0199696,0,0.0149764,0
20,4,334.6577,9.3918,3,"Cycler 21",1,0.133133,0,0.115339,0
20,4,334.6577,9.3918,4,"Cycler 11a",1,0.140476,0.227273,0.129271,0
20,4,334.6577,9.3918,5,"Cycler 11b",1,0.12816,0.136364,0.112734,0
20,4,334.6577,9.3918,6,"Cycler 32",1,0.114775,0.5,0.101041,0
20,4,334.6577,9.3918,7,"Resonant 2to1 Stable",0.833333,0.00315207,0,0.000949668,0
20,4,334.6577,9.3918,8,"Resonant 2to1 Unstable",1,0.109097,0.121212,0.0704196,0
20,4,334.6577,9.3918,9,"Resonant 3to1 Stable",0.916667,0.00535151,0,0.00216379,0
20,4,334.6577,9.3918,10,"Resonant 3to1 Unstable",0.916667,0.00714945,0,0.00520995,0
20,4,334.6577,9.3918,11,"Resonant 5to2 Stable",1,0.00894596,0,0.00503703,0
20,4,334.6577,9.3918,12,"Resonant 5to2 Unstable",1,0.0713015,0.257576,0.0338463,0
20,4,334.6577,9.3918,13,"Distant Prograde Orbit",1,0.0878921,0.0757576,0.0663343,0
20,5,334.6577,10.2456,1,"Lyapunov L1",1,0.0647321,0,0.0485662,0
20,5,334.6577,10.2456,2,"Lyapunov L2",1,0.0229181,0,0.017473,0
20,5,334.6577,10.2456,3,"Cycler 21",1,0.135408,0,0.116106,0
20,5,334.6577,10.2456,4,"Cycler 11a",1,0.144319,0.227273,0.131057,0
20,5,334.6577,10.2456,5,"Cycler 11b",1,0.131885,0.136364,0.114791,0
20,5,334.6577,10.2456,6,"Cycler 32",1,0.126486,0.5,0.113295,0
20,5,334.6577,10.2456,7,"Resonant 2to1 Stable",0.833333,0.00322393,0,0.000967504,0
20,5,334.6577,10.2456,8,"Resonant 2to1 Unstable",1,0.111778,0.121212,0.0716852,0
20,5,334.6577,10.2456,9,"Resonant 3to1 Stable",0.916667,0.00551789,0,0.00218533,0
20,5,334.6577,10.2456,10,"Resonant 3to1 Unstable",0.916667,0.00735529,0,0.00532633,0
20,5,334.6577,10.2456,11,"Resonant 5to2 Stable",1,0.009014,0,0.00570978,0
20,5,334.6577,10.2456,12,"Resonant 5to2 Unstable",1,0.0913252,0.257576,0.0440257,0
20,5,334.6577,10.2456,13,"Distant Prograde Orbit",1,0.0933289,0,0.0689925,0
20,6,334.6577,11.0994,1,"Lyapunov L1",1,0.0657568,0,0.0506941,0
20,6,334.6577,11.0994,2,"Lyapunov L2",1,0.0235616,0,0.0178661,0
20,6,334.6577,11.0994,3,"Cycler 21",1,0.138469,0,0.116189,0
20,6,334.6577,11.0994,4,"Cycler 11a",1,0.148022,0.227273,0.13208,0
20,6,334.6577,11.0994,5,"Cycler 11b",1,0.134889,0.136364,0.115002,0
20,6,334.6577,11.0994,6,"Cycler 32",1,0.181689,0.5,0.168932,0
20,6,334.6577,11.0994,7,"Resonant 2to1 Stable",0.833333,0.00328694,0,0.000985429,0
20,6,334.6577,11.0994,8,"Resonant 2to1 Unstable",1,0.113949,0.121212,0.0725534,0
20,6,334.6577,11.0994,9,"Resonant 3to1 Stable",0.916667,0.00567961,0,0.00221224,0
20,6,334.6577,11.0994,10,"Resonant 3to1 Unstable",0.916667,0.00753385,0,0.00539345,0
20,6,334.6577,11.0994,11,"Resonant 5to2 Stable",1,0.00905107,0,0.00612638,0
20,6,334.6577,11.0994,12,"Resonant 5to2 Unstable",1,0.165203,0.257576,0.0995602,0
20,6,334.6577,11.0994,13,"Distant Prograde Orbit",1,0.100946,0,0.070612,0
20,7,334.6577,11.9532,1,"Lyapunov L1",1,0.0661963,0,0.0538787,0
20,7,334.6577,11.9532,2,"Lyapunov L2",1,0.0277187,0,0.0210085,0
20,7,334.6577,11.9532,3,"Cycler 21",1,0.139006,0,0.117066,0
20,7,334.6577,11.9532,4,"Cycler 11a",1,0.148659,0.227273,0.133313,0
20,7,334.6577,11.9532,5,"Cycler 11b",1,0.135373,0.136364,0.115777,0
20,7,334.6577,11.9532,6,"Cycler 32",1,0.182497,0.5,0.171407,0
20,7,334.6577,11.9532,7,"Resonant 2to1 Stable",0.833333,0.00333014,0,0.000998544,0
20,7,334.6577,11.9532,8,"Resonant 2to1 Unstable",1,0.114595,0.121212,0.0738699,0
20,7,334.6577,11.9532,9,"Resonant 3to1 Stable",0.916667,0.0057814,0,0.00223092,0
20,7,334.6577,11.9532,10,"Resonant 3to1 Unstable",0.916667,0.00846956,0,0.00552844,0
20,7,334.6577,11.9532,11,"Resonant 5to2 Stable",1,0.00909435,0,0.00678256,0
20,7,334.6577,11.9532,12,"Resonant 5to2 Unstable",1,0.165963,0.257576,0.100925,0
20,7,334.6577,11.9532,13,"Distant Prograde Orbit",1,0.101696,0,0.0718545,0
20,8,334.6577,12.8070,1,"Lyapunov L1",1,0.0753228,0,0.0613495,0
20,8,334.6577,12.8070,2,"Lyapunov L2",1,0.0331949,0,0.0252582,0
20,8,334.6577,12.8070,3,"Cycler 21",1,0.142726,0,0.120753,0
20,8,334.6577,12.8070,4,"Cycler 11a",1,0.153452,0.227273,0.137279,0
20,8,334.6577,12.8070,5,"Cycler 11b",1,0.141628,0.136364,0.12252,0
20,8,334.6577,12.8070,6,"Cycler 32",1,0.18734,0.515152,0.175745,0
20,8,334.6577,12.8070,7,"Resonant 2to1 Stable",0.916667,0.00364779,0,0.00101116,0
20,8,334.6577,12.8070,8,"Resonant 2to1 Unstable",1,0.117196,0.121212,0.0770624,0
20,8,334.6577,12.8070,9,"Resonant 3to1 Stable",0.916667,0.00588717,0,0.00223866,0
20,8,334.6577,12.8070,10,"Resonant 3to1 Unstable",1,0.00992993,0,0.00582947,0
20,8,334.6577,12.8070,11,"Resonant 5to2 Stable",1,0.00915056,0,0.00714141,0
20,8,334.6577,12.8070,12,"Resonant 5to2 Unstable",1,0.169685,0.272727,0.102201,0
20,8,334.6577,12.8070,13,"Distant Prograde Orbit",1,0.105989,0,0.0780727,0
20,9,334.6577,13.6608,1,"Lyapunov L1",1,0.0817384,0,0.0685151,0
20,9,334.6577,13.6608,2,"Lyapunov L2",1,0.0401679,0,0.0305314,0
20,9,334.6577,13.6608,3,"Cycler 21",1,0.152943,0,0.130177,0
20,9,334.6577,13.6608,4,"Cycler 11a",1,0.15749,0.227273,0.142242,0
20,9,334.6577,13.6608,5,"Cycler 11b",1,0.150046,0.121212,0.129719,0
20,9,334.6577,13.6608,6,"Cycler 32",1,0.197089,0.469697,0.185471,0
20,9,334.6577,13.6608,7,"Resonant 2to1 Stable",0.916667,0.00368061,0,0.00101801,0
20,9,334.6577,13.6608,8,"Resonant 2to1 Unstable",1,0.120255,0.121212,0.0803503,0
20,9,334.6577,13.6608,9,"Resonant 3to1 Stable",0.916667,0.00597391,0,0.00224595,0
20,9,334.6577,13.6608,10,"Resonant 3to1 Unstable",1,0.0114269,0,0.00666433,0
20,9,334.6577,13.6608,11,"Resonant 5to2 Stable",1,0.009199,0,0.00744603,0
20,9,334.6577,13.6608,12,"Resonant 5to2 Unstable",1,0.176689,0.272727,0.104084,0
20,9,334.6577,13.6608,13,"Distant Prograde Orbit",1,0.112048,0,0.0842677,0
20,10,334.6577,14.5146,1,"Lyapunov L1",1,0.0859469,0,0.0751007,0
20,10,334.6577,14.5146,2,"Lyapunov L2",1,0.0439825,0,0.0339058,0
20,10,334.6577,14.5146,3,"Cycler 21",1,0.15781,0.0151515,0.135554,0
20,10,334.6577,14.5146,4,"Cycler 11a",1,0.160899,0.227273,0.146091,0
20,10,334.6577,14.5146,5,"Cycler 11b",1,0.153507,0.106061,0.133687,0
20,10,334.6577,14.5146,6,"Cycler 32",1,0.199628,0.469697,0.188795,0
20,10,334.6577,14.5146,7,"Resonant 2to1 Stable",0.916667,0.00372504,0,0.00102408,0
20,10,334.6577,14.5146,8,"Resonant 2to1 Unstable",1,0.122882,0.121212,0.0832398,0
20,10,334.6577,14.5146,9,"Resonant 3to1 Stable",0.916667,0.00601667,0,0.00226218,0
20,10,334.6577,14.5146,10,"Resonant 3to1 Unstable",1,0.0120635,0,0.00721988,0
20,10,334.6577,14.5146,11,"Resonant 5to2 Stable",1,0.0092287,0,0.00770594,0
20,10,334.6577,14.5146,12,"Resonant 5to2 Unstable",1,0.178574,0.272727,0.106187,0
20,10,334.6577,14.5146,13,"Distant Prograde Orbit",1,0.119714,0,0.0915761,0
20,11,334.6577,15.3684,1,"Lyapunov L1",1,0.088552,0,0.0795993,0
20,11,334.6577,15.3684,2,"Lyapunov L2",1,0.0470697,0,0.0369529,0
20,11,334.6577,15.3684,3,"Cycler 21",1,0.160453,0.0151515,0.138594,0
20,11,334.6577,15.3684,4,"Cycler 11a",1,0.164,0.227273,0.150421,0
20,11,334.6577,15.3684,5,"Cycler 11b",1,0.155622,0.106061,0.136372,0
20,11,334.6577,15.3684,6,"Cycler 32",1,0.199789,0.469697,0.189908,0
20,11,334.6577,15.3684,7,"Resonant 2to1 Stable",0.916667,0.00376021,0,0.00103476,0
20,11,334.6577,15.3684,8,"Resonant 2to1 Unstable",1,0.125623,0.121212,0.086415,0
20,11,334.6577,15.3684,9,"Resonant 3to1 Stable",0.916667,0.00614899,0,0.00229021,0
20,11,334.6577,15.3684,10,"Resonant 3to1 Unstable",1,0.0124604,0,0.00768402,0
20,11,334.6577,15.3684,11,"Resonant 5to2 Stable",1,0.00926862,0,0.00793061,0
20,11,334.6577,15.3684,12,"Resonant 5to2 Unstable",1,0.178725,0.272727,0.108347,0
20,11,334.6577,15.3684,13,"Distant Prograde Orbit",1,0.127907,0,0.0996189,0
20,12,334.6577,16.2222,1,"Lyapunov L1",1,0.0939259,0,0.0900098,0
20,12,334.6577,16.2222,2,"Lyapunov L2",1,0.0502139,0,0.039137,0
20,12,334.6577,16.2222,3,"Cycler 21",1,0.16139,0,0.140362,0
20,12,334.6577,16.2222,4,"Cycler 11a",1,0.165616,0.227273,0.152534,0
20,12,334.6577,16.2222,5,"Cycler 11b",1,0.156477,0.0909091,0.138629,0
20,12,334.6577,16.2222,6,"Cycler 32",1,0.200976,0.5,0.192931,0
20,12,334.6577,16.2222,7,"Resonant 2to1 Stable",0.916667,0.00377491,0,0.0010355,0
20,12,334.6577,16.2222,8,"Resonant 2to1 Unstable",1,0.12929,0.121212,0.0913528,0
20,12,334.6577,16.2222,9,"Resonant 3to1 Stable",0.916667,0.00637042,0,0.0023291,0
20,12,334.6577,16.2222,10,"Resonant 3to1 Unstable",1,0.0144311,0,0.00848012,0
20,12,334.6577,16.2222,11,"Resonant 5to2 Stable",1,0.00930161,0,0.00806439,0
20,12,334.6577,16.2222,12,"Resonant 5to2 Unstable",1,0.179742,0.136364,0.115826,0
20,12,334.6577,16.2222,13,"Distant Prograde Orbit",1,0.130044,0,0.103292,0
20,13,334.6577,17.0760,1,"Lyapunov L1",1,0.102455,0,0.0969011,0
20,13,334.6577,17.0760,2,"Lyapunov L2",1,0.0555822,0,0.0427423,0
20,13,334.6577,17.0760,3,"Cycler 21",1,0.16246,0,0.141168,0
20,13,334.6577,17.0760,4,"Cycler 11a",1,0.169634,0.227273,0.156189,0
20,13,334.6577,17.0760,5,"Cycler 11b",1,0.158628,0.030303,0.141098,0
20,13,334.6577,17.0760,6,"Cycler 32",1,0.204421,0.469697,0.196472,0
20,13,334.6577,17.0760,7,"Resonant 2to1 Stable",0.916667,0.00380764,0,0.00128886,0
20,13,334.6577,17.0760,8,"Resonant 2to1 Unstable",1,0.130884,0.121212,0.094463,0
20,13,334.6577,17.0760,9,"Resonant 3to1 Stable",0.916667,0.00647768,0,0.00233549,0
20,13,334.6577,17.0760,10,"Resonant 3to1 Unstable",1,0.0184351,0,0.0097493,0
20,13,334.6577,17.0760,11,"Resonant 5to2 Stable",1,0.0093207,0,0.0083032,0
20,13,334.6577,17.0760,12,"Resonant 5to2 Unstable",1,0.182654,0.272727,0.121169,0
20,13,334.6577,17.0760,13,"Distant Prograde Orbit",1,0.134872,0,0.108717,0
20,14,334.6577,17.9298,1,"Lyapunov L1",1,0.10606,0,0.101231,0
20,14,334.6577,17.9298,2,"Lyapunov L2",1,0.0620339,0,0.049003,0
20,14,334.6577,17.9298,3,"Cycler 21",1,0.163621,0,0.141964,0
20,14,334.6577,17.9298,4,"Cycler 11a",1,0.170036,0.227273,0.15804,0
20,14,334.6577,17.9298,5,"Cycler 11b",1,0.161213,0.030303,0.144768,0
20,14,334.6577,17.9298,6,"Cycler 32",1,0.206359,0.469697,0.198947,0
20,14,334.6577,17.9298,7,"Resonant 2to1 Stable",0.916667,0.0038281,0,0.0012906,0
20,14,334.6577,17.9298,8,"Resonant 2to1 Unstable",1,0.131122,0.121212,0.0965063,0
20,14,334.6577,17.9298,9,"Resonant 3to1 Stable",0.916667,0.00655073,0,0.00235284,0
20,14,334.6577,17.9298,10,"Resonant 3to1 Unstable",1,0.0195805,0,0.0103456,0
20,14,334.6577,17.9298,11,"Resonant 5to2 Stable",1,0.00933375,0,0.00850767,0
20,14,334.6577,17.9298,12,"Resonant 5to2 Unstable",1,0.18427,0.272727,0.12519,0
20,14,334.6577,17.9298,13,"Distant Prograde Orbit",1,0.136762,0,0.111167,0
20,15,334.6577,18.7836,1,"Lyapunov L1",1,0.107188,0,0.102613,0
20,15,334.6577,18.7836,2,"Lyapunov L2",1,0.0638233,0,0.0520843,0
20,15,334.6577,18.7836,3,"Cycler 21",1,0.163957,0,0.145488,0
20,15,334.6577,18.7836,4,"Cycler 11a",1,0.170198,0.227273,0.15832,0
20,15,334.6577,18.7836,5,"Cycler 11b",1,0.162144,0.0151515,0.145964,0
20,15,334.6577,18.7836,6,"Cycler 32",1,0.206907,0.469697,0.199691,0
20,15,334.6577,18.7836,7,"Resonant 2to1 Stable",0.916667,0.00388461,0,0.00129836,0
20,15,334.6577,18.7836,8,"Resonant 2to1 Unstable",1,0.131255,0.121212,0.0971519,0
20,15,334.6577,18.7836,9,"Resonant 3to1 Stable",0.916667,0.00668731,0,0.00237261,0
20,15,334.6577,18.7836,10,"Resonant 3to1 Unstable",1,0.0202038,0,0.0107468,0
20,15,334.6577,18.7836,11,"Resonant 5to2 Stable",1,0.00934118,0,0.00881185,0
20,15,334.6577,18.7836,12,"Resonant 5to2 Unstable",1,0.184742,0.272727,0.127703,0
20,15,334.6577,18.7836,13,"Distant Prograde Orbit",1,0.137375,0,0.111931,0
20,16,334.6577,19.6374,1,"Lyapunov L1",1,0.114393,0,0.11006,0
20,16,334.6577,19.6374,2,"Lyapunov L2",1,0.0704794,0,0.0580268,0
20,16,334.6577,19.6374,3,"Cycler 21",1,0.165656,0,0.147461,0
20,16,334.6577,19.6374,4,"Cycler 11a",1,0.177157,0.227273,0.165422,0
20,16,334.6577,19.6374,5,"Cycler 11b",1,0.162156,0,0.146165,0
20,16,334.6577,19.6374,6,"Cycler 32",1,0.207396,0.469697,0.200253,0
20,16,334.6577,19.6374,7,"Resonant 2to1 Stable",0.916667,0.003945,0,0.0013082,0
20,16,334.6577,19.6374,8,"Resonant 2to1 Unstable",1,0.132082,0.121212,0.0975201,0
20,16,334.6577,19.6374,9,"Resonant 3to1 Stable",0.916667,0.00668959,0,0.00239768,0
20,16,334.6577,19.6374,10,"Resonant 3to1 Unstable",1,0.0202392,0,0.0111081,0
20,16,334.6577,19.6374,11,"Resonant 5to2 Stable",1,0.00942579,0,0.00893,0
20,16,334.6577,19.6374,12,"Resonant 5to2 Unstable",1,0.185144,0.272727,0.12825,0
20,16,334.6577,19.6374,13,"Distant Prograde Orbit",1,0.13808,0,0.112654,0
20,17,334.6577,20.4912,1,"Lyapunov L1",1,0.115849,0,0.111519,0
20,17,334.6577,20.4912,2,"Lyapunov L2",1,0.0742846,0,0.0608636,0
20,17,334.6577,20.4912,3,"Cycler 21",1,0.166496,0,0.148356,0
20,17,334.6577,20.4912,4,"Cycler 11a",1,0.179193,0.227273,0.16752,0
20,17,334.6577,20.4912,5,"Cycler 11b",1,0.162167,0,0.146194,0
20,17,334.6577,20.4912,6,"Cycler 32",1,0.208142,0.469697,0.200998,0
20,17,334.6577,20.4912,7,"Resonant 2to1 Stable",0.916667,0.00398645,0,0.00131966,0
20,17,334.6577,20.4912,8,"Resonant 2to1 Unstable",1,0.132504,0.121212,0.0976452,0
20,17,334.6577,20.4912,9,"Resonant 3to1 Stable",0.916667,0.00669779,0,0.00242376,0
20,17,334.6577,20.4912,10,"Resonant 3to1 Unstable",1,0.0202802,0,0.0113517,0
20,17,334.6577,20.4912,11,"Resonant 5to2 Stable",1,0.0095101,0,0.00906864,0
20,17,334.6577,20.4912,12,"Resonant 5to2 Unstable",1,0.185747,0.272727,0.12887,0
20,17,334.6577,20.4912,13,"Distant Prograde Orbit",1,0.138654,0,0.1138,0
20,18,334.6577,21.3450,1,"Lyapunov L1",1,0.116961,0,0.112039,0
20,18,334.6577,21.3450,2,"Lyapunov L2",1,0.0798688,0,0.0672723,0
20,18,334.6577,21.3450,3,"Cycler 21",1,0.174268,0,0.152807,0
20,18,334.6577,21.3450,4,"Cycler 11a",1,0.187316,0.242424,0.174547,0
20,18,334.6577,21.3450,5,"Cycler 11b",1,0.17109,0,0.150773,0
20,18,334.6577,21.3450,6,"Cycler 32",1,0.267796,0.484848,0.26068,0
20,18,334.6577,21.3450,7,"Resonant 2to1 Stable",0.916667,0.00410841,0,0.0013848,0
20,18,334.6577,21.3450,8,"Resonant 2to1 Unstable",1,0.136319,0.136364,0.0992498,0
20,18,334.6577,21.3450,9,"Resonant 3to1 Stable",0.916667,0.00672271,0,0.00243905,0
20,18,334.6577,21.3450,10,"Resonant 3to1 Unstable",1,0.0205676,0,0.0114806,0
20,18,334.6577,21.3450,11,"Resonant 5to2 Stable",1,0.0101641,0,0.00930115,0
20,18,334.6577,21.3450,12,"Resonant 5to2 Unstable",1,0.250929,0.287879,0.182754,0
20,18,334.6577,21.3450,13,"Distant Prograde Orbit",1,0.150884,0,0.121732,0
20,19,334.6577,22.1988,1,"Lyapunov L1",1,0.118421,0,0.113788,0
20,19,334.6577,22.1988,2,"Lyapunov L2",1,0.0898241,0,0.0736005,0
20,19,334.6577,22.1988,3,"Cycler 21",1,0.180564,0,0.160764,0
20,19,334.6577,22.1988,4,"Cycler 11a",1,0.189044,0.242424,0.176433,0
20,19,334.6577,22.1988,5,"Cycler 11b",1,0.173568,0,0.154072,0
20,19,334.6577,22.1988,6,"Cycler 32",1,0.276029,0.484848,0.269178,0
20,19,334.6577,22.1988,7,"Resonant 2to1 Stable",0.916667,0.00411291,0,0.0013848,0
20,19,334.6577,22.1988,8,"Resonant 2to1 Unstable",1,0.137175,0.136364,0.104559,0
20,19,334.6577,22.1988,9,"Resonant 3to1 Stable",0.916667,0.00692462,0,0.00375369,0
20,19,334.6577,22.1988,10,"Resonant 3to1 Unstable",1,0.020737,0,0.0118149,0
20,19,334.6577,22.1988,11,"Resonant 5to2 Stable",1,0.0107394,0,0.00956302,0
20,19,334.6577,22.1988,12,"Resonant 5to2 Unstable",1,0.257333,0.287879,0.183524,0
20,19,334.6577,22.1988,13,"Distant Prograde Orbit",1,0.154831,0,0.125478,0
20,20,334.6577,23.0527,1,"Lyapunov L1",1,0.119326,0,0.115191,0
20,20,334.6577,23.0527,2,"Lyapunov L2",1,0.092311,0,0.0766419,0
20,20,334.6577,23.0527,3,"Cycler 21",1,0.181575,0,0.162011,0
20,20,334.6577,23.0527,4,"Cycler 11a",1,0.189498,0.242424,0.176996,0
20,20,334.6577,23.0527,5,"Cycler 11b",1,0.176181,0,0.156712,0
20,20,334.6577,23.0527,6,"Cycler 32",1,0.277668,0.515152,0.270952,0
20,20,334.6577,23.0527,7,"Resonant 2to1 Stable",0.916667,0.00411335,0,0.00138631,0
20,20,334.6577,23.0527,8,"Resonant 2to1 Unstable",1,0.137511,0.136364,0.105542,0
20,20,334.6577,23.0527,9,"Resonant 3to1 Stable",0.916667,0.00705764,0,0.00450081,0
20,20,334.6577,23.0527,10,"Resonant 3to1 Unstable",1,0.0207988,0,0.0118851,0
20,20,334.6577,23.0527,11,"Resonant 5to2 Stable",1,0.0116515,0,0.00984055,0
20,20,334.6577,23.0527,12,"Resonant 5to2 Unstable",1,0.25854,0.166667,0.185724,0
20,20,334.6577,23.0527,13,"Distant Prograde Orbit",1,0.157208,0,0.128067,0
20,21,334.6577,23.9065,1,"Lyapunov L1",1,0.119646,0,0.117825,0
20,21,334.6577,23.9065,2,"Lyapunov L2",1,0.0924901,0,0.0768824,0
20,21,334.6577,23.9065,3,"Cycler 21",1,0.182214,0,0.162719,0
20,21,334.6577,23.9065,4,"Cycler 11a",1,0.197163,0.242424,0.183287,0
20,21,334.6577,23.9065,5,"Cycler 11b",1,0.176832,0,0.157908,0
20,21,334.6577,23.9065,6,"Cycler 32",1,0.283833,0.484848,0.279657,0
20,21,334.6577,23.9065,7,"Resonant 2to1 Stable",0.916667,0.00411964,0,0.00139012,0
20,21,334.6577,23.9065,8,"Resonant 2to1 Unstable",1,0.140827,0.136364,0.10998,0
20,21,334.6577,23.9065,9,"Resonant 3to1 Stable",0.916667,0.00706539,0,0.00470161,0
20,21,334.6577,23.9065,10,"Resonant 3to1 Unstable",1,0.0209052,0,0.0118967,0
20,21,334.6577,23.9065,11,"Resonant 5to2 Stable",1,0.0121126,0,0.00999399,0
20,21,334.6577,23.9065,12,"Resonant 5to2 Unstable",1,0.263439,0.166667,0.19108,0
20,21,334.6577,23.9065,13,"Distant Prograde Orbit",1,0.15842,0,0.129405,0
20,22,334.6577,24.7603,1,"Lyapunov L1",1,0.121008,0,0.119181,0
20,22,334.6577,24.7603,2,"Lyapunov L2",1,0.0934,0,0.0778958,0
20,22,334.6577,24.7603,3,"Cycler 21",1,0.182234,0,0.163233,0
20,22,334.6577,24.7603,4,"Cycler 11a",1,0.197184,0.242424,0.183336,0
20,22,334.6577,24.7603,5,"Cycler 11b",1,0.176852,0,0.158468,0
20,22,334.6577,24.7603,6,"Cycler 32",1,0.284276,0.484848,0.280181,0
20,22,334.6577,24.7603,7,"Resonant 2to1 Stable",0.916667,0.00412005,0,0.00139012,0
20,22,334.6577,24.7603,8,"Resonant 2to1 Unstable",1,0.14085,0.136364,0.110237,0
20,22,334.6577,24.7603,9,"Resonant 3to1 Stable",0.916667,0.00706664,0,0.00480382,0
20,22,334.6577,24.7603,10,"Resonant 3to1 Unstable",1,0.0209371,0,0.0119152,0
20,22,334.6577,24.7603,11,"Resonant 5to2 Stable",1,0.0122999,0,0.0103226,0
20,22,334.6577,24.7603,12,"Resonant 5to2 Unstable",1,0.264239,0.166667,0.193099,0
20,22,334.6577,24.7603,13,"Distant Prograde Orbit",1,0.159219,0,0.130326,0
20,23,334.6577,25.6141,1,"Lyapunov L1",1,0.124567,0,0.122756,0
20,23,334.6577,25.6141,2,"Lyapunov L2",1,0.0946285,0,0.0794182,0
20,23,334.6577,25.6141,3,"Cycler 21",1,0.183128,0,0.164455,0
20,23,334.6577,25.6141,4,"Cycler 11a",1,0.197316,0.257576,0.18351,0
20,23,334.6577,25.6141,5,"Cycler 11b",1,0.17697,0,0.158764,0
20,23,334.6577,25.6141,6,"Cycler 32",1,0.285524,0.484848,0.281385,0
20,23,334.6577,25.6141,7,"Resonant 2to1 Stable",0.916667,0.00412101,0,0.00139012,0
20,23,334.6577,25.6141,8,"Resonant 2to1 Unstable",1,0.141253,0,0.110968,0
20,23,334.6577,25.6141,9,"Resonant 3to1 Stable",0.916667,0.00706961,0,0.00515311,0
20,23,334.6577,25.6141,10,"Resonant 3to1 Unstable",1,0.0209997,0,0.0119224,0
20,23,334.6577,25.6141,11,"Resonant 5to2 Stable",1,0.0133598,0,0.0109711,0
20,23,334.6577,25.6141,12,"Resonant 5to2 Unstable",1,0.264782,0.166667,0.194961,0
20,23,334.6577,25.6141,13,"Distant Prograde Orbit",1,0.159698,0,0.131102,0
20,24,334.6577,26.4679,1,"Lyapunov L1",1,0.125038,0,0.123231,0
20,24,334.6577,26.4679,2,"Lyapunov L2",1,0.095049,0,0.0798664,0
20,24,334.6577,26.4679,3,"Cycler 21",1,0.183329,0,0.164534,0
20,24,334.6577,26.4679,4,"Cycler 11a",1,0.197539,0.242424,0.183686,0
20,24,334.6577,26.4679,5,"Cycler 11b",1,0.177168,0,0.15895,0
20,24,334.6577,26.4679,6,"Cycler 32",1,0.285722,0.484848,0.281553,0
20,24,334.6577,26.4679,7,"Resonant 2to1 Stable",0.916667,0.00412101,0,0.00139091,0
20,24,334.6577,26.4679,8,"Resonant 2to1 Unstable",1,0.141569,0.136364,0.111447,0
20,24,334.6577,26.4679,9,"Resonant 3to1 Stable",0.916667,0.00706961,0,0.00519314,0
20,24,334.6577,26.4679,10,"Resonant 3to1 Unstable",1,0.0210778,0,0.0119518,0
20,24,334.6577,26.4679,11,"Resonant 5to2 Stable",1,0.0153373,0,0.0122488,0
20,24,334.6577,26.4679,12,"Resonant 5to2 Unstable",1,0.264991,0.166667,0.195518,0
20,24,334.6577,26.4679,13,"Distant Prograde Orbit",1,0.159896,0,0.131122,0
20,25,334.6577,27.3217,1,"Lyapunov L1",1,0.126499,0,0.124797,0
20,25,334.6577,27.3217,2,"Lyapunov L2",1,0.0953501,0,0.0804492,0
20,25,334.6577,27.3217,3,"Cycler 21",1,0.184535,0,0.165745,0
20,25,334.6577,27.3217,4,"Cycler 11a",1,0.197597,0.242424,0.183815,0
20,25,334.6577,27.3217,5,"Cycler 11b",1,0.177219,0,0.15909,0
20,25,334.6577,27.3217,6,"Cycler 32",1,0.289058,0.484848,0.284957,0
20,25,334.6577,27.3217,7,"Resonant 2to1 Stable",0.916667,0.00414701,0,0.0013936,0
20,25,334.6577,27.3217,8,"Resonant 2to1 Unstable",1,0.141633,0.136364,0.115828,0
20,25,334.6577,27.3217,9,"Resonant 3to1 Stable",0.916667,0.00707137,0,0.00526201,0
20,25,334.6577,27.3217,10,"Resonant 3to1 Unstable",1,0.021116,0,0.012312,0
20,25,334.6577,27.3217,11,"Resonant 5to2 Stable",1,0.0158095,0,0.0129557,0
20,25,334.6577,27.3217,12,"Resonant 5to2 Unstable",1,0.267257,0.166667,0.198366,0
20,25,334.6577,27.3217,13,"Distant Prograde Orbit",1,0.165467,0,0.135954,0
21,1,349.5787,6.8304,1,"Lyapunov L1",1,0.0442337,0,0.0326932,0
21,1,349.5787,6.8304,2,"Lyapunov L2",0.916667,0.011449,0,0.0080233,0
21,1,349.5787,6.8304,3,"Cycler 21",1,0.119884,0.0606061,0.10142,0
21,1,349.5787,6.8304,4,"Cycler 11a",1,0.124411,0.227273,0.11541,0
21,1,349.5787,6.8304,5,"Cycler 11b",1,0.104347,0.136364,0.0906809,0
21,1,349.5787,6.8304,6,"Cycler 32",1,0.0878977,0.484848,0.075464,0
21,1,349.5787,6.8304,7,"Resonant 2to1 Stable",0.75,0.00242923,0,0.000801769,0
21,1,349.5787,6.8304,8,"Resonant 2to1 Unstable",1,0.099927,0.121212,0.0615164,0
21,1,349.5787,6.8304,9,"Resonant 3to1 Stable",0.916667,0.00471142,0,0.00203291,0
21,1,349.5787,6.8304,10,"Resonant 3to1 Unstable",0.916667,0.00625675,0,0.00460987,0
21,1,349.5787,6.8304,11,"Resonant 5to2 Stable",1,0.00863125,0,0.0043237,0
21,1,349.5787,6.8304,12,"Resonant 5to2 Unstable",1,0.0508087,0.136364,0.0241252,0
21,1,349.5787,6.8304,13,"Distant Prograde Orbit",1,0.0634452,0,0.0462702,0
21,2,349.5787,7.6842,1,"Lyapunov L1",1,0.0492779,0,0.0369117,0
21,2,349.5787,7.6842,2,"Lyapunov L2",1,0.0143158,0,0.0102055,0
21,2,349.5787,7.6842,3,"Cycler 21",1,0.124359,0.0151515,0.106059,0
21,2,349.5787,7.6842,4,"Cycler 11a",1,0.130716,0.227273,0.12089,0
21,2,349.5787,7.6842,5,"Cycler 11b",1,0.112418,0.106061,0.0985783,0
21,2,349.5787,7.6842,6,"Cycler 32",1,0.0979397,0.5,0.084745,0
21,2,349.5787,7.6842,7,"Resonant 2to1 Stable",0.833333,0.00287363,0,0.000867481,0
21,2,349.5787,7.6842,8,"Resonant 2to1 Unstable",1,0.103629,0.121212,0.0640233,0
21,2,349.5787,7.6842,9,"Resonant 3to1 Stable",0.916667,0.00491305,0,0.0020789,0
21,2,349.5787,7.6842,10,"Resonant 3to1 Unstable",0.916667,0.00648581,0,0.00490504,0
21,2,349.5787,7.6842,11,"Resonant 5to2 Stable",1,0.00875946,0,0.00442124,0
21,2,349.5787,7.6842,12,"Resonant 5to2 Unstable",1,0.0579925,0.136364,0.0277947,0
21,2,349.5787,7.6842,13,"Distant Prograde Orbit",1,0.0717357,0,0.0527847,0
21,3,349.5787,8.5380,1,"Lyapunov L1",1,0.0599771,0,0.0436531,0
21,3,349.5787,8.5380,2,"Lyapunov L2",1,0.0174045,0,0.0127602,0
21,3,349.5787,8.5380,3,"Cycler 21",1,0.129862,0,0.111252,0
21,3,349.5787,8.5380,4,"Cycler 11a",1,0.136332,0.257576,0.125163,0
21,3,349.5787,8.5380,5,"Cycler 11b",1,0.122069,0.166667,0.107503,0
21,3,349.5787,8.5380,6,"Cycler 32",1,0.107216,0.5,0.093101,0
21,3,349.5787,8.5380,7,"Resonant 2to1 Stable",0.833333,0.00305387,0,0.000920064,0
21,3,349.5787,8.5380,8,"Resonant 2to1 Unstable",1,0.106724,0.121212,0.0669496,0
21,3,349.5787,8.5380,9,"Resonant 3to1 Stable",0.916667,0.00515045,0,0.00212085,0
21,3,349.5787,8.5380,10,"Resonant 3to1 Unstable",0.916667,0.00689984,0,0.00515381,0
21,3,349.5787,8.5380,11,"Resonant 5to2 Stable",1,0.00887263,0,0.00480427,0
21,3,349.5787,8.5380,12,"Resonant 5to2 Unstable",1,0.062755,0.136364,0.029861,0
21,3,349.5787,8.5380,13,"Distant Prograde Orbit",1,0.0793004,0,0.0585313,0
21,4,349.5787,9.3918,1,"Lyapunov L1",1,0.0631119,0,0.0470595,0
21,4,349.5787,9.3918,2,"Lyapunov L2",1,0.0199696,0,0.0149764,0
21,4,349.5787,9.3918,3,"Cycler 21",1,0.133133,0,0.115339,0
21,4,349.5787,9.3918,4,"Cycler 11a",1,0.140476,0.227273,0.129271,0
21,4,349.5787,9.3918,5,"Cycler 11b",1,0.12816,0.136364,0.112734,0
21,4,349.5787,9.3918,6,"Cycler 32",1,0.114775,0.5,0.101041,0
21,4,349.5787,9.3918,7,"Resonant 2to1 Stable",0.833333,0.00315207,0,0.000949668,0
21,4,349.5787,9.3918,8,"Resonant 2to1 Unstable",1,0.109097,0.121212,0.0704196,0
21,4,349.5787,9.3918,9,"Resonant 3to1 Stable",0.916667,0.00535151,0,0.00216379,0
21,4,349.5787,9.3918,10,"Resonant 3to1 Unstable",0.916667,0.00714945,0,0.00534733,0
21,4,349.5787,9.3918,11,"Resonant 5to2 Stable",1,0.00894596,0,0.00529009,0
21,4,349.5787,9.3918,12,"Resonant 5to2 Unstable",1,0.0713015,0.257576,0.0338463,0
21,4,349.5787,9.3918,13,"Distant Prograde Orbit",1,0.0878921,0.0757576,0.0667247,0
21,5,349.5787,10.2456,1,"Lyapunov L1",1,0.0647321,0,0.0485662,0
21,5,349.5787,10.2456,2,"Lyapunov L2",1,0.0229181,0,0.017473,0
21,5,349.5787,10.2456,3,"Cycler 21",1,0.135408,0,0.116106,0
21,5,349.5787,10.2456,4,"Cycler 11a",1,0.144319,0.227273,0.131057,0
21,5,349.5787,10.2456,5,"Cycler 11b",1,0.131885,0.136364,0.114791,0
21,5,349.5787,10.2456,6,"Cycler 32",1,0.126486,0.5,0.113295,0
21,5,349.5787,10.2456,7,"Resonant 2to1 Stable",0.833333,0.00322393,0,0.000967504,0
21,5,349.5787,10.2456,8,"Resonant 2to1 Unstable",1,0.111778,0.121212,0.0716852,0
21,5,349.5787,10.2456,9,"Resonant 3to1 Stable",0.916667,0.00551789,0,0.00218533,0
21,5,349.5787,10.2456,10,"Resonant 3to1 Unstable",0.916667,0.00735529,0,0.00546504,0
21,5,349.5787,10.2456,11,"Resonant 5to2 Stable",1,0.009014,0,0.00572501,0
21,5,349.5787,10.2456,12,"Resonant 5to2 Unstable",1,0.0913252,0.257576,0.0440257,0
21,5,349.5787,10.2456,13,"Distant Prograde Orbit",1,0.0933289,0,0.0691464,0
21,6,349.5787,11.0994,1,"Lyapunov L1",1,0.0657568,0,0.0506941,0
21,6,349.5787,11.0994,2,"Lyapunov L2",1,0.0235616,0,0.0178661,0
21,6,349.5787,11.0994,3,"Cycler 21",1,0.138469,0,0.116189,0
21,6,349.5787,11.0994,4,"Cycler 11a",1,0.148022,0.227273,0.13208,0
21,6,349.5787,11.0994,5,"Cycler 11b",1,0.134889,0.136364,0.115002,0
21,6,349.5787,11.0994,6,"Cycler 32",1,0.181689,0.5,0.168932,0
21,6,349.5787,11.0994,7,"Resonant 2to1 Stable",0.833333,0.00328694,0,0.000985429,0
21,6,349.5787,11.0994,8,"Resonant 2to1 Unstable",1,0.113949,0.121212,0.0725534,0
21,6,349.5787,11.0994,9,"Resonant 3to1 Stable",0.916667,0.00567961,0,0.00221224,0
21,6,349.5787,11.0994,10,"Resonant 3to1 Unstable",0.916667,0.00753385,0,0.00553216,0
21,6,349.5787,11.0994,11,"Resonant 5to2 Stable",1,0.00905107,0,0.00612638,0
21,6,349.5787,11.0994,12,"Resonant 5to2 Unstable",1,0.165203,0.257576,0.0995602,0
21,6,349.5787,11.0994,13,"Distant Prograde Orbit",1,0.100946,0,0.0707507,0
21,7,349.5787,11.9532,1,"Lyapunov L1",1,0.0661963,0,0.0538787,0
21,7,349.5787,11.9532,2,"Lyapunov L2",1,0.0277187,0,0.0210099,0
21,7,349.5787,11.9532,3,"Cycler 21",1,0.139006,0,0.117066,0
21,7,349.5787,11.9532,4,"Cycler 11a",1,0.148659,0.227273,0.133313,0
21,7,349.5787,11.9532,5,"Cycler 11b",1,0.135373,0.136364,0.115777,0
21,7,349.5787,11.9532,6,"Cycler 32",1,0.182497,0.515152,0.171407,0
21,7,349.5787,11.9532,7,"Resonant 2to1 Stable",0.916667,0.00357833,0,0.000998544,0
21,7,349.5787,11.9532,8,"Resonant 2to1 Unstable",1,0.114595,0.121212,0.0738699,0
21,7,349.5787,11.9532,9,"Resonant 3to1 Stable",0.916667,0.0057814,0,0.00223092,0
21,7,349.5787,11.9532,10,"Resonant 3to1 Unstable",1,0.00871775,0,0.00567039,0
21,7,349.5787,11.9532,11,"Resonant 5to2 Stable",1,0.00909435,0,0.00678398,0
21,7,349.5787,11.9532,12,"Resonant 5to2 Unstable",1,0.165963,0.272727,0.100925,0
21,7,349.5787,11.9532,13,"Distant Prograde Orbit",1,0.101696,0,0.0719965,0
21,8,349.5787,12.8070,1,"Lyapunov L1",1,0.0753228,0,0.0613495,0
21,8,349.5787,12.8070,2,"Lyapunov L2",1,0.0331949,0,0.0252582,0
21,8,349.5787,12.8070,3,"Cycler 21",1,0.142726,0,0.120753,0
21,8,349.5787,12.8070,4,"Cycler 11a",1,0.153452,0.227273,0.137279,0
21,8,349.5787,12.8070,5,"Cycler 11b",1,0.141628,0.136364,0.12252,0
21,8,349.5787,12.8070,6,"Cycler 32",1,0.18734,0.515152,0.175745,0
21,8,349.5787,12.8070,7,"Resonant 2to1 Stable",0.916667,0.00364779,0,0.00101116,0
21,8,349.5787,12.8070,8,"Resonant 2to1 Unstable",1,0.117196,0.121212,0.0770624,0
21,8,349.5787,12.8070,9,"Resonant 3to1 Stable",0.916667,0.00588717,0,0.00223866,0
21,8,349.5787,12.8070,10,"Resonant 3to1 Unstable",1,0.00992993,0,0.00597486,0
21,8,349.5787,12.8070,11,"Resonant 5to2 Stable",1,0.00915056,0,0.00714141,0
21,8,349.5787,12.8070,12,"Resonant 5to2 Unstable",1,0.169685,0.272727,0.102201,0
21,8,349.5787,12.8070,13,"Distant Prograde Orbit",1,0.105989,0,0.0782181,0
21,9,349.5787,13.6608,1,"Lyapunov L1",1,0.0817384,0,0.0685151,0
21,9,349.5787,13.6608,2,"Lyapunov L2",1,0.0401679,0,0.0305314,0
21,9,349.5787,13.6608,3,"Cycler 21",1,0.152943,0,0.130177,0
21,9,349.5787,13.6608,4,"Cycler 11a",1,0.15749,0.227273,0.142242,0
21,9,349.5787,13.6608,5,"Cycler 11b",1,0.150046,0.121212,0.129719,0
21,9,349.5787,13.6608,6,"Cycler 32",1,0.197089,0.469697,0.185471,0
21,9,349.5787,13.6608,7,"Resonant 2to1 Stable",0.916667,0.00368061,0,0.00101801,0
21,9,349.5787,13.6608,8,"Resonant 2to1 Unstable",1,0.120255,0.121212,0.0803503,0
21,9,349.5787,13.6608,9,"Resonant 3to1 Stable",0.916667,0.00597391,0,0.00224595,0
21,9,349.5787,13.6608,10,"Resonant 3to1 Unstable",1,0.0114269,0,0.00669368,0
21,9,349.5787,13.6608,11,"Resonant 5to2 Stable",1,0.009199,0,0.00744603,0
21,9,349.5787,13.6608,12,"Resonant 5to2 Unstable",1,0.176689,0.272727,0.104084,0
21,9,349.5787,13.6608,13,"Distant Prograde Orbit",1,0.112048,0,0.084297,0
21,10,349.5787,14.5146,1,"Lyapunov L1",1,0.0859469,0,0.0751007,0
21,10,349.5787,14.5146,2,"Lyapunov L2",1,0.0439825,0,0.0339058,0
21,10,349.5787,14.5146,3,"Cycler 21",1,0.15781,0.0151515,0.135554,0
21,10,349.5787,14.5146,4,"Cycler 11a",1,0.160899,0.227273,0.146091,0
21,10,349.5787,14.5146,5,"Cycler 11b",1,0.153507,0.106061,0.133687,0
21,10,349.5787,14.5146,6,"Cycler 32",1,0.199628,0.469697,0.188795,0
21,10,349.5787,14.5146,7,"Resonant 2to1 Stable",0.916667,0.00372504,0,0.00102408,0
21,10,349.5787,14.5146,8,"Resonant 2to1 Unstable",1,0.122882,0.121212,0.0832398,0
21,10,349.5787,14.5146,9,"Resonant 3to1 Stable",0.916667,0.00601667,0,0.00226218,0
21,10,349.5787,14.5146,10,"Resonant 3to1 Unstable",1,0.0120635,0,0.00725027,0
21,10,349.5787,14.5146,11,"Resonant 5to2 Stable",1,0.0092287,0,0.00770594,0
21,10,349.5787,14.5146,12,"Resonant 5to2 Unstable",1,0.178574,0.272727,0.106187,0
21,10,349.5787,14.5146,13,"Distant Prograde Orbit",1,0.119714,0,0.0916065,0
21,11,349.5787,15.3684,1,"Lyapunov L1",1,0.088552,0,0.0795993,0
21,11,349.5787,15.3684,2,"Lyapunov L2",1,0.0470697,0,0.037285,0
21,11,349.5787,15.3684,3,"Cycler 21",1,0.160453,0.0151515,0.138838,0
21,11,349.5787,15.3684,4,"Cycler 11a",1,0.164,0.227273,0.150421,0
21,11,349.5787,15.3684,5,"Cycler 11b",1,0.155622,0.106061,0.136372,0
21,11,349.5787,15.3684,6,"Cycler 32",1,0.199789,0.469697,0.189908,0
21,11,349.5787,15.3684,7,"Resonant 2to1 Stable",0.916667,0.00376021,0,0.00127881,0
21,11,349.5787,15.3684,8,"Resonant 2to1 Unstable",1,0.125623,0.121212,0.086415,0
21,11,349.5787,15.3684,9,"Resonant 3to1 Stable",0.916667,0.00614899,0,0.00229021,0
21,11,349.5787,15.3684,10,"Resonant 3to1 Unstable",1,0.0124604,0,0.00803104,0
21,11,349.5787,15.3684,11,"Resonant 5to2 Stable",1,0.00926862,0,0.00793061,0
21,11,349.5787,15.3684,12,"Resonant 5to2 Unstable",1,0.178725,0.272727,0.108347,0
21,11,349.5787,15.3684,13,"Distant Prograde Orbit",1,0.127907,0,0.0996339,0
21,12,349.5787,16.2222,1,"Lyapunov L1",1,0.0939259,0,0.0900098,0
21,12,349.5787,16.2222,2,"Lyapunov L2",1,0.0502139,0,0.039469,0
21,12,349.5787,16.2222,3,"Cycler 21",1,0.16139,0,0.140611,0
21,12,349.5787,16.2222,4,"Cycler 11a",1,0.165616,0.227273,0.152534,0
21,12,349.5787,16.2222,5,"Cycler 11b",1,0.156477,0.0909091,0.138629,0
21,12,349.5787,16.2222,6,"Cycler 32",1,0.200976,0.5,0.192931,0
21,12,349.5787,16.2222,7,"Resonant 2to1 Stable",0.916667,0.00377491,0,0.0012843,0
21,12,349.5787,16.2222,8,"Resonant 2to1 Unstable",1,0.12929,0.121212,0.0913528,0
21,12,349.5787,16.2222,9,"Resonant 3to1 Stable",0.916667,0.00637042,0,0.0023291,0
21,12,349.5787,16.2222,10,"Resonant 3to1 Unstable",1,0.0144311,0,0.00882876,0
21,12,349.5787,16.2222,11,"Resonant 5to2 Stable",1,0.00930161,0,0.00806439,0
21,12,349.5787,16.2222,12,"Resonant 5to2 Unstable",1,0.179742,0.136364,0.115826,0
21,12,349.5787,16.2222,13,"Distant Prograde Orbit",1,0.130044,0,0.103308,0
21,13,349.5787,17.0760,1,"Lyapunov L1",1,0.102455,0,0.0969011,0
21,13,349.5787,17.0760,2,"Lyapunov L2",1,0.0555822,0,0.0430743,0
21,13,349.5787,17.0760,3,"Cycler 21",1,0.16246,0,0.14117,0
21,13,349.5787,17.0760,4,"Cycler 11a",1,0.169634,0.227273,0.156189,0
21,13,349.5787,17.0760,5,"Cycler 11b",1,0.158628,0.030303,0.141098,0
21,13,349.5787,17.0760,6,"Cycler 32",1,0.204421,0.469697,0.196472,0
21,13,349.5787,17.0760,7,"Resonant 2to1 Stable",0.916667,0.00380764,0,0.00128999,0
21,13,349.5787,17.0760,8,"Resonant 2to1 Unstable",1,0.130884,0.121212,0.094463,0
21,13,349.5787,17.0760,9,"Resonant 3to1 Stable",0.916667,0.00647768,0,0.00233549,0
21,13,349.5787,17.0760,10,"Resonant 3to1 Unstable",1,0.0184351,0,0.0100928,0
21,13,349.5787,17.0760,11,"Resonant 5to2 Stable",1,0.0093207,0,0.0083032,0
21,13,349.5787,17.0760,12,"Resonant 5to2 Unstable",1,0.182654,0.272727,0.121169,0
21,13,349.5787,17.0760,13,"Distant Prograde Orbit",1,0.134872,0,0.108728,0
21,14,349.5787,17.9298,1,"Lyapunov L1",1,0.10606,0,0.101231,0
21,14,349.5787,17.9298,2,"Lyapunov L2",1,0.0620339,0,0.049335,0
21,14,349.5787,17.9298,3,"Cycler 21",1,0.163621,0,0.141966,0
21,14,349.5787,17.9298,4,"Cycler 11a",1,0.170036,0.227273,0.15804,0
21,14,349.5787,17.9298,5,"Cycler 11b",1,0.161213,0.030303,0.144768,0
21,14,349.5787,17.9298,6,"Cycler 32",1,0.206359,0.469697,0.198947,0
21,14,349.5787,17.9298,7,"Resonant 2to1 Stable",0.916667,0.0038281,0,0.00129194,0
21,14,349.5787,17.9298,8,"Resonant 2to1 Unstable",1,0.131122,0.121212,0.0965063,0
21,14,349.5787,17.9298,9,"Resonant 3to1 Stable",0.916667,0.00655073,0,0.00235284,0
21,14,349.5787,17.9298,10,"Resonant 3to1 Unstable",1,0.0195805,0,0.0106891,0
21,14,349.5787,17.9298,11,"Resonant 5to2 Stable",1,0.00933375,0,0.00850767,0
21,14,349.5787,17.9298,12,"Resonant 5to2 Unstable",1,0.18427,0.272727,0.12519,0
21,14,349.5787,17.9298,13,"Distant Prograde Orbit",1,0.136762,0,0.111178,0
21,15,349.5787,18.7836,1,"Lyapunov L1",1,0.107188,0,0.102613,0
21,15,349.5787,18.7836,2,"Lyapunov L2",1,0.0638233,0,0.0524163,0
21,15,349.5787,18.7836,3,"Cycler 21",1,0.163957,0,0.145489,0
21,15,349.5787,18.7836,4,"Cycler 11a",1,0.170198,0.227273,0.15832,0
21,15,349.5787,18.7836,5,"Cycler 11b",1,0.162144,0.0151515,0.145964,0
21,15,349.5787,18.7836,6,"Cycler 32",1,0.206907,0.469697,0.199691,0
21,15,349.5787,18.7836,7,"Resonant 2to1 Stable",0.916667,0.00389971,0,0.00131464,0
21,15,349.5787,18.7836,8,"Resonant 2to1 Unstable",1,0.131255,0.121212,0.0971519,0
21,15,349.5787,18.7836,9,"Resonant 3to1 Stable",0.916667,0.00668731,0,0.00237261,0
21,15,349.5787,18.7836,10,"Resonant 3to1 Unstable",1,0.0202038,0,0.0110903,0
21,15,349.5787,18.7836,11,"Resonant 5to2 Stable",1,0.00935628,0,0.00882695,0
21,15,349.5787,18.7836,12,"Resonant 5to2 Unstable",1,0.184742,0.272727,0.127703,0
21,15,349.5787,18.7836,13,"Distant Prograde Orbit",1,0.137375,0,0.111943,0
21,16,349.5787,19.6374,1,"Lyapunov L1",1,0.114393,0,0.11006,0
21,16,349.5787,19.6374,2,"Lyapunov L2",1,0.0704794,0,0.0584134,0
21,16,349.5787,19.6374,3,"Cycler 21",1,0.165656,0,0.147462,0
21,16,349.5787,19.6374,4,"Cycler 11a",1,0.177157,0.227273,0.165422,0
21,16,349.5787,19.6374,5,"Cycler 11b",1,0.162156,0,0.146165,0
21,16,349.5787,19.6374,6,"Cycler 32",1,0.207396,0.469697,0.200253,0
21,16,349.5787,19.6374,7,"Resonant 2to1 Stable",0.916667,0.00395909,0,0.00132333,0
21,16,349.5787,19.6374,8,"Resonant 2to1 Unstable",1,0.132082,0.121212,0.0975201,0
21,16,349.5787,19.6374,9,"Resonant 3to1 Stable",0.916667,0.00668959,0,0.00239768,0
21,16,349.5787,19.6374,10,"Resonant 3to1 Unstable",1,0.0202392,0,0.0115078,0
21,16,349.5787,19.6374,11,"Resonant 5to2 Stable",1,0.00943988,0,0.00894409,0
21,16,349.5787,19.6374,12,"Resonant 5to2 Unstable",1,0.185144,0.272727,0.12825,0
21,16,349.5787,19.6374,13,"Distant Prograde Orbit",1,0.13808,0,0.112667,0
21,17,349.5787,20.4912,1,"Lyapunov L1",1,0.115849,0,0.111519,0
21,17,349.5787,20.4912,2,"Lyapunov L2",1,0.0742846,0,0.0612504,0
21,17,349.5787,20.4912,3,"Cycler 21",1,0.166496,0,0.148357,0
21,17,349.5787,20.4912,4,"Cycler 11a",1,0.179193,0.227273,0.16752,0
21,17,349.5787,20.4912,5,"Cycler 11b",1,0.162167,0,0.146194,0
21,17,349.5787,20.4912,6,"Cycler 32",1,0.208142,0.484848,0.200998,0
21,17,349.5787,20.4912,7,"Resonant 2to1 Stable",1,0.00425345,0,0.00134872,0
21,17,349.5787,20.4912,8,"Resonant 2to1 Unstable",1,0.132504,0.121212,0.0976452,0
21,17,349.5787,20.4912,9,"Resonant 3to1 Stable",1,0.00693689,0,0.00242376,0
21,17,349.5787,20.4912,10,"Resonant 3to1 Unstable",1,0.0202802,0,0.0117473,0
21,17,349.5787,20.4912,11,"Resonant 5to2 Stable",1,0.009538,0,0.00909653,0
21,17,349.5787,20.4912,12,"Resonant 5to2 Unstable",1,0.185747,0.287879,0.12887,0
21,17,349.5787,20.4912,13,"Distant Prograde Orbit",1,0.138654,0,0.113808,0
21,18,349.5787,21.3450,1,"Lyapunov L1",1,0.116961,0,0.112311,0
21,18,349.5787,21.3450,2,"Lyapunov L2",1,0.0798688,0,0.0676961,0
21,18,349.5787,21.3450,3,"Cycler 21",1,0.174268,0,0.153063,0
21,18,349.5787,21.3450,4,"Cycler 11a",1,0.187316,0.242424,0.174547,0
21,18,349.5787,21.3450,5,"Cycler 11b",1,0.17109,0,0.150773,0
21,18,349.5787,21.3450,6,"Cycler 32",1,0.267796,0.5,0.26068,0
21,18,349.5787,21.3450,7,"Resonant 2to1 Stable",1,0.00435068,0,0.00138596,0
21,18,349.5787,21.3450,8,"Resonant 2to1 Unstable",1,0.136319,0.136364,0.0992553,0
21,18,349.5787,21.3450,9,"Resonant 3to1 Stable",1,0.00696498,0,0.00297174,0
21,18,349.5787,21.3450,10,"Resonant 3to1 Unstable",1,0.0205676,0,0.0119128,0
21,18,349.5787,21.3450,11,"Resonant 5to2 Stable",1,0.0101641,0,0.00930115,0
21,18,349.5787,21.3450,12,"Resonant 5to2 Unstable",1,0.250929,0.30303,0.182754,0
21,18,349.5787,21.3450,13,"Distant Prograde Orbit",1,0.150884,0,0.12174,0
21,19,349.5787,22.1988,1,"Lyapunov L1",1,0.118421,0,0.113813,0
21,19,349.5787,22.1988,2,"Lyapunov L2",1,0.0898241,0,0.0740249,0
21,19,349.5787,22.1988,3,"Cycler 21",1,0.180564,0,0.160816,0
21,19,349.5787,22.1988,4,"Cycler 11a",1,0.189044,0.242424,0.176443,0
21,19,349.5787,22.1988,5,"Cycler 11b",1,0.173568,0,0.154123,0
21,19,349.5787,22.1988,6,"Cycler 32",1,0.276029,0.5,0.269178,0
21,19,349.5787,22.1988,7,"Resonant 2to1 Stable",1,0.0043577,0,0.00138596,0
21,19,349.5787,22.1988,8,"Resonant 2to1 Unstable",1,0.137175,0.136364,0.104568,0
21,19,349.5787,22.1988,9,"Resonant 3to1 Stable",1,0.00716941,0,0.00415068,0
21,19,349.5787,22.1988,10,"Resonant 3to1 Unstable",1,0.020737,0,0.0122508,0
21,19,349.5787,22.1988,11,"Resonant 5to2 Stable",1,0.0107394,0,0.00956302,0
21,19,349.5787,22.1988,12,"Resonant 5to2 Unstable",1,0.257333,0.30303,0.183524,0
21,19,349.5787,22.1988,13,"Distant Prograde Orbit",1,0.154831,0,0.125726,0
21,20,349.5787,23.0527,1,"Lyapunov L1",1,0.119326,0,0.115191,0
21,20,349.5787,23.0527,2,"Lyapunov L2",1,0.092311,0,0.0770664,0
21,20,349.5787,23.0527,3,"Cycler 21",1,0.181575,0,0.162013,0
21,20,349.5787,23.0527,4,"Cycler 11a",1,0.189498,0.242424,0.177,0
21,20,349.5787,23.0527,5,"Cycler 11b",1,0.176181,0,0.156714,0
21,20,349.5787,23.0527,6,"Cycler 32",1,0.277668,0.530303,0.270952,0
21,20,349.5787,23.0527,7,"Resonant 2to1 Stable",1,0.00435998,0,0.00138938,0
21,20,349.5787,23.0527,8,"Resonant 2to1 Unstable",1,0.137511,0.136364,0.105542,0
21,20,349.5787,23.0527,9,"Resonant 3to1 Stable",1,0.00730427,0,0.00450722,0
21,20,349.5787,23.0527,10,"Resonant 3to1 Unstable",1,0.0207988,0,0.0123131,0
21,20,349.5787,23.0527,11,"Resonant 5to2 Stable",1,0.0116515,0,0.00984055,0
21,20,349.5787,23.0527,12,"Resonant 5to2 Unstable",1,0.25854,0.166667,0.185726,0
21,20,349.5787,23.0527,13,"Distant Prograde Orbit",1,0.157208,0,0.128071,0
21,21,349.5787,23.9065,1,"Lyapunov L1",1,0.119646,0,0.117825,0
21,21,349.5787,23.9065,2,"Lyapunov L2",1,0.0924901,0,0.0773112,0
21,21,349.5787,23.9065,3,"Cycler 21",1,0.182214,0,0.162721,0
21,21,349.5787,23.9065,4,"Cycler 11a",1,0.197163,0.242424,0.183287,0
21,21,349.5787,23.9065,5,"Cycler 11b",1,0.176832,0,0.157908,0
21,21,349.5787,23.9065,6,"Cycler 32",1,0.283833,0.5,0.279657,0
21,21,349.5787,23.9065,7,"Resonant 2to1 Stable",1,0.00436627,0,0.0013932,0
21,21,349.5787,23.9065,8,"Resonant 2to1 Unstable",1,0.140827,0.136364,0.10998,0
21,21,349.5787,23.9065,9,"Resonant 3to1 Stable",1,0.00731202,0,0.00470161,0
21,21,349.5787,23.9065,10,"Resonant 3to1 Unstable",1,0.0209052,0,0.012329,0
21,21,349.5787,23.9065,11,"Resonant 5to2 Stable",1,0.0121126,0,0.00999399,0
21,21,349.5787,23.9065,12,"Resonant 5to2 Unstable",1,0.263439,0.166667,0.191082,0
21,21,349.5787,23.9065,13,"Distant Prograde Orbit",1,0.15842,0,0.129408,0
21,22,349.5787,24.7603,1,"Lyapunov L1",1,0.121008,0,0.119181,0
21,22,349.5787,24.7603,2,"Lyapunov L2",1,0.0934,0,0.0786075,0
21,22,349.5787,24.7603,3,"Cycler 21",1,0.182234,0,0.163235,0
21,22,349.5787,24.7603,4,"Cycler 11a",1,0.197184,0.242424,0.183336,0
21,22,349.5787,24.7603,5,"Cycler 11b",1,0.176852,0,0.158468,0
21,22,349.5787,24.7603,6,"Cycler 32",1,0.284276,0.5,0.280181,0
21,22,349.5787,24.7603,7,"Resonant 2to1 Stable",1,0.00436668,0,0.0013932,0
21,22,349.5787,24.7603,8,"Resonant 2to1 Unstable",1,0.14085,0.136364,0.110237,0
21,22,349.5787,24.7603,9,"Resonant 3to1 Stable",1,0.00731327,0,0.00508669,0
21,22,349.5787,24.7603,10,"Resonant 3to1 Unstable",1,0.0209371,0,0.0123475,0
21,22,349.5787,24.7603,11,"Resonant 5to2 Stable",1,0.0122999,0,0.0103226,0
21,22,349.5787,24.7603,12,"Resonant 5to2 Unstable",1,0.264239,0.166667,0.193101,0
21,22,349.5787,24.7603,13,"Distant Prograde Orbit",1,0.159219,0,0.130329,0
21,23,349.5787,25.6141,1,"Lyapunov L1",1,0.124567,0,0.122756,0
21,23,349.5787,25.6141,2,"Lyapunov L2",1,0.0946285,0,0.079851,0
21,23,349.5787,25.6141,3,"Cycler 21",1,0.183128,0,0.164456,0
21,23,349.5787,25.6141,4,"Cycler 11a",1,0.197316,0.257576,0.18351,0
21,23,349.5787,25.6141,5,"Cycler 11b",1,0.17697,0,0.158764,0
21,23,349.5787,25.6141,6,"Cycler 32",1,0.285524,0.5,0.281385,0
21,23,349.5787,25.6141,7,"Resonant 2to1 Stable",1,0.00436764,0,0.0013932,0
21,23,349.5787,25.6141,8,"Resonant 2to1 Unstable",1,0.141253,0,0.110968,0
21,23,349.5787,25.6141,9,"Resonant 3to1 Stable",1,0.00731625,0,0.00515706,0
21,23,349.5787,25.6141,10,"Resonant 3to1 Unstable",1,0.0209997,0,0.0123547,0
21,23,349.5787,25.6141,11,"Resonant 5to2 Stable",1,0.0133598,0,0.0109711,0
21,23,349.5787,25.6141,12,"Resonant 5to2 Unstable",1,0.264782,0.166667,0.194963,0
21,23,349.5787,25.6141,13,"Distant Prograde Orbit",1,0.159698,0,0.131105,0
21,24,349.5787,26.4679,1,"Lyapunov L1",1,0.125038,0,0.123231,0
21,24,349.5787,26.4679,2,"Lyapunov L2",1,0.095049,0,0.0802962,0
21,24,349.5787,26.4679,3,"Cycler 21",1,0.183329,0,0.164535,0
21,24,349.5787,26.4679,4,"Cycler 11a",1,0.197539,0.242424,0.183686,0
21,24,349.5787,26.4679,5,"Cycler 11b",1,0.177168,0,0.15895,0
21,24,349.5787,26.4679,6,"Cycler 32",1,0.285722,0.5,0.281553,0
21,24,349.5787,26.4679,7,"Resonant 2to1 Stable",1,0.00436764,0,0.00139399,0
21,24,349.5787,26.4679,8,"Resonant 2to1 Unstable",1,0.141569,0.136364,0.111447,0
21,24,349.5787,26.4679,9,"Resonant 3to1 Stable",1,0.00731625,0,0.00519405,0
21,24,349.5787,26.4679,10,"Resonant 3to1 Unstable",1,0.0210778,0,0.0123842,0
21,24,349.5787,26.4679,11,"Resonant 5to2 Stable",1,0.0153373,0,0.0122488,0
21,24,349.5787,26.4679,12,"Resonant 5to2 Unstable",1,0.264991,0.166667,0.19552,0
21,24,349.5787,26.4679,13,"Distant Prograde Orbit",1,0.159896,0,0.131126,0
21,25,349.5787,27.3217,1,"Lyapunov L1",1,0.126499,0,0.124797,0
21,25,349.5787,27.3217,2,"Lyapunov L2",1,0.0953501,0,0.0806088,0
21,25,349.5787,27.3217,3,"Cycler 21",1,0.184535,0,0.165746,0
21,25,349.5787,27.3217,4,"Cycler 11a",1,0.197597,0.242424,0.183815,0
21,25,349.5787,27.3217,5,"Cycler 11b",1,0.177219,0,0.15909,0
21,25,349.5787,27.3217,6,"Cycler 32",1,0.289058,0.5,0.284957,0
21,25,349.5787,27.3217,7,"Resonant 2to1 Stable",1,0.00439475,0,0.00139668,0
21,25,349.5787,27.3217,8,"Resonant 2to1 Unstable",1,0.141633,0.136364,0.115828,0
21,25,349.5787,27.3217,9,"Resonant 3to1 Stable",1,0.00731911,0,0.00527802,0
21,25,349.5787,27.3217,10,"Resonant 3to1 Unstable",1,0.021116,0,0.0124568,0
21,25,349.5787,27.3217,11,"Resonant 5to2 Stable",1,0.0158095,0,0.0129557,0
21,25,349.5787,27.3217,12,"Resonant 5to2 Unstable",1,0.267257,0.166667,0.198368,0
21,25,349.5787,27.3217,13,"Distant Prograde Orbit",1,0.165467,0,0.135956,0
22,1,364.4998,6.8304,1,"Lyapunov L1",1,0.0442337,0,0.0326932,0
22,1,364.4998,6.8304,2,"Lyapunov L2",1,0.0116784,0,0.0080233,0
22,1,364.4998,6.8304,3,"Cycler 21",1,0.119884,0.0606061,0.10142,0
22,1,364.4998,6.8304,4,"Cycler 11a",1,0.124411,0.227273,0.11541,0
22,1,364.4998,6.8304,5,"Cycler 11b",1,0.104347,0.136364,0.0906809,0
22,1,364.4998,6.8304,6,"Cycler 32",1,0.0878977,0.5,0.075464,0
22,1,364.4998,6.8304,7,"Resonant 2to1 Stable",0.833333,0.00265863,0,0.000801769,0
22,1,364.4998,6.8304,8,"Resonant 2to1 Unstable",1,0.099927,0.121212,0.0615188,0
22,1,364.4998,6.8304,9,"Resonant 3to1 Stable",0.916667,0.00471142,0,0.00203528,0
22,1,364.4998,6.8304,10,"Resonant 3to1 Unstable",0.916667,0.00625675,0,0.00460987,0
22,1,364.4998,6.8304,11,"Resonant 5to2 Stable",1,0.00863125,0,0.0043237,0
22,1,364.4998,6.8304,12,"Resonant 5to2 Unstable",1,0.0508087,0.136364,0.0241252,0
22,1,364.4998,6.8304,13,"Distant Prograde Orbit",1,0.0634452,0,0.0462702,0
22,2,364.4998,7.6842,1,"Lyapunov L1",1,0.0492779,0,0.0369117,0
22,2,364.4998,7.6842,2,"Lyapunov L2",1,0.0143158,0,0.0104742,0
22,2,364.4998,7.6842,3,"Cycler 21",1,0.124359,0.0151515,0.106059,0
22,2,364.4998,7.6842,4,"Cycler 11a",1,0.130716,0.227273,0.12089,0
22,2,364.4998,7.6842,5,"Cycler 11b",1,0.112418,0.106061,0.0985783,0
22,2,364.4998,7.6842,6,"Cycler 32",1,0.0979397,0.5,0.084745,0
22,2,364.4998,7.6842,7,"Resonant 2to1 Stable",0.833333,0.00287363,0,0.000867481,0
22,2,364.4998,7.6842,8,"Resonant 2to1 Unstable",1,0.103629,0.121212,0.0640256,0
22,2,364.4998,7.6842,9,"Resonant 3to1 Stable",0.916667,0.00491305,0,0.00208127,0
22,2,364.4998,7.6842,10,"Resonant 3to1 Unstable",0.916667,0.00648581,0,0.00517371,0
22,2,364.4998,7.6842,11,"Resonant 5to2 Stable",1,0.00875946,0,0.00442124,0
22,2,364.4998,7.6842,12,"Resonant 5to2 Unstable",1,0.0579925,0.136364,0.0277947,0
22,2,364.4998,7.6842,13,"Distant Prograde Orbit",1,0.0717357,0,0.0527847,0
22,3,364.4998,8.5380,1,"Lyapunov L1",1,0.0599771,0,0.0436581,0
22,3,364.4998,8.5380,2,"Lyapunov L2",1,0.0174045,0,0.0130982,0
22,3,364.4998,8.5380,3,"Cycler 21",1,0.129862,0,0.111252,0
22,3,364.4998,8.5380,4,"Cycler 11a",1,0.136332,0.257576,0.125163,0
22,3,364.4998,8.5380,5,"Cycler 11b",1,0.122069,0.166667,0.107512,0
22,3,364.4998,8.5380,6,"Cycler 32",1,0.107216,0.5,0.093101,0
22,3,364.4998,8.5380,7,"Resonant 2to1 Stable",0.833333,0.00305387,0,0.000920064,0
22,3,364.4998,8.5380,8,"Resonant 2to1 Unstable",1,0.106724,0.121212,0.066952,0
22,3,364.4998,8.5380,9,"Resonant 3to1 Stable",0.916667,0.00515045,0,0.00212323,0
22,3,364.4998,8.5380,10,"Resonant 3to1 Unstable",0.916667,0.00689984,0,0.00549182,0
22,3,364.4998,8.5380,11,"Resonant 5to2 Stable",1,0.00887263,0,0.00481833,0
22,3,364.4998,8.5380,12,"Resonant 5to2 Unstable",1,0.062755,0.136364,0.029861,0
22,3,364.4998,8.5380,13,"Distant Prograde Orbit",1,0.0793004,0,0.0585313,0
22,4,364.4998,9.3918,1,"Lyapunov L1",1,0.0631119,0,0.0470634,0
22,4,364.4998,9.3918,2,"Lyapunov L2",1,0.0199696,0,0.0153588,0
22,4,364.4998,9.3918,3,"Cycler 21",1,0.133133,0,0.115339,0
22,4,364.4998,9.3918,4,"Cycler 11a",1,0.140476,0.227273,0.129271,0
22,4,364.4998,9.3918,5,"Cycler 11b",1,0.12816,0.136364,0.112734,0
22,4,364.4998,9.3918,6,"Cycler 32",1,0.114775,0.5,0.101041,0
22,4,364.4998,9.3918,7,"Resonant 2to1 Stable",0.833333,0.00315207,0,0.000949668,0
22,4,364.4998,9.3918,8,"Resonant 2to1 Unstable",1,0.109097,0.121212,0.070422,0
22,4,364.4998,9.3918,9,"Resonant 3to1 Stable",0.916667,0.00535151,0,0.00216616,0
22,4,364.4998,9.3918,10,"Resonant 3to1 Unstable",0.916667,0.00714945,0,0.00572972,0
22,4,364.4998,9.3918,11,"Resonant 5to2 Stable",1,0.00894596,0,0.00530139,0
22,4,364.4998,9.3918,12,"Resonant 5to2 Unstable",1,0.0713015,0.257576,0.0338463,0
22,4,364.4998,9.3918,13,"Distant Prograde Orbit",1,0.0878921,0.0757576,0.0667322,0
22,5,364.4998,10.2456,1,"Lyapunov L1",1,0.0647321,0,0.0485662,0
22,5,364.4998,10.2456,2,"Lyapunov L2",1,0.0229181,0,0.0178634,0
22,5,364.4998,10.2456,3,"Cycler 21",1,0.135408,0,0.116106,0
22,5,364.4998,10.2456,4,"Cycler 11a",1,0.144319,0.227273,0.131057,0
22,5,364.4998,10.2456,5,"Cycler 11b",1,0.131885,0.136364,0.114791,0
22,5,364.4998,10.2456,6,"Cycler 32",1,0.126486,0.515152,0.113295,0
22,5,364.4998,10.2456,7,"Resonant 2to1 Stable",0.916667,0.00345582,0,0.000967504,0
22,5,364.4998,10.2456,8,"Resonant 2to1 Unstable",1,0.111778,0.121212,0.0716876,0
22,5,364.4998,10.2456,9,"Resonant 3to1 Stable",0.916667,0.00551789,0,0.00218771,0
22,5,364.4998,10.2456,10,"Resonant 3to1 Unstable",1,0.00758718,0,0.00585543,0
22,5,364.4998,10.2456,11,"Resonant 5to2 Stable",1,0.009014,0,0.00572501,0
22,5,364.4998,10.2456,12,"Resonant 5to2 Unstable",1,0.0913252,0.272727,0.0440257,0
22,5,364.4998,10.2456,13,"Distant Prograde Orbit",1,0.0933289,0,0.0691464,0
22,6,364.4998,11.0994,1,"Lyapunov L1",1,0.0657568,0,0.0506941,0
22,6,364.4998,11.0994,2,"Lyapunov L2",1,0.0235616,0,0.0185054,0
22,6,364.4998,11.0994,3,"Cycler 21",1,0.138469,0,0.116189,0
22,6,364.4998,11.0994,4,"Cycler 11a",1,0.148022,0.227273,0.13208,0
22,6,364.4998,11.0994,5,"Cycler 11b",1,0.134889,0.136364,0.115002,0
22,6,364.4998,11.0994,6,"Cycler 32",1,0.181689,0.515152,0.168932,0
22,6,364.4998,11.0994,7,"Resonant 2to1 Stable",0.916667,0.00352397,0,0.000985429,0
22,6,364.4998,11.0994,8,"Resonant 2to1 Unstable",1,0.113949,0.121212,0.0725558,0
22,6,364.4998,11.0994,9,"Resonant 3to1 Stable",0.916667,0.00567961,0,0.00221462,0
22,6,364.4998,11.0994,10,"Resonant 3to1 Unstable",1,0.00777088,0,0.00592255,0
22,6,364.4998,11.0994,11,"Resonant 5to2 Stable",1,0.00905107,0,0.00637532,0
22,6,364.4998,11.0994,12,"Resonant 5to2 Unstable",1,0.165203,0.272727,0.0995602,0
22,6,364.4998,11.0994,13,"Distant Prograde Orbit",1,0.100946,0,0.0707507,0
22,7,364.4998,11.9532,1,"Lyapunov L1",1,0.0661963,0,0.0538787,0
22,7,364.4998,11.9532,2,"Lyapunov L2",1,0.0277187,0,0.0214166,0
22,7,364.4998,11.9532,3,"Cycler 21",1,0.139006,0,0.117066,0
22,7,364.4998,11.9532,4,"Cycler 11a",1,0.148659,0.227273,0.133313,0
22,7,364.4998,11.9532,5,"Cycler 11b",1,0.135373,0.136364,0.115777,0
22,7,364.4998,11.9532,6,"Cycler 32",1,0.182497,0.515152,0.171407,0
22,7,364.4998,11.9532,7,"Resonant 2to1 Stable",0.916667,0.00357833,0,0.000998544,0
22,7,364.4998,11.9532,8,"Resonant 2to1 Unstable",1,0.114595,0.121212,0.0738722,0
22,7,364.4998,11.9532,9,"Resonant 3to1 Stable",0.916667,0.0057814,0,0.00223329,0
22,7,364.4998,11.9532,10,"Resonant 3to1 Unstable",1,0.00871775,0,0.00607714,0
22,7,364.4998,11.9532,11,"Resonant 5to2 Stable",1,0.00909435,0,0.00678398,0
22,7,364.4998,11.9532,12,"Resonant 5to2 Unstable",1,0.165963,0.272727,0.100925,0
22,7,364.4998,11.9532,13,"Distant Prograde Orbit",1,0.101696,0,0.0719965,0
22,8,364.4998,12.8070,1,"Lyapunov L1",1,0.0753228,0,0.0613495,0
22,8,364.4998,12.8070,2,"Lyapunov L2",1,0.0331949,0,0.0256748,0
22,8,364.4998,12.8070,3,"Cycler 21",1,0.142726,0,0.120753,0
22,8,364.4998,12.8070,4,"Cycler 11a",1,0.153452,0.227273,0.137279,0
22,8,364.4998,12.8070,5,"Cycler 11b",1,0.141628,0.136364,0.12252,0
22,8,364.4998,12.8070,6,"Cycler 32",1,0.18734,0.515152,0.175745,0
22,8,364.4998,12.8070,7,"Resonant 2to1 Stable",0.916667,0.00364779,0,0.00101116,0
22,8,364.4998,12.8070,8,"Resonant 2to1 Unstable",1,0.117196,0.121212,0.0770648,0
22,8,364.4998,12.8070,9,"Resonant 3to1 Stable",0.916667,0.00588717,0,0.00224104,0
22,8,364.4998,12.8070,10,"Resonant 3to1 Unstable",1,0.00992993,0,0.00639144,0
22,8,364.4998,12.8070,11,"Resonant 5to2 Stable",1,0.00915056,0,0.00714141,0
22,8,364.4998,12.8070,12,"Resonant 5to2 Unstable",1,0.169685,0.272727,0.102201,0
22,8,364.4998,12.8070,13,"Distant Prograde Orbit",1,0.105989,0,0.0782181,0
22,9,364.4998,13.6608,1,"Lyapunov L1",1,0.0817384,0,0.0685151,0
22,9,364.4998,13.6608,2,"Lyapunov L2",1,0.0401679,0,0.030948,0
22,9,364.4998,13.6608,3,"Cycler 21",1,0.152943,0,0.130177,0
22,9,364.4998,13.6608,4,"Cycler 11a",1,0.15749,0.227273,0.142242,0
22,9,364.4998,13.6608,5,"Cycler 11b",1,0.150046,0.121212,0.129719,0
22,9,364.4998,13.6608,6,"Cycler 32",1,0.197089,0.469697,0.185471,0
22,9,364.4998,13.6608,7,"Resonant 2to1 Stable",0.916667,0.00368061,0,0.00101801,0
22,9,364.4998,13.6608,8,"Resonant 2to1 Unstable",1,0.120255,0.121212,0.0803526,0
22,9,364.4998,13.6608,9,"Resonant 3to1 Stable",0.916667,0.00597391,0,0.00224833,0
22,9,364.4998,13.6608,10,"Resonant 3to1 Unstable",1,0.0114269,0,0.00711026,0
22,9,364.4998,13.6608,11,"Resonant 5to2 Stable",1,0.009199,0,0.00744603,0
22,9,364.4998,13.6608,12,"Resonant 5to2 Unstable",1,0.176689,0.272727,0.104084,0
22,9,364.4998,13.6608,13,"Distant Prograde Orbit",1,0.112048,0,0.084297,0
22,10,364.4998,14.5146,1,"Lyapunov L1",1,0.0859469,0,0.0751007,0
22,10,364.4998,14.5146,2,"Lyapunov L2",1,0.0439825,0,0.0343224,0
22,10,364.4998,14.5146,3,"Cycler 21",1,0.15781,0.0151515,0.135792,0
22,10,364.4998,14.5146,4,"Cycler 11a",1,0.160899,0.227273,0.146091,0
22,10,364.4998,14.5146,5,"Cycler 11b",1,0.153507,0.106061,0.133687,0
22,10,364.4998,14.5146,6,"Cycler 32",1,0.199628,0.469697,0.188795,0
22,10,364.4998,14.5146,7,"Resonant 2to1 Stable",0.916667,0.00372504,0,0.00126196,0
22,10,364.4998,14.5146,8,"Resonant 2to1 Unstable",1,0.122882,0.121212,0.0832422,0
22,10,364.4998,14.5146,9,"Resonant 3to1 Stable",0.916667,0.00601667,0,0.00226456,0
22,10,364.4998,14.5146,10,"Resonant 3to1 Unstable",1,0.0120635,0,0.00766685,0
22,10,364.4998,14.5146,11,"Resonant 5to2 Stable",1,0.0092287,0,0.00770594,0
22,10,364.4998,14.5146,12,"Resonant 5to2 Unstable",1,0.178574,0.272727,0.106187,0
22,10,364.4998,14.5146,13,"Distant Prograde Orbit",1,0.119714,0,0.0916065,0
22,11,364.4998,15.3684,1,"Lyapunov L1",1,0.088552,0,0.0795993,0
22,11,364.4998,15.3684,2,"Lyapunov L2",1,0.0470697,0,0.0373883,0
22,11,364.4998,15.3684,3,"Cycler 21",1,0.160453,0.0151515,0.13884,0
22,11,364.4998,15.3684,4,"Cycler 11a",1,0.164,0.227273,0.150421,0
22,11,364.4998,15.3684,5,"Cycler 11b",1,0.155622,0.106061,0.136372,0
22,11,364.4998,15.3684,6,"Cycler 32",1,0.199789,0.469697,0.189908,0
22,11,364.4998,15.3684,7,"Resonant 2to1 Stable",0.916667,0.00376021,0,0.00128062,0
22,11,364.4998,15.3684,8,"Resonant 2to1 Unstable",1,0.125623,0.121212,0.0864174,0
22,11,364.4998,15.3684,9,"Resonant 3to1 Stable",0.916667,0.00614899,0,0.00229259,0
22,11,364.4998,15.3684,10,"Resonant 3to1 Unstable",1,0.0124604,0,0.00813439,0
22,11,364.4998,15.3684,11,"Resonant 5to2 Stable",1,0.00926862,0,0.00793061,0
22,11,364.4998,15.3684,12,"Resonant 5to2 Unstable",1,0.178725,0.272727,0.108347,0
22,11,364.4998,15.3684,13,"Distant Prograde Orbit",1,0.127907,0,0.0996339,0
22,12,364.4998,16.2222,1,"Lyapunov L1",1,0.0939259,0,0.0900098,0
22,12,364.4998,16.2222,2,"Lyapunov L2",1,0.0502139,0,0.0395739,0
22,12,364.4998,16.2222,3,"Cycler 21",1,0.16139,0,0.140612,0
22,12,364.4998,16.2222,4,"Cycler 11a",1,0.165616,0.227273,0.152534,0
22,12,364.4998,16.2222,5,"Cycler 11b",1,0.156477,0.0909091,0.138629,0
22,12,364.4998,16.2222,6,"Cycler 32",1,0.200976,0.5,0.192931,0
22,12,364.4998,16.2222,7,"Resonant 2to1 Stable",0.916667,0.00377491,0,0.00128578,0
22,12,364.4998,16.2222,8,"Resonant 2to1 Unstable",1,0.12929,0.121212,0.0913552,0
22,12,364.4998,16.2222,9,"Resonant 3to1 Stable",0.916667,0.00637042,0,0.00233148,0
22,12,364.4998,16.2222,10,"Resonant 3to1 Unstable",1,0.0144311,0,0.00893369,0
22,12,364.4998,16.2222,11,"Resonant 5to2 Stable",1,0.00930161,0,0.00806439,0
22,12,364.4998,16.2222,12,"Resonant 5to2 Unstable",1,0.179742,0.136364,0.115826,0
22,12,364.4998,16.2222,13,"Distant Prograde Orbit",1,0.130044,0,0.103308,0
22,13,364.4998,17.0760,1,"Lyapunov L1",1,0.102455,0,0.0969011,0
22,13,364.4998,17.0760,2,"Lyapunov L2",1,0.0555822,0,0.043182,0
22,13,364.4998,17.0760,3,"Cycler 21",1,0.16246,0,0.14117,0
22,13,364.4998,17.0760,4,"Cycler 11a",1,0.169634,0.227273,0.156189,0
22,13,364.4998,17.0760,5,"Cycler 11b",1,0.158628,0.030303,0.141098,0
22,13,364.4998,17.0760,6,"Cycler 32",1,0.204421,0.484848,0.196472,0
22,13,364.4998,17.0760,7,"Resonant 2to1 Stable",1,0.00403701,0,0.00129004,0
22,13,364.4998,17.0760,8,"Resonant 2to1 Unstable",1,0.130884,0.121212,0.0944654,0
22,13,364.4998,17.0760,9,"Resonant 3to1 Stable",1,0.00670705,0,0.00233787,0
22,13,364.4998,17.0760,10,"Resonant 3to1 Unstable",1,0.0184351,0,0.0102006,0
22,13,364.4998,17.0760,11,"Resonant 5to2 Stable",1,0.0093207,0,0.0083032,0
22,13,364.4998,17.0760,12,"Resonant 5to2 Unstable",1,0.182654,0.287879,0.121169,0
22,13,364.4998,17.0760,13,"Distant Prograde Orbit",1,0.134872,0,0.108728,0
22,14,364.4998,17.9298,1,"Lyapunov L1",1,0.10606,0,0.101231,0
22,14,364.4998,17.9298,2,"Lyapunov L2",1,0.0620339,0,0.0494441,0
22,14,364.4998,17.9298,3,"Cycler 21",1,0.163621,0,0.141967,0
22,14,364.4998,17.9298,4,"Cycler 11a",1,0.170036,0.227273,0.15804,0
22,14,364.4998,17.9298,5,"Cycler 11b",1,0.161213,0.030303,0.144768,0
22,14,364.4998,17.9298,6,"Cycler 32",1,0.206359,0.484848,0.198947,0
22,14,364.4998,17.9298,7,"Resonant 2to1 Stable",1,0.00405892,0,0.00129318,0
22,14,364.4998,17.9298,8,"Resonant 2to1 Unstable",1,0.131122,0.121212,0.0965086,0
22,14,364.4998,17.9298,9,"Resonant 3to1 Stable",1,0.00678155,0,0.00235522,0
22,14,364.4998,17.9298,10,"Resonant 3to1 Unstable",1,0.0195805,0,0.0107981,0
22,14,364.4998,17.9298,11,"Resonant 5to2 Stable",1,0.00933375,0,0.00850767,0
22,14,364.4998,17.9298,12,"Resonant 5to2 Unstable",1,0.18427,0.287879,0.12519,0
22,14,364.4998,17.9298,13,"Distant Prograde Orbit",1,0.136762,0,0.111178,0
22,15,364.4998,18.7836,1,"Lyapunov L1",1,0.107188,0,0.102613,0
22,15,364.4998,18.7836,2,"Lyapunov L2",1,0.0638233,0,0.052527,0
22,15,364.4998,18.7836,3,"Cycler 21",1,0.163957,0,0.145491,0
22,15,364.4998,18.7836,4,"Cycler 11a",1,0.170198,0.227273,0.15832,0
22,15,364.4998,18.7836,5,"Cycler 11b",1,0.162144,0.0151515,0.145964,0
22,15,364.4998,18.7836,6,"Cycler 32",1,0.206907,0.484848,0.199691,0
22,15,364.4998,18.7836,7,"Resonant 2to1 Stable",1,0.00413468,0,0.00131589,0
22,15,364.4998,18.7836,8,"Resonant 2to1 Unstable",1,0.131255,0.121212,0.0971543,0
22,15,364.4998,18.7836,9,"Resonant 3to1 Stable",1,0.00692229,0,0.00261335,0
22,15,364.4998,18.7836,10,"Resonant 3to1 Unstable",1,0.0202038,0,0.0114394,0
22,15,364.4998,18.7836,11,"Resonant 5to2 Stable",1,0.00935628,0,0.00882695,0
22,15,364.4998,18.7836,12,"Resonant 5to2 Unstable",1,0.184742,0.287879,0.127703,0
22,15,364.4998,18.7836,13,"Distant Prograde Orbit",1,0.137375,0,0.111943,0
22,16,364.4998,19.6374,1,"Lyapunov L1",1,0.114393,0,0.11006,0
22,16,364.4998,19.6374,2,"Lyapunov L2",1,0.0704794,0,0.0584708,0
22,16,364.4998,19.6374,3,"Cycler 21",1,0.165656,0,0.147463,0
22,16,364.4998,19.6374,4,"Cycler 11a",1,0.177157,0.227273,0.165422,0
22,16,364.4998,19.6374,5,"Cycler 11b",1,0.162156,0,0.146165,0
22,16,364.4998,19.6374,6,"Cycler 32",1,0.207396,0.469697,0.200253,0
22,16,364.4998,19.6374,7,"Resonant 2to1 Stable",1,0.00420634,0,0.00157183,0
22,16,364.4998,19.6374,8,"Resonant 2to1 Unstable",1,0.132082,0.121212,0.0975214,0
22,16,364.4998,19.6374,9,"Resonant 3to1 Stable",1,0.00693149,0,0.0028795,0
22,16,364.4998,19.6374,10,"Resonant 3to1 Unstable",1,0.0202392,0,0.0118038,0
22,16,364.4998,19.6374,11,"Resonant 5to2 Stable",1,0.00944523,0,0.00894944,0
22,16,364.4998,19.6374,12,"Resonant 5to2 Unstable",1,0.185144,0.272727,0.12825,0
22,16,364.4998,19.6374,13,"Distant Prograde Orbit",1,0.13808,0,0.112667,0
22,17,364.4998,20.4912,1,"Lyapunov L1",1,0.115849,0,0.111519,0
22,17,364.4998,20.4912,2,"Lyapunov L2",1,0.0742846,0,0.0613084,0
22,17,364.4998,20.4912,3,"Cycler 21",1,0.166496,0,0.148358,0
22,17,364.4998,20.4912,4,"Cycler 11a",1,0.179193,0.227273,0.16752,0
22,17,364.4998,20.4912,5,"Cycler 11b",1,0.162167,0,0.146194,0
22,17,364.4998,20.4912,6,"Cycler 32",1,0.208142,0.469697,0.200998,0
22,17,364.4998,20.4912,7,"Resonant 2to1 Stable",1,0.00425624,0,0.00159174,0
22,17,364.4998,20.4912,8,"Resonant 2to1 Unstable",1,0.132504,0.121212,0.0976452,0
22,17,364.4998,20.4912,9,"Resonant 3to1 Stable",1,0.00693969,0,0.00290427,0
22,17,364.4998,20.4912,10,"Resonant 3to1 Unstable",1,0.0202802,0,0.0120439,0
22,17,364.4998,20.4912,11,"Resonant 5to2 Stable",1,0.009538,0,0.00909653,0
22,17,364.4998,20.4912,12,"Resonant 5to2 Unstable",1,0.185747,0.272727,0.12887,0
22,17,364.4998,20.4912,13,"Distant Prograde Orbit",1,0.138654,0,0.113808,0
22,18,364.4998,21.3450,1,"Lyapunov L1",1,0.116961,0,0.112342,0
22,18,364.4998,21.3450,2,"Lyapunov L2",1,0.0798688,0,0.0677171,0
22,18,364.4998,21.3450,3,"Cycler 21",1,0.174268,0,0.153087,0
22,18,364.4998,21.3450,4,"Cycler 11a",1,0.187316,0.242424,0.174547,0
22,18,364.4998,21.3450,5,"Cycler 11b",1,0.17109,0,0.151048,0
22,18,364.4998,21.3450,6,"Cycler 32",1,0.267796,0.5,0.26068,0
22,18,364.4998,21.3450,7,"Resonant 2to1 Stable",1,0.00435068,0,0.00162898,0
22,18,364.4998,21.3450,8,"Resonant 2to1 Unstable",1,0.136319,0.136364,0.0992571,0
22,18,364.4998,21.3450,9,"Resonant 3to1 Stable",1,0.00696498,0,0.00378136,0
22,18,364.4998,21.3450,10,"Resonant 3to1 Unstable",1,0.0205676,0,0.0121724,0
22,18,364.4998,21.3450,11,"Resonant 5to2 Stable",1,0.0101641,0,0.00930115,0
22,18,364.4998,21.3450,12,"Resonant 5to2 Unstable",1,0.250929,0.30303,0.182754,0
22,18,364.4998,21.3450,13,"Distant Prograde Orbit",1,0.150884,0,0.12174,0
22,19,364.4998,22.1988,1,"Lyapunov L1",1,0.118421,0,0.113813,0
22,19,364.4998,22.1988,2,"Lyapunov L2",1,0.0898241,0,0.0740454,0
22,19,364.4998,22.1988,3,"Cycler 21",1,0.180564,0,0.160823,0
22,19,364.4998,22.1988,4,"Cycler 11a",1,0.189044,0.242424,0.176446,0
22,19,364.4998,22.1988,5,"Cycler 11b",1,0.173568,0,0.154123,0
22,19,364.4998,22.1988,6,"Cycler 32",1,0.276029,0.5,0.269178,0
22,19,364.4998,22.1988,7,"Resonant 2to1 Stable",1,0.0043577,0,0.00162898,0
22,19,364.4998,22.1988,8,"Resonant 2to1 Unstable",1,0.137175,0.136364,0.104568,0
22,19,364.4998,22.1988,9,"Resonant 3to1 Stable",1,0.00716941,0,0.00441454,0
22,19,364.4998,22.1988,10,"Resonant 3to1 Unstable",1,0.020737,0,0.0122763,0
22,19,364.4998,22.1988,11,"Resonant 5to2 Stable",1,0.0107394,0,0.00956302,0
22,19,364.4998,22.1988,12,"Resonant 5to2 Unstable",1,0.257333,0.30303,0.183524,0
22,19,364.4998,22.1988,13,"Distant Prograde Orbit",1,0.154831,0,0.125735,0
22,20,364.4998,23.0527,1,"Lyapunov L1",1,0.119326,0,0.115191,0
22,20,364.4998,23.0527,2,"Lyapunov L2",1,0.092311,0,0.0770867,0
22,20,364.4998,23.0527,3,"Cycler 21",1,0.181575,0,0.162014,0
22,20,364.4998,23.0527,4,"Cycler 11a",1,0.189498,0.242424,0.177,0
22,20,364.4998,23.0527,5,"Cycler 11b",1,0.176181,0,0.156714,0
22,20,364.4998,23.0527,6,"Cycler 32",1,0.277668,0.530303,0.270952,0
22,20,364.4998,23.0527,7,"Resonant 2to1 Stable",1,0.00435998,0,0.0016324,0
22,20,364.4998,23.0527,8,"Resonant 2to1 Unstable",1,0.137511,0.136364,0.105542,0
22,20,364.4998,23.0527,9,"Resonant 3to1 Stable",1,0.00730427,0,0.00474911,0
22,20,364.4998,23.0527,10,"Resonant 3to1 Unstable",1,0.0207988,0,0.0123334,0
22,20,364.4998,23.0527,11,"Resonant 5to2 Stable",1,0.0116515,0,0.00984055,0
22,20,364.4998,23.0527,12,"Resonant 5to2 Unstable",1,0.25854,0.166667,0.185726,0
22,20,364.4998,23.0527,13,"Distant Prograde Orbit",1,0.157208,0,0.128071,0
22,21,364.4998,23.9065,1,"Lyapunov L1",1,0.119646,0,0.117825,0
22,21,364.4998,23.9065,2,"Lyapunov L2",1,0.0924901,0,0.0773272,0
22,21,364.4998,23.9065,3,"Cycler 21",1,0.182214,0,0.162722,0
22,21,364.4998,23.9065,4,"Cycler 11a",1,0.197163,0.242424,0.183287,0
22,21,364.4998,23.9065,5,"Cycler 11b",1,0.176832,0,0.157908,0
22,21,364.4998,23.9065,6,"Cycler 32",1,0.283833,0.5,0.279657,0
22,21,364.4998,23.9065,7,"Resonant 2to1 Stable",1,0.00436627,0,0.00163622,0
22,21,364.4998,23.9065,8,"Resonant 2to1 Unstable",1,0.140827,0.136364,0.10998,0
22,21,364.4998,23.9065,9,"Resonant 3to1 Stable",1,0.00731202,0,0.00494351,0
22,21,364.4998,23.9065,10,"Resonant 3to1 Unstable",1,0.0209052,0,0.012345,0
22,21,364.4998,23.9065,11,"Resonant 5to2 Stable",1,0.0121126,0,0.00999399,0
22,21,364.4998,23.9065,12,"Resonant 5to2 Unstable",1,0.263439,0.166667,0.191082,0
22,21,364.4998,23.9065,13,"Distant Prograde Orbit",1,0.15842,0,0.129408,0
22,22,364.4998,24.7603,1,"Lyapunov L1",1,0.121008,0,0.119181,0
22,22,364.4998,24.7603,2,"Lyapunov L2",1,0.0934,0,0.0786505,0
22,22,364.4998,24.7603,3,"Cycler 21",1,0.182234,0,0.163236,0
22,22,364.4998,24.7603,4,"Cycler 11a",1,0.197184,0.242424,0.183336,0
22,22,364.4998,24.7603,5,"Cycler 11b",1,0.176852,0,0.158468,0
22,22,364.4998,24.7603,6,"Cycler 32",1,0.284276,0.5,0.280181,0
22,22,364.4998,24.7603,7,"Resonant 2to1 Stable",1,0.00436668,0,0.00163622,0
22,22,364.4998,24.7603,8,"Resonant 2to1 Unstable",1,0.14085,0.136364,0.110237,0
22,22,364.4998,24.7603,9,"Resonant 3to1 Stable",1,0.00731327,0,0.00534681,0
22,22,364.4998,24.7603,10,"Resonant 3to1 Unstable",1,0.0209371,0,0.0123723,0
22,22,364.4998,24.7603,11,"Resonant 5to2 Stable",1,0.0122999,0,0.0103226,0
22,22,364.4998,24.7603,12,"Resonant 5to2 Unstable",1,0.264239,0.166667,0.193101,0
22,22,364.4998,24.7603,13,"Distant Prograde Orbit",1,0.159219,0,0.130329,0
22,23,364.4998,25.6141,1,"Lyapunov L1",1,0.124571,0,0.122756,0
22,23,364.4998,25.6141,2,"Lyapunov L2",1,0.0946329,0,0.0798757,0
22,23,364.4998,25.6141,3,"Cycler 21",1,0.183132,0,0.164458,0
22,23,364.4998,25.6141,4,"Cycler 11a",1,0.197321,0.257576,0.18351,0
22,23,364.4998,25.6141,5,"Cycler 11b",1,0.176975,0,0.158764,0
22,23,364.4998,25.6141,6,"Cycler 32",1,0.285529,0.5,0.281389,0
22,23,364.4998,25.6141,7,"Resonant 2to1 Stable",1,0.00441422,0,0.00165073,0
22,23,364.4998,25.6141,8,"Resonant 2to1 Unstable",1,0.141257,0,0.110968,0
22,23,364.4998,25.6141,9,"Resonant 3to1 Stable",1,0.00731819,0,0.00539896,0
22,23,364.4998,25.6141,10,"Resonant 3to1 Unstable",1,0.0210032,0,0.0123795,0
22,23,364.4998,25.6141,11,"Resonant 5to2 Stable",1,0.0133598,0,0.0109711,0
22,23,364.4998,25.6141,12,"Resonant 5to2 Unstable",1,0.264787,0.166667,0.194973,0
22,23,364.4998,25.6141,13,"Distant Prograde Orbit",1,0.159703,0,0.131105,0
22,24,364.4998,26.4679,1,"Lyapunov L1",1,0.125057,0,0.123231,0
22,24,364.4998,26.4679,2,"Lyapunov L2",1,0.0950682,0,0.080321,0
22,24,364.4998,26.4679,3,"Cycler 21",1,0.183348,0,0.164535,0
22,24,364.4998,26.4679,4,"Cycler 11a",1,0.197558,0.242424,0.183686,0
22,24,364.4998,26.4679,5,"Cycler 11b",1,0.177187,0,0.15895,0
22,24,364.4998,26.4679,6,"Cycler 32",1,0.285742,0.454545,0.281569,0
22,24,364.4998,26.4679,7,"Resonant 2to1 Stable",1,0.00457042,0,0.00169022,0
22,24,364.4998,26.4679,8,"Resonant 2to1 Unstable",1,0.141588,0.136364,0.111447,0
22,24,364.4998,26.4679,9,"Resonant 3to1 Stable",1,0.00732441,0,0.00543595,0
22,24,364.4998,26.4679,10,"Resonant 3to1 Unstable",1,0.0210943,0,0.012409,0
22,24,364.4998,26.4679,11,"Resonant 5to2 Stable",1,0.0153373,0,0.0122488,0
22,24,364.4998,26.4679,12,"Resonant 5to2 Unstable",1,0.265014,0.30303,0.195557,0
22,24,364.4998,26.4679,13,"Distant Prograde Orbit",1,0.159915,0,0.131126,0
22,25,364.4998,27.3217,1,"Lyapunov L1",1,0.126516,0,0.124797,0
22,25,364.4998,27.3217,2,"Lyapunov L2",1,0.0953666,0,0.0806171,0
22,25,364.4998,27.3217,3,"Cycler 21",1,0.184552,0,0.165747,0
22,25,364.4998,27.3217,4,"Cycler 11a",1,0.197614,0.242424,0.183815,0
22,25,364.4998,27.3217,5,"Cycler 11b",1,0.177236,0,0.15909,0
22,25,364.4998,27.3217,6,"Cycler 32",1,0.289075,0.454545,0.284971,0
22,25,364.4998,27.3217,7,"Resonant 2to1 Stable",1,0.00457103,0,0.00169123,0
22,25,364.4998,27.3217,8,"Resonant 2to1 Unstable",1,0.141649,0.136364,0.115828,0
22,25,364.4998,27.3217,9,"Resonant 3to1 Stable",1,0.00732616,0,0.00551992,0
22,25,364.4998,27.3217,10,"Resonant 3to1 Unstable",1,0.0211305,0,0.0124651,0
22,25,364.4998,27.3217,11,"Resonant 5to2 Stable",1,0.0158095,0,0.0129557,0
22,25,364.4998,27.3217,12,"Resonant 5to2 Unstable",1,0.267277,0.30303,0.198406,0
22,25,364.4998,27.3217,13,"Distant Prograde Orbit",1,0.165484,0,0.135956,0
23,1,379.4208,6.8304,1,"Lyapunov L1",1,0.0442337,0,0.0326932,0
23,1,379.4208,6.8304,2,"Lyapunov L2",1,0.0116784,0,0.0080233,0
23,1,379.4208,6.8304,3,"Cycler 21",1,0.119884,0.0606061,0.10142,0
23,1,379.4208,6.8304,4,"Cycler 11a",1,0.124411,0.227273,0.11541,0
23,1,379.4208,6.8304,5,"Cycler 11b",1,0.104347,0.136364,0.0906809,0
23,1,379.4208,6.8304,6,"Cycler 32",1,0.0878977,0.5,0.075464,0
23,1,379.4208,6.8304,7,"Resonant 2to1 Stable",0.833333,0.00265863,0,0.000801769,0
23,1,379.4208,6.8304,8,"Resonant 2to1 Unstable",1,0.099927,0.121212,0.0615188,0
23,1,379.4208,6.8304,9,"Resonant 3to1 Stable",0.916667,0.00471142,0,0.00203528,0
23,1,379.4208,6.8304,10,"Resonant 3to1 Unstable",0.916667,0.00625675,0,0.00460987,0
23,1,379.4208,6.8304,11,"Resonant 5to2 Stable",1,0.00863125,0,0.0043237,0
23,1,379.4208,6.8304,12,"Resonant 5to2 Unstable",1,0.0508087,0.136364,0.0241252,0
23,1,379.4208,6.8304,13,"Distant Prograde Orbit",1,0.0634452,0,0.0462702,0
23,2,379.4208,7.6842,1,"Lyapunov L1",1,0.0492779,0,0.0369117,0
23,2,379.4208,7.6842,2,"Lyapunov L2",1,0.0143158,0,0.010481,0
23,2,379.4208,7.6842,3,"Cycler 21",1,0.124359,0.0151515,0.106059,0
23,2,379.4208,7.6842,4,"Cycler 11a",1,0.130716,0.227273,0.12089,0
23,2,379.4208,7.6842,5,"Cycler 11b",1,0.112418,0.106061,0.0985783,0
23,2,379.4208,7.6842,6,"Cycler 32",1,0.0979397,0.5,0.084745,0
23,2,379.4208,7.6842,7,"Resonant 2to1 Stable",0.833333,0.00287363,0,0.000867481,0
23,2,379.4208,7.6842,8,"Resonant 2to1 Unstable",1,0.103629,0.121212,0.0640256,0
23,2,379.4208,7.6842,9,"Resonant 3to1 Stable",0.916667,0.00491305,0,0.00208127,0
23,2,379.4208,7.6842,10,"Resonant 3to1 Unstable",0.916667,0.00648581,0,0.00518054,0
23,2,379.4208,7.6842,11,"Resonant 5to2 Stable",1,0.00875946,0,0.00442124,0
23,2,379.4208,7.6842,12,"Resonant 5to2 Unstable",1,0.0579925,0.136364,0.0277947,0
23,2,379.4208,7.6842,13,"Distant Prograde Orbit",1,0.0717357,0,0.0527847,0
23,3,379.4208,8.5380,1,"Lyapunov L1",1,0.0599771,0,0.0436581,0
23,3,379.4208,8.5380,2,"Lyapunov L2",1,0.0174045,0,0.0130982,0
23,3,379.4208,8.5380,3,"Cycler 21",1,0.129862,0,0.111252,0
23,3,379.4208,8.5380,4,"Cycler 11a",1,0.136332,0.257576,0.125163,0
23,3,379.4208,8.5380,5,"Cycler 11b",1,0.122069,0.166667,0.107512,0
23,3,379.4208,8.5380,6,"Cycler 32",1,0.107216,0.5,0.093101,0
23,3,379.4208,8.5380,7,"Resonant 2to1 Stable",0.833333,0.00305387,0,0.000920064,0
23,3,379.4208,8.5380,8,"Resonant 2to1 Unstable",1,0.106724,0.121212,0.066952,0
23,3,379.4208,8.5380,9,"Resonant 3to1 Stable",0.916667,0.00515045,0,0.00212323,0
23,3,379.4208,8.5380,10,"Resonant 3to1 Unstable",0.916667,0.00689984,0,0.00549182,0
23,3,379.4208,8.5380,11,"Resonant 5to2 Stable",1,0.00887263,0,0.00481833,0
23,3,379.4208,8.5380,12,"Resonant 5to2 Unstable",1,0.062755,0.136364,0.029861,0
23,3,379.4208,8.5380,13,"Distant Prograde Orbit",1,0.0793004,0,0.0585313,0
23,4,379.4208,9.3918,1,"Lyapunov L1",1,0.0631119,0,0.0470634,0
23,4,379.4208,9.3918,2,"Lyapunov L2",1,0.0199696,0,0.0153588,0
23,4,379.4208,9.3918,3,"Cycler 21",1,0.133133,0,0.115339,0
23,4,379.4208,9.3918,4,"Cycler 11a",1,0.140476,0.227273,0.129271,0
23,4,379.4208,9.3918,5,"Cycler 11b",1,0.12816,0.136364,0.112734,0
23,4,379.4208,9.3918,6,"Cycler 32",1,0.114775,0.515152,0.101041,0
23,4,379.4208,9.3918,7,"Resonant 2to1 Stable",0.916667,0.00337863,0,0.000949668,0
23,4,379.4208,9.3918,8,"Resonant 2to1 Unstable",1,0.109097,0.121212,0.070422,0
23,4,379.4208,9.3918,9,"Resonant 3to1 Stable",0.916667,0.00535151,0,0.00216616,0
23,4,379.4208,9.3918,10,"Resonant 3to1 Unstable",1,0.00737602,0,0.00572972,0
23,4,379.4208,9.3918,11,"Resonant 5to2 Stable",1,0.00894596,0,0.00530139,0
23,4,379.4208,9.3918,12,"Resonant 5to2 Unstable",1,0.0713015,0.272727,0.0338463,0
23,4,379.4208,9.3918,13,"Distant Prograde Orbit",1,0.0878921,0.0757576,0.0667322,0
23,5,379.4208,10.2456,1,"Lyapunov L1",1,0.0647321,0,0.0485662,0
23,5,379.4208,10.2456,2,"Lyapunov L2",1,0.0229181,0,0.0178634,0
23,5,379.4208,10.2456,3,"Cycler 21",1,0.135408,0,0.116106,0
23,5,379.4208,10.2456,4,"Cycler 11a",1,0.144319,0.227273,0.131057,0
23,5,379.4208,10.2456,5,"Cycler 11b",1,0.131885,0.136364,0.114791,0
23,5,379.4208,10.2456,6,"Cycler 32",1,0.126486,0.515152,0.113295,0
23,5,379.4208,10.2456,7,"Resonant 2to1 Stable",0.916667,0.00345582,0,0.000967504,0
23,5,379.4208,10.2456,8,"Resonant 2to1 Unstable",1,0.111778,0.121212,0.0716876,0
23,5,379.4208,10.2456,9,"Resonant 3to1 Stable",0.916667,0.00551789,0,0.00218771,0
23,5,379.4208,10.2456,10,"Resonant 3to1 Unstable",1,0.00758718,0,0.00585543,0
23,5,379.4208,10.2456,11,"Resonant 5to2 Stable",1,0.009014,0,0.00572501,0
23,5,379.4208,10.2456,12,"Resonant 5to2 Unstable",1,0.0913252,0.272727,0.0440257,0
23,5,379.4208,10.2456,13,"Distant Prograde Orbit",1,0.0933289,0,0.0691464,0
23,6,379.4208,11.0994,1,"Lyapunov L1",1,0.0657568,0,0.0506941,0
23,6,379.4208,11.0994,2,"Lyapunov L2",1,0.0235616,0,0.0185055,0
23,6,379.4208,11.0994,3,"Cycler 21",1,0.138469,0,0.116189,0
23,6,379.4208,11.0994,4,"Cycler 11a",1,0.148022,0.227273,0.13208,0
23,6,379.4208,11.0994,5,"Cycler 11b",1,0.134889,0.136364,0.115002,0
23,6,379.4208,11.0994,6,"Cycler 32",1,0.181689,0.515152,0.168932,0
23,6,379.4208,11.0994,7,"Resonant 2to1 Stable",0.916667,0.00352397,0,0.000985429,0
23,6,379.4208,11.0994,8,"Resonant 2to1 Unstable",1,0.113949,0.121212,0.0725558,0
23,6,379.4208,11.0994,9,"Resonant 3to1 Stable",0.916667,0.00567961,0,0.00221462,0
23,6,379.4208,11.0994,10,"Resonant 3to1 Unstable",1,0.00777088,0,0.00592264,0
23,6,379.4208,11.0994,11,"Resonant 5to2 Stable",1,0.00905107,0,0.00637532,0
23,6,379.4208,11.0994,12,"Resonant 5to2 Unstable",1,0.165203,0.272727,0.0995602,0
23,6,379.4208,11.0994,13,"Distant Prograde Orbit",1,0.100946,0,0.0707507,0
23,7,379.4208,11.9532,1,"Lyapunov L1",1,0.0661963,0,0.0538787,0
23,7,379.4208,11.9532,2,"Lyapunov L2",1,0.0277187,0,0.0214166,0
23,7,379.4208,11.9532,3,"Cycler 21",1,0.139006,0,0.117066,0
23,7,379.4208,11.9532,4,"Cycler 11a",1,0.148659,0.227273,0.133313,0
23,7,379.4208,11.9532,5,"Cycler 11b",1,0.135373,0.136364,0.115777,0
23,7,379.4208,11.9532,6,"Cycler 32",1,0.182497,0.515152,0.171407,0
23,7,379.4208,11.9532,7,"Resonant 2to1 Stable",0.916667,0.00357833,0,0.000998544,0
23,7,379.4208,11.9532,8,"Resonant 2to1 Unstable",1,0.114595,0.121212,0.0738722,0
23,7,379.4208,11.9532,9,"Resonant 3to1 Stable",0.916667,0.0057814,0,0.00223329,0
23,7,379.4208,11.9532,10,"Resonant 3to1 Unstable",1,0.00871775,0,0.00607714,0
23,7,379.4208,11.9532,11,"Resonant 5to2 Stable",1,0.00909435,0,0.00678398,0
23,7,379.4208,11.9532,12,"Resonant 5to2 Unstable",1,0.165963,0.272727,0.100925,0
23,7,379.4208,11.9532,13,"Distant Prograde Orbit",1,0.101696,0,0.0719965,0
23,8,379.4208,12.8070,1,"Lyapunov L1",1,0.0753228,0,0.0613495,0
23,8,379.4208,12.8070,2,"Lyapunov L2",1,0.0331949,0,0.0256748,0
23,8,379.4208,12.8070,3,"Cycler 21",1,0.142726,0,0.120753,0
23,8,379.4208,12.8070,4,"Cycler 11a",1,0.153452,0.227273,0.137279,0
23,8,379.4208,12.8070,5,"Cycler 11b",1,0.141628,0.136364,0.12252,0
23,8,379.4208,12.8070,6,"Cycler 32",1,0.18734,0.515152,0.175745,0
23,8,379.4208,12.8070,7,"Resonant 2to1 Stable",0.916667,0.00364779,0,0.00101116,0
23,8,379.4208,12.8070,8,"Resonant 2to1 Unstable",1,0.117196,0.121212,0.0770648,0
23,8,379.4208,12.8070,9,"Resonant 3to1 Stable",0.916667,0.00588717,0,0.00224104,0
23,8,379.4208,12.8070,10,"Resonant 3to1 Unstable",1,0.00992993,0,0.00639144,0
23,8,379.4208,12.8070,11,"Resonant 5to2 Stable",1,0.00915056,0,0.00714141,0
23,8,379.4208,12.8070,12,"Resonant 5to2 Unstable",1,0.169685,0.272727,0.102201,0
23,8,379.4208,12.8070,13,"Distant Prograde Orbit",1,0.105989,0,0.0782181,0
23,9,379.4208,13.6608,1,"Lyapunov L1",1,0.0817384,0,0.0685151,0
23,9,379.4208,13.6608,2,"Lyapunov L2",1,0.0401679,0,0.0309498,0
23,9,379.4208,13.6608,3,"Cycler 21",1,0.152943,0,0.130398,0
23,9,379.4208,13.6608,4,"Cycler 11a",1,0.15749,0.227273,0.142242,0
23,9,379.4208,13.6608,5,"Cycler 11b",1,0.150046,0.121212,0.129719,0
23,9,379.4208,13.6608,6,"Cycler 32",1,0.197089,0.484848,0.185471,0
23,9,379.4208,13.6608,7,"Resonant 2to1 Stable",1,0.0039003,0,0.001239,0
23,9,379.4208,13.6608,8,"Resonant 2to1 Unstable",1,0.120255,0.121212,0.0803526,0
23,9,379.4208,13.6608,9,"Resonant 3to1 Stable",1,0.0061936,0,0.00224833,0
23,9,379.4208,13.6608,10,"Resonant 3to1 Unstable",1,0.0114269,0,0.00711205,0
23,9,379.4208,13.6608,11,"Resonant 5to2 Stable",1,0.009199,0,0.00744603,0
23,9,379.4208,13.6608,12,"Resonant 5to2 Unstable",1,0.176689,0.287879,0.104084,0
23,9,379.4208,13.6608,13,"Distant Prograde Orbit",1,0.112048,0,0.084297,0
23,10,379.4208,14.5146,1,"Lyapunov L1",1,0.0859469,0,0.0751007,0
23,10,379.4208,14.5146,2,"Lyapunov L2",1,0.0439825,0,0.0343276,0
23,10,379.4208,14.5146,3,"Cycler 21",1,0.15781,0.0151515,0.135792,0
23,10,379.4208,14.5146,4,"Cycler 11a",1,0.160899,0.227273,0.146091,0
23,10,379.4208,14.5146,5,"Cycler 11b",1,0.153507,0.106061,0.133687,0
23,10,379.4208,14.5146,6,"Cycler 32",1,0.199628,0.484848,0.188795,0
23,10,379.4208,14.5146,7,"Resonant 2to1 Stable",1,0.0039467,0,0.00126196,0
23,10,379.4208,14.5146,8,"Resonant 2to1 Unstable",1,0.122882,0.121212,0.0832422,0
23,10,379.4208,14.5146,9,"Resonant 3to1 Stable",1,0.00623833,0,0.00226456,0
23,10,379.4208,14.5146,10,"Resonant 3to1 Unstable",1,0.0120635,0,0.00767213,0
23,10,379.4208,14.5146,11,"Resonant 5to2 Stable",1,0.0092287,0,0.00770594,0
23,10,379.4208,14.5146,12,"Resonant 5to2 Unstable",1,0.178574,0.287879,0.106187,0
23,10,379.4208,14.5146,13,"Distant Prograde Orbit",1,0.119714,0,0.0916065,0
23,11,379.4208,15.3684,1,"Lyapunov L1",1,0.088552,0,0.0795993,0
23,11,379.4208,15.3684,2,"Lyapunov L2",1,0.0470697,0,0.0373883,0
23,11,379.4208,15.3684,3,"Cycler 21",1,0.160453,0.0151515,0.138841,0
23,11,379.4208,15.3684,4,"Cycler 11a",1,0.164,0.227273,0.150421,0
23,11,379.4208,15.3684,5,"Cycler 11b",1,0.155622,0.106061,0.136372,0
23,11,379.4208,15.3684,6,"Cycler 32",1,0.199789,0.484848,0.189908,0
23,11,379.4208,15.3684,7,"Resonant 2to1 Stable",1,0.00398508,0,0.00128195,0
23,11,379.4208,15.3684,8,"Resonant 2to1 Unstable",1,0.125623,0.121212,0.0864174,0
23,11,379.4208,15.3684,9,"Resonant 3to1 Stable",1,0.00637386,0,0.00229259,0
23,11,379.4208,15.3684,10,"Resonant 3to1 Unstable",1,0.0124604,0,0.00813439,0
23,11,379.4208,15.3684,11,"Resonant 5to2 Stable",1,0.00926862,0,0.00793061,0
23,11,379.4208,15.3684,12,"Resonant 5to2 Unstable",1,0.178725,0.287879,0.108347,0
23,11,379.4208,15.3684,13,"Distant Prograde Orbit",1,0.127907,0,0.0996339,0
23,12,379.4208,16.2222,1,"Lyapunov L1",1,0.0939259,0,0.0900098,0
23,12,379.4208,16.2222,2,"Lyapunov L2",1,0.0502139,0,0.0395739,0
23,12,379.4208,16.2222,3,"Cycler 21",1,0.16139,0,0.140614,0
23,12,379.4208,16.2222,4,"Cycler 11a",1,0.165616,0.227273,0.152534,0
23,12,379.4208,16.2222,5,"Cycler 11b",1,0.156477,0.0909091,0.138629,0
23,12,379.4208,16.2222,6,"Cycler 32",1,0.200976,0.515152,0.192931,0
23,12,379.4208,16.2222,7,"Resonant 2to1 Stable",1,0.00400279,0,0.00128748,0
23,12,379.4208,16.2222,8,"Resonant 2to1 Unstable",1,0.12929,0.121212,0.0913552,0
23,12,379.4208,16.2222,9,"Resonant 3to1 Stable",1,0.00659831,0,0.00233148,0
23,12,379.4208,16.2222,10,"Resonant 3to1 Unstable",1,0.0144311,0,0.00893369,0
23,12,379.4208,16.2222,11,"Resonant 5to2 Stable",1,0.00930161,0,0.00806439,0
23,12,379.4208,16.2222,12,"Resonant 5to2 Unstable",1,0.179742,0.151515,0.115826,0
23,12,379.4208,16.2222,13,"Distant Prograde Orbit",1,0.130044,0,0.103308,0
23,13,379.4208,17.0760,1,"Lyapunov L1",1,0.102455,0,0.0969011,0
23,13,379.4208,17.0760,2,"Lyapunov L2",1,0.0555822,0,0.043182,0
23,13,379.4208,17.0760,3,"Cycler 21",1,0.16246,0,0.141171,0
23,13,379.4208,17.0760,4,"Cycler 11a",1,0.169634,0.227273,0.156189,0
23,13,379.4208,17.0760,5,"Cycler 11b",1,0.158628,0.030303,0.141098,0
23,13,379.4208,17.0760,6,"Cycler 32",1,0.204421,0.484848,0.196472,0
23,13,379.4208,17.0760,7,"Resonant 2to1 Stable",1,0.00403701,0,0.00129155,0
23,13,379.4208,17.0760,8,"Resonant 2to1 Unstable",1,0.130884,0.121212,0.0944654,0
23,13,379.4208,17.0760,9,"Resonant 3to1 Stable",1,0.00670705,0,0.00255894,0
23,13,379.4208,17.0760,10,"Resonant 3to1 Unstable",1,0.0184351,0,0.0104216,0
23,13,379.4208,17.0760,11,"Resonant 5to2 Stable",1,0.0093207,0,0.0083032,0
23,13,379.4208,17.0760,12,"Resonant 5to2 Unstable",1,0.182654,0.287879,0.121169,0
23,13,379.4208,17.0760,13,"Distant Prograde Orbit",1,0.134872,0,0.108728,0
23,14,379.4208,17.9298,1,"Lyapunov L1",1,0.10606,0,0.101231,0
23,14,379.4208,17.9298,2,"Lyapunov L2",1,0.0620339,0,0.0494441,0
23,14,379.4208,17.9298,3,"Cycler 21",1,0.163621,0,0.141967,0
23,14,379.4208,17.9298,4,"Cycler 11a",1,0.170036,0.227273,0.15804,0
23,14,379.4208,17.9298,5,"Cycler 11b",1,0.161213,0.030303,0.144768,0
23,14,379.4208,17.9298,6,"Cycler 32",1,0.206359,0.484848,0.198947,0
23,14,379.4208,17.9298,7,"Resonant 2to1 Stable",1,0.00405892,0,0.00129364,0
23,14,379.4208,17.9298,8,"Resonant 2to1 Unstable",1,0.131122,0.121212,0.0965086,0
23,14,379.4208,17.9298,9,"Resonant 3to1 Stable",1,0.00678155,0,0.0025881,0
23,14,379.4208,17.9298,10,"Resonant 3to1 Unstable",1,0.0195805,0,0.011031,0
23,14,379.4208,17.9298,11,"Resonant 5to2 Stable",1,0.00933375,0,0.00850767,0
23,14,379.4208,17.9298,12,"Resonant 5to2 Unstable",1,0.18427,0.287879,0.12519,0
23,14,379.4208,17.9298,13,"Distant Prograde Orbit",1,0.136762,0,0.111178,0
23,15,379.4208,18.7836,1,"Lyapunov L1",1,0.107188,0,0.102613,0
23,15,379.4208,18.7836,2,"Lyapunov L2",1,0.0638233,0,0.052527,0
23,15,379.4208,18.7836,3,"Cycler 21",1,0.163957,0,0.145491,0
23,15,379.4208,18.7836,4,"Cycler 11a",1,0.170198,0.227273,0.15832,0
23,15,379.4208,18.7836,5,"Cycler 11b",1,0.162144,0.0151515,0.145964,0
23,15,379.4208,18.7836,6,"Cycler 32",1,0.206907,0.484848,0.199691,0
23,15,379.4208,18.7836,7,"Resonant 2to1 Stable",1,0.00413468,0,0.00131635,0
23,15,379.4208,18.7836,8,"Resonant 2to1 Unstable",1,0.131255,0.121212,0.0971543,0
23,15,379.4208,18.7836,9,"Resonant 3to1 Stable",1,0.00692229,0,0.00261335,0
23,15,379.4208,18.7836,10,"Resonant 3to1 Unstable",1,0.0202038,0,0.0114394,0
23,15,379.4208,18.7836,11,"Resonant 5to2 Stable",1,0.00935628,0,0.00882695,0
23,15,379.4208,18.7836,12,"Resonant 5to2 Unstable",1,0.184742,0.287879,0.127703,0
23,15,379.4208,18.7836,13,"Distant Prograde Orbit",1,0.137375,0,0.111943,0
23,16,379.4208,19.6374,1,"Lyapunov L1",1,0.114393,0,0.11006,0
23,16,379.4208,19.6374,2,"Lyapunov L2",1,0.0704794,0,0.0584708,0
23,16,379.4208,19.6374,3,"Cycler 21",1,0.165656,0,0.147464,0
23,16,379.4208,19.6374,4,"Cycler 11a",1,0.177157,0.227273,0.165422,0
23,16,379.4208,19.6374,5,"Cycler 11b",1,0.162156,0,0.146165,0
23,16,379.4208,19.6374,6,"Cycler 32",1,0.207396,0.469697,0.200253,0
23,16,379.4208,19.6374,7,"Resonant 2to1 Stable",1,0.00420634,0,0.00157232,0
23,16,379.4208,19.6374,8,"Resonant 2to1 Unstable",1,0.132082,0.121212,0.0975214,0
23,16,379.4208,19.6374,9,"Resonant 3to1 Stable",1,0.00693149,0,0.00288038,0
23,16,379.4208,19.6374,10,"Resonant 3to1 Unstable",1,0.0202392,0,0.0118047,0
23,16,379.4208,19.6374,11,"Resonant 5to2 Stable",1,0.00944523,0,0.00894944,0
23,16,379.4208,19.6374,12,"Resonant 5to2 Unstable",1,0.185144,0.272727,0.12825,0
23,16,379.4208,19.6374,13,"Distant Prograde Orbit",1,0.13808,0,0.112667,0
23,17,379.4208,20.4912,1,"Lyapunov L1",1,0.115849,0,0.111519,0
23,17,379.4208,20.4912,2,"Lyapunov L2",1,0.0742846,0,0.0613084,0
23,17,379.4208,20.4912,3,"Cycler 21",1,0.166496,0,0.148359,0
23,17,379.4208,20.4912,4,"Cycler 11a",1,0.179193,0.227273,0.16752,0
23,17,379.4208,20.4912,5,"Cycler 11b",1,0.162167,0,0.146194,0
23,17,379.4208,20.4912,6,"Cycler 32",1,0.208142,0.469697,0.200998,0
23,17,379.4208,20.4912,7,"Resonant 2to1 Stable",1,0.00425624,0,0.00159231,0
23,17,379.4208,20.4912,8,"Resonant 2to1 Unstable",1,0.132504,0.121212,0.0976452,0
23,17,379.4208,20.4912,9,"Resonant 3to1 Stable",1,0.00693969,0,0.00290514,0
23,17,379.4208,20.4912,10,"Resonant 3to1 Unstable",1,0.0202802,0,0.0120447,0
23,17,379.4208,20.4912,11,"Resonant 5to2 Stable",1,0.009538,0,0.00909653,0
23,17,379.4208,20.4912,12,"Resonant 5to2 Unstable",1,0.185747,0.272727,0.12887,0
23,17,379.4208,20.4912,13,"Distant Prograde Orbit",1,0.138654,0,0.113808,0
23,18,379.4208,21.3450,1,"Lyapunov L1",1,0.116961,0,0.112342,0
23,18,379.4208,21.3450,2,"Lyapunov L2",1,0.0798688,0,0.0677171,0
23,18,379.4208,21.3450,3,"Cycler 21",1,0.174268,0,0.153114,0
23,18,379.4208,21.3450,4,"Cycler 11a",1,0.187316,0.242424,0.174547,0
23,18,379.4208,21.3450,5,"Cycler 11b",1,0.17109,0,0.151062,0
23,18,379.4208,21.3450,6,"Cycler 32",1,0.267796,0.5,0.26068,0
23,18,379.4208,21.3450,7,"Resonant 2to1 Stable",1,0.00435068,0,0.00162955,0
23,18,379.4208,21.3450,8,"Resonant 2to1 Unstable",1,0.136319,0.136364,0.0992571,0
23,18,379.4208,21.3450,9,"Resonant 3to1 Stable",1,0.00696498,0,0.00405402,0
23,18,379.4208,21.3450,10,"Resonant 3to1 Unstable",1,0.0205676,0,0.0121733,0
23,18,379.4208,21.3450,11,"Resonant 5to2 Stable",1,0.0101641,0,0.00930115,0
23,18,379.4208,21.3450,12,"Resonant 5to2 Unstable",1,0.250929,0.30303,0.182754,0
23,18,379.4208,21.3450,13,"Distant Prograde Orbit",1,0.150884,0,0.121971,0
23,19,379.4208,22.1988,1,"Lyapunov L1",1,0.118421,0,0.113813,0
23,19,379.4208,22.1988,2,"Lyapunov L2",1,0.0898241,0,0.0740454,0
23,19,379.4208,22.1988,3,"Cycler 21",1,0.180564,0,0.160823,0
23,19,379.4208,22.1988,4,"Cycler 11a",1,0.189044,0.242424,0.176446,0
23,19,379.4208,22.1988,5,"Cycler 11b",1,0.173568,0,0.154123,0
23,19,379.4208,22.1988,6,"Cycler 32",1,0.276029,0.5,0.269178,0
23,19,379.4208,22.1988,7,"Resonant 2to1 Stable",1,0.0043577,0,0.00162955,0
23,19,379.4208,22.1988,8,"Resonant 2to1 Unstable",1,0.137175,0.136364,0.104568,0
23,19,379.4208,22.1988,9,"Resonant 3to1 Stable",1,0.00716941,0,0.00445373,0
23,19,379.4208,22.1988,10,"Resonant 3to1 Unstable",1,0.020737,0,0.0122815,0
23,19,379.4208,22.1988,11,"Resonant 5to2 Stable",1,0.0107394,0,0.00956302,0
23,19,379.4208,22.1988,12,"Resonant 5to2 Unstable",1,0.257333,0.30303,0.183524,0
23,19,379.4208,22.1988,13,"Distant Prograde Orbit",1,0.154831,0,0.125768,0
23,20,379.4208,23.0527,1,"Lyapunov L1",1,0.119326,0,0.115191,0
23,20,379.4208,23.0527,2,"Lyapunov L2",1,0.092311,0,0.0770867,0
23,20,379.4208,23.0527,3,"Cycler 21",1,0.181575,0,0.162014,0
23,20,379.4208,23.0527,4,"Cycler 11a",1,0.189498,0.242424,0.177,0
23,20,379.4208,23.0527,5,"Cycler 11b",1,0.176181,0,0.156714,0
23,20,379.4208,23.0527,6,"Cycler 32",1,0.277668,0.530303,0.270952,0
23,20,379.4208,23.0527,7,"Resonant 2to1 Stable",1,0.00435998,0,0.00163298,0
23,20,379.4208,23.0527,8,"Resonant 2to1 Unstable",1,0.137511,0.136364,0.105542,0
23,20,379.4208,23.0527,9,"Resonant 3to1 Stable",1,0.00730427,0,0.00474911,0
23,20,379.4208,23.0527,10,"Resonant 3to1 Unstable",1,0.0207988,0,0.0123334,0
23,20,379.4208,23.0527,11,"Resonant 5to2 Stable",1,0.0116515,0,0.00984055,0
23,20,379.4208,23.0527,12,"Resonant 5to2 Unstable",1,0.25854,0.166667,0.185726,0
23,20,379.4208,23.0527,13,"Distant Prograde Orbit",1,0.157208,0,0.128071,0
23,21,379.4208,23.9065,1,"Lyapunov L1",1,0.119646,0,0.117825,0
23,21,379.4208,23.9065,2,"Lyapunov L2",1,0.0924901,0,0.0775803,0
23,21,379.4208,23.9065,3,"Cycler 21",1,0.182214,0,0.162722,0
23,21,379.4208,23.9065,4,"Cycler 11a",1,0.197163,0.242424,0.183287,0
23,21,379.4208,23.9065,5,"Cycler 11b",1,0.176832,0,0.157908,0
23,21,379.4208,23.9065,6,"Cycler 32",1,0.283833,0.5,0.279657,0
23,21,379.4208,23.9065,7,"Resonant 2to1 Stable",1,0.00436627,0,0.00163679,0
23,21,379.4208,23.9065,8,"Resonant 2to1 Unstable",1,0.140827,0.136364,0.10998,0
23,21,379.4208,23.9065,9,"Resonant 3to1 Stable",1,0.00731202,0,0.00519657,0
23,21,379.4208,23.9065,10,"Resonant 3to1 Unstable",1,0.0209052,0,0.012345,0
23,21,379.4208,23.9065,11,"Resonant 5to2 Stable",1,0.0121126,0,0.00999399,0
23,21,379.4208,23.9065,12,"Resonant 5to2 Unstable",1,0.263439,0.166667,0.191082,0
23,21,379.4208,23.9065,13,"Distant Prograde Orbit",1,0.15842,0,0.129408,0
23,22,379.4208,24.7603,1,"Lyapunov L1",1,0.121008,0,0.119181,0
23,22,379.4208,24.7603,2,"Lyapunov L2",1,0.0934,0,0.0786505,0
23,22,379.4208,24.7603,3,"Cycler 21",1,0.182234,0,0.163236,0
23,22,379.4208,24.7603,4,"Cycler 11a",1,0.197184,0.242424,0.183336,0
23,22,379.4208,24.7603,5,"Cycler 11b",1,0.176852,0,0.158468,0
23,22,379.4208,24.7603,6,"Cycler 32",1,0.284276,0.5,0.280181,0
23,22,379.4208,24.7603,7,"Resonant 2to1 Stable",1,0.00436668,0,0.00163679,0
23,22,379.4208,24.7603,8,"Resonant 2to1 Unstable",1,0.14085,0.136364,0.110237,0
23,22,379.4208,24.7603,9,"Resonant 3to1 Stable",1,0.00731327,0,0.00534681,0
23,22,379.4208,24.7603,10,"Resonant 3to1 Unstable",1,0.0209371,0,0.0123723,0
23,22,379.4208,24.7603,11,"Resonant 5to2 Stable",1,0.0122999,0,0.0103226,0
23,22,379.4208,24.7603,12,"Resonant 5to2 Unstable",1,0.264239,0.166667,0.193101,0
23,22,379.4208,24.7603,13,"Distant Prograde Orbit",1,0.159219,0,0.130329,0
23,23,379.4208,25.6141,1,"Lyapunov L1",1,0.124571,0,0.122756,0
23,23,379.4208,25.6141,2,"Lyapunov L2",1,0.0946329,0,0.0798757,0
23,23,379.4208,25.6141,3,"Cycler 21",1,0.183132,0,0.164458,0
23,23,379.4208,25.6141,4,"Cycler 11a",1,0.197321,0.257576,0.18351,0
23,23,379.4208,25.6141,5,"Cycler 11b",1,0.176975,0,0.158764,0
23,23,379.4208,25.6141,6,"Cycler 32",1,0.285529,0.5,0.281389,0
23,23,379.4208,25.6141,7,"Resonant 2to1 Stable",1,0.00441422,0,0.00165807,0
23,23,379.4208,25.6141,8,"Resonant 2to1 Unstable",1,0.141257,0,0.110968,0
23,23,379.4208,25.6141,9,"Resonant 3to1 Stable",1,0.00731819,0,0.00539896,0
23,23,379.4208,25.6141,10,"Resonant 3to1 Unstable",1,0.0210032,0,0.0123795,0
23,23,379.4208,25.6141,11,"Resonant 5to2 Stable",1,0.0133598,0,0.0109711,0
23,23,379.4208,25.6141,12,"Resonant 5to2 Unstable",1,0.264787,0.166667,0.194979,0
23,23,379.4208,25.6141,13,"Distant Prograde Orbit",1,0.159703,0,0.131105,0
23,24,379.4208,26.4679,1,"Lyapunov L1",1,0.125057,0,0.123231,0
23,24,379.4208,26.4679,2,"Lyapunov L2",1,0.0950682,0,0.080321,0
23,24,379.4208,26.4679,3,"Cycler 21",1,0.183348,0,0.164536,0
23,24,379.4208,26.4679,4,"Cycler 11a",1,0.197558,0.242424,0.183686,0
23,24,379.4208,26.4679,5,"Cycler 11b",1,0.177187,0,0.15895,0
23,24,379.4208,26.4679,6,"Cycler 32",1,0.285742,0.454545,0.281569,0
23,24,379.4208,26.4679,7,"Resonant 2to1 Stable",1,0.00457042,0,0.00169105,0
23,24,379.4208,26.4679,8,"Resonant 2to1 Unstable",1,0.141588,0.136364,0.111447,0
23,24,379.4208,26.4679,9,"Resonant 3to1 Stable",1,0.00732441,0,0.00543595,0
23,24,379.4208,26.4679,10,"Resonant 3to1 Unstable",1,0.0210943,0,0.012409,0
23,24,379.4208,26.4679,11,"Resonant 5to2 Stable",1,0.0153373,0,0.0122488,0
23,24,379.4208,26.4679,12,"Resonant 5to2 Unstable",1,0.265014,0.30303,0.195557,0
23,24,379.4208,26.4679,13,"Distant Prograde Orbit",1,0.159915,0,0.131126,0
23,25,379.4208,27.3217,1,"Lyapunov L1",1,0.126525,0,0.124797,0
23,25,379.4208,27.3217,2,"Lyapunov L2",1,0.0953766,0,0.0806171,0
23,25,379.4208,27.3217,3,"Cycler 21",1,0.184562,0,0.165747,0
23,25,379.4208,27.3217,4,"Cycler 11a",1,0.197624,0.242424,0.183815,0
23,25,379.4208,27.3217,5,"Cycler 11b",1,0.177246,0,0.15909,0
23,25,379.4208,27.3217,6,"Cycler 32",1,0.289086,0.5,0.284985,0
23,25,379.4208,27.3217,7,"Resonant 2to1 Stable",1,0.00466987,0,0.00193841,0
23,25,379.4208,27.3217,8,"Resonant 2to1 Unstable",1,0.141659,0.136364,0.116061,0
23,25,379.4208,27.3217,9,"Resonant 3to1 Stable",1,0.0073303,0,0.00551992,0
23,25,379.4208,27.3217,10,"Resonant 3to1 Unstable",1,0.0211363,0,0.0124651,0
23,25,379.4208,27.3217,11,"Resonant 5to2 Stable",1,0.0158095,0,0.0129557,0
23,25,379.4208,27.3217,12,"Resonant 5to2 Unstable",1,0.267285,0.166667,0.198406,0
23,25,379.4208,27.3217,13,"Distant Prograde Orbit",1,0.165494,0,0.135956,0
24,1,394.3419,6.8304,1,"Lyapunov L1",1,0.0442337,0,0.0326932,0
24,1,394.3419,6.8304,2,"Lyapunov L2",1,0.0116784,0,0.00826076,0
24,1,394.3419,6.8304,3,"Cycler 21",1,0.119884,0.0606061,0.101633,0
24,1,394.3419,6.8304,4,"Cycler 11a",1,0.124411,0.227273,0.11541,0
24,1,394.3419,6.8304,5,"Cycler 11b",1,0.104347,0.136364,0.0906809,0
24,1,394.3419,6.8304,6,"Cycler 32",1,0.0878977,0.5,0.075464,0
24,1,394.3419,6.8304,7,"Resonant 2to1 Stable",0.833333,0.00265863,0,0.00101499,0
24,1,394.3419,6.8304,8,"Resonant 2to1 Unstable",1,0.099927,0.121212,0.0615188,0
24,1,394.3419,6.8304,9,"Resonant 3to1 Stable",0.916667,0.00471142,0,0.00203528,0
24,1,394.3419,6.8304,10,"Resonant 3to1 Unstable",0.916667,0.00625675,0,0.00484733,0
24,1,394.3419,6.8304,11,"Resonant 5to2 Stable",1,0.00863125,0,0.0043237,0
24,1,394.3419,6.8304,12,"Resonant 5to2 Unstable",1,0.0508087,0.136364,0.0241252,0
24,1,394.3419,6.8304,13,"Distant Prograde Orbit",1,0.0634452,0,0.0462702,0
24,2,394.3419,7.6842,1,"Lyapunov L1",1,0.0492779,0,0.0369117,0
24,2,394.3419,7.6842,2,"Lyapunov L2",1,0.0143158,0,0.0104925,0
24,2,394.3419,7.6842,3,"Cycler 21",1,0.124359,0.0151515,0.106272,0
24,2,394.3419,7.6842,4,"Cycler 11a",1,0.130716,0.227273,0.12089,0
24,2,394.3419,7.6842,5,"Cycler 11b",1,0.112418,0.106061,0.0985783,0
24,2,394.3419,7.6842,6,"Cycler 32",1,0.0979397,0.5,0.084745,0
24,2,394.3419,7.6842,7,"Resonant 2to1 Stable",0.833333,0.00287363,0,0.0010807,0
24,2,394.3419,7.6842,8,"Resonant 2to1 Unstable",1,0.103629,0.121212,0.0640256,0
24,2,394.3419,7.6842,9,"Resonant 3to1 Stable",0.916667,0.00491305,0,0.00208127,0
24,2,394.3419,7.6842,10,"Resonant 3to1 Unstable",0.916667,0.00648581,0,0.00519206,0
24,2,394.3419,7.6842,11,"Resonant 5to2 Stable",1,0.00875946,0,0.00442124,0
24,2,394.3419,7.6842,12,"Resonant 5to2 Unstable",1,0.0579925,0.136364,0.0277947,0
24,2,394.3419,7.6842,13,"Distant Prograde Orbit",1,0.0717357,0,0.0527847,0
24,3,394.3419,8.5380,1,"Lyapunov L1",1,0.0599771,0,0.0436581,0
24,3,394.3419,8.5380,2,"Lyapunov L2",1,0.0174045,0,0.0130982,0
24,3,394.3419,8.5380,3,"Cycler 21",1,0.129862,0,0.111466,0
24,3,394.3419,8.5380,4,"Cycler 11a",1,0.136332,0.257576,0.125163,0
24,3,394.3419,8.5380,5,"Cycler 11b",1,0.122069,0.166667,0.107514,0
24,3,394.3419,8.5380,6,"Cycler 32",1,0.107216,0.515152,0.093101,0
24,3,394.3419,8.5380,7,"Resonant 2to1 Stable",0.916667,0.00327342,0,0.00113328,0
24,3,394.3419,8.5380,8,"Resonant 2to1 Unstable",1,0.106724,0.121212,0.066952,0
24,3,394.3419,8.5380,9,"Resonant 3to1 Stable",0.916667,0.00515045,0,0.00212323,0
24,3,394.3419,8.5380,10,"Resonant 3to1 Unstable",1,0.00711939,0,0.00549182,0
24,3,394.3419,8.5380,11,"Resonant 5to2 Stable",1,0.00887263,0,0.00482043,0
24,3,394.3419,8.5380,12,"Resonant 5to2 Unstable",1,0.062755,0.151515,0.029861,0
24,3,394.3419,8.5380,13,"Distant Prograde Orbit",1,0.0793004,0,0.0585313,0
24,4,394.3419,9.3918,1,"Lyapunov L1",1,0.0631119,0,0.0470634,0
24,4,394.3419,9.3918,2,"Lyapunov L2",1,0.0199696,0,0.0153588,0
24,4,394.3419,9.3918,3,"Cycler 21",1,0.133133,0,0.115552,0
24,4,394.3419,9.3918,4,"Cycler 11a",1,0.140476,0.227273,0.129271,0
24,4,394.3419,9.3918,5,"Cycler 11b",1,0.12816,0.136364,0.112734,0
24,4,394.3419,9.3918,6,"Cycler 32",1,0.114775,0.515152,0.101041,0
24,4,394.3419,9.3918,7,"Resonant 2to1 Stable",0.916667,0.00337863,0,0.00116289,0
24,4,394.3419,9.3918,8,"Resonant 2to1 Unstable",1,0.109097,0.121212,0.070422,0
24,4,394.3419,9.3918,9,"Resonant 3to1 Stable",0.916667,0.00535151,0,0.00216616,0
24,4,394.3419,9.3918,10,"Resonant 3to1 Unstable",1,0.00737602,0,0.00572972,0
24,4,394.3419,9.3918,11,"Resonant 5to2 Stable",1,0.00894596,0,0.00531625,0
24,4,394.3419,9.3918,12,"Resonant 5to2 Unstable",1,0.0713015,0.272727,0.0338463,0
24,4,394.3419,9.3918,13,"Distant Prograde Orbit",1,0.0878921,0.0757576,0.0667471,0
24,5,394.3419,10.2456,1,"Lyapunov L1",1,0.0647321,0,0.0485662,0
24,5,394.3419,10.2456,2,"Lyapunov L2",1,0.0229181,0,0.0178634,0
24,5,394.3419,10.2456,3,"Cycler 21",1,0.135408,0,0.11632,0
24,5,394.3419,10.2456,4,"Cycler 11a",1,0.144319,0.227273,0.131057,0
24,5,394.3419,10.2456,5,"Cycler 11b",1,0.131885,0.136364,0.114791,0
24,5,394.3419,10.2456,6,"Cycler 32",1,0.126486,0.515152,0.113295,0
24,5,394.3419,10.2456,7,"Resonant 2to1 Stable",0.916667,0.00345582,0,0.00118072,0
24,5,394.3419,10.2456,8,"Resonant 2to1 Unstable",1,0.111778,0.121212,0.0716876,0
24,5,394.3419,10.2456,9,"Resonant 3to1 Stable",0.916667,0.00551789,0,0.00218771,0
24,5,394.3419,10.2456,10,"Resonant 3to1 Unstable",1,0.00758718,0,0.00585543,0
24,5,394.3419,10.2456,11,"Resonant 5to2 Stable",1,0.009014,0,0.00572501,0
24,5,394.3419,10.2456,12,"Resonant 5to2 Unstable",1,0.0913252,0.272727,0.0440257,0
24,5,394.3419,10.2456,13,"Distant Prograde Orbit",1,0.0933289,0,0.0691464,0
24,6,394.3419,11.0994,1,"Lyapunov L1",1,0.0657568,0,0.0506941,0
24,6,394.3419,11.0994,2,"Lyapunov L2",1,0.0235616,0,0.018507,0
24,6,394.3419,11.0994,3,"Cycler 21",1,0.138469,0,0.116402,0
24,6,394.3419,11.0994,4,"Cycler 11a",1,0.148022,0.227273,0.13208,0
24,6,394.3419,11.0994,5,"Cycler 11b",1,0.134889,0.136364,0.115002,0
24,6,394.3419,11.0994,6,"Cycler 32",1,0.181689,0.515152,0.168932,0
24,6,394.3419,11.0994,7,"Resonant 2to1 Stable",1,0.00373723,0,0.00141191,0
24,6,394.3419,11.0994,8,"Resonant 2to1 Unstable",1,0.113949,0.121212,0.0725558,0
24,6,394.3419,11.0994,9,"Resonant 3to1 Stable",1,0.00589287,0,0.00242788,0
24,6,394.3419,11.0994,10,"Resonant 3to1 Unstable",1,0.00777088,0,0.00592264,0
24,6,394.3419,11.0994,11,"Resonant 5to2 Stable",1,0.00905107,0,0.00637682,0
24,6,394.3419,11.0994,12,"Resonant 5to2 Unstable",1,0.165203,0.272727,0.0995602,0
24,6,394.3419,11.0994,13,"Distant Prograde Orbit",1,0.100946,0,0.0707507,0
24,7,394.3419,11.9532,1,"Lyapunov L1",1,0.0661963,0,0.0538787,0
24,7,394.3419,11.9532,2,"Lyapunov L2",1,0.0277187,0,0.0214166,0
24,7,394.3419,11.9532,3,"Cycler 21",1,0.139006,0,0.11728,0
24,7,394.3419,11.9532,4,"Cycler 11a",1,0.148659,0.227273,0.133313,0
24,7,394.3419,11.9532,5,"Cycler 11b",1,0.135373,0.136364,0.115777,0
24,7,394.3419,11.9532,6,"Cycler 32",1,0.182497,0.530303,0.171407,0
24,7,394.3419,11.9532,7,"Resonant 2to1 Stable",1,0.00379361,0,0.00142637,0
24,7,394.3419,11.9532,8,"Resonant 2to1 Unstable",1,0.114595,0.121212,0.0738722,0
24,7,394.3419,11.9532,9,"Resonant 3to1 Stable",1,0.00599668,0,0.0024479,0
24,7,394.3419,11.9532,10,"Resonant 3to1 Unstable",1,0.00871775,0,0.00607714,0
24,7,394.3419,11.9532,11,"Resonant 5to2 Stable",1,0.00909435,0,0.00678398,0
24,7,394.3419,11.9532,12,"Resonant 5to2 Unstable",1,0.165963,0.287879,0.100925,0
24,7,394.3419,11.9532,13,"Distant Prograde Orbit",1,0.101696,0,0.0719965,0
24,8,394.3419,12.8070,1,"Lyapunov L1",1,0.0753228,0,0.0613495,0
24,8,394.3419,12.8070,2,"Lyapunov L2",1,0.0331949,0,0.0256748,0
24,8,394.3419,12.8070,3,"Cycler 21",1,0.142726,0,0.120966,0
24,8,394.3419,12.8070,4,"Cycler 11a",1,0.153452,0.227273,0.137279,0
24,8,394.3419,12.8070,5,"Cycler 11b",1,0.141628,0.136364,0.12252,0
24,8,394.3419,12.8070,6,"Cycler 32",1,0.18734,0.530303,0.175745,0
24,8,394.3419,12.8070,7,"Resonant 2to1 Stable",1,0.00386624,0,0.00144054,0
24,8,394.3419,12.8070,8,"Resonant 2to1 Unstable",1,0.117196,0.121212,0.0770648,0
24,8,394.3419,12.8070,9,"Resonant 3to1 Stable",1,0.00610562,0,0.00245719,0
24,8,394.3419,12.8070,10,"Resonant 3to1 Unstable",1,0.00992993,0,0.00639144,0
24,8,394.3419,12.8070,11,"Resonant 5to2 Stable",1,0.00915056,0,0.00714141,0
24,8,394.3419,12.8070,12,"Resonant 5to2 Unstable",1,0.169685,0.287879,0.102201,0
24,8,394.3419,12.8070,13,"Distant Prograde Orbit",1,0.105989,0,0.0782181,0
24,9,394.3419,13.6608,1,"Lyapunov L1",1,0.0817384,0,0.0685151,0
24,9,394.3419,13.6608,2,"Lyapunov L2",1,0.0401679,0,0.0309498,0
24,9,394.3419,13.6608,3,"Cycler 21",1,0.152943,0,0.130398,0
24,9,394.3419,13.6608,4,"Cycler 11a",1,0.15749,0.227273,0.142242,0
24,9,394.3419,13.6608,5,"Cycler 11b",1,0.150046,0.121212,0.129719,0
24,9,394.3419,13.6608,6,"Cycler 32",1,0.197089,0.484848,0.185471,0
24,9,394.3419,13.6608,7,"Resonant 2to1 Stable",1,0.0039003,0,0.0014564,0
24,9,394.3419,13.6608,8,"Resonant 2to1 Unstable",1,0.120255,0.121212,0.0803526,0
24,9,394.3419,13.6608,9,"Resonant 3to1 Stable",1,0.0061936,0,0.0024652,0
24,9,394.3419,13.6608,10,"Resonant 3to1 Unstable",1,0.0114269,0,0.00711205,0
24,9,394.3419,13.6608,11,"Resonant 5to2 Stable",1,0.009199,0,0.00744603,0
24,9,394.3419,13.6608,12,"Resonant 5to2 Unstable",1,0.176689,0.287879,0.104084,0
24,9,394.3419,13.6608,13,"Distant Prograde Orbit",1,0.112048,0,0.084297,0
24,10,394.3419,14.5146,1,"Lyapunov L1",1,0.0859469,0,0.0751007,0
24,10,394.3419,14.5146,2,"Lyapunov L2",1,0.0439825,0,0.0343276,0
24,10,394.3419,14.5146,3,"Cycler 21",1,0.15781,0.0151515,0.135792,0
24,10,394.3419,14.5146,4,"Cycler 11a",1,0.160899,0.227273,0.146091,0
24,10,394.3419,14.5146,5,"Cycler 11b",1,0.153507,0.106061,0.133687,0
24,10,394.3419,14.5146,6,"Cycler 32",1,0.199628,0.484848,0.188795,0
24,10,394.3419,14.5146,7,"Resonant 2to1 Stable",1,0.0039467,0,0.00148096,0
24,10,394.3419,14.5146,8,"Resonant 2to1 Unstable",1,0.122882,0.121212,0.0832422,0
24,10,394.3419,14.5146,9,"Resonant 3to1 Stable",1,0.00623833,0,0.00248356,0
24,10,394.3419,14.5146,10,"Resonant 3to1 Unstable",1,0.0120635,0,0.00767213,0
24,10,394.3419,14.5146,11,"Resonant 5to2 Stable",1,0.0092287,0,0.00770594,0
24,10,394.3419,14.5146,12,"Resonant 5to2 Unstable",1,0.178574,0.287879,0.106187,0
24,10,394.3419,14.5146,13,"Distant Prograde Orbit",1,0.119714,0,0.0916065,0
24,11,394.3419,15.3684,1,"Lyapunov L1",1,0.088552,0,0.0795993,0
24,11,394.3419,15.3684,2,"Lyapunov L2",1,0.0470697,0,0.0373883,0
24,11,394.3419,15.3684,3,"Cycler 21",1,0.160453,0.0151515,0.138841,0
24,11,394.3419,15.3684,4,"Cycler 11a",1,0.164,0.227273,0.150421,0
24,11,394.3419,15.3684,5,"Cycler 11b",1,0.155622,0.106061,0.136372,0
24,11,394.3419,15.3684,6,"Cycler 32",1,0.199789,0.484848,0.189908,0
24,11,394.3419,15.3684,7,"Resonant 2to1 Stable",1,0.00398508,0,0.0015012,0
24,11,394.3419,15.3684,8,"Resonant 2to1 Unstable",1,0.125623,0.121212,0.0864174,0
24,11,394.3419,15.3684,9,"Resonant 3to1 Stable",1,0.00637386,0,0.00251184,0
24,11,394.3419,15.3684,10,"Resonant 3to1 Unstable",1,0.0124604,0,0.00813439,0
24,11,394.3419,15.3684,11,"Resonant 5to2 Stable",1,0.00926862,0,0.00793061,0
24,11,394.3419,15.3684,12,"Resonant 5to2 Unstable",1,0.178725,0.287879,0.108347,0
24,11,394.3419,15.3684,13,"Distant Prograde Orbit",1,0.127907,0,0.0996339,0
24,12,394.3419,16.2222,1,"Lyapunov L1",1,0.0939259,0,0.0900098,0
24,12,394.3419,16.2222,2,"Lyapunov L2",1,0.0502139,0,0.0395739,0
24,12,394.3419,16.2222,3,"Cycler 21",1,0.16139,0,0.140614,0
24,12,394.3419,16.2222,4,"Cycler 11a",1,0.165616,0.227273,0.152534,0
24,12,394.3419,16.2222,5,"Cycler 11b",1,0.156477,0.0909091,0.138629,0
24,12,394.3419,16.2222,6,"Cycler 32",1,0.200976,0.515152,0.192931,0
24,12,394.3419,16.2222,7,"Resonant 2to1 Stable",1,0.00400279,0,0.00150764,0
24,12,394.3419,16.2222,8,"Resonant 2to1 Unstable",1,0.12929,0.121212,0.0913552,0
24,12,394.3419,16.2222,9,"Resonant 3to1 Stable",1,0.00659831,0,0.00255164,0
24,12,394.3419,16.2222,10,"Resonant 3to1 Unstable",1,0.0144311,0,0.00893369,0
24,12,394.3419,16.2222,11,"Resonant 5to2 Stable",1,0.00930161,0,0.00806439,0
24,12,394.3419,16.2222,12,"Resonant 5to2 Unstable",1,0.179742,0.151515,0.115826,0
24,12,394.3419,16.2222,13,"Distant Prograde Orbit",1,0.130044,0,0.103308,0
24,13,394.3419,17.0760,1,"Lyapunov L1",1,0.102455,0,0.0969011,0
24,13,394.3419,17.0760,2,"Lyapunov L2",1,0.0555822,0,0.043182,0
24,13,394.3419,17.0760,3,"Cycler 21",1,0.16246,0,0.141171,0
24,13,394.3419,17.0760,4,"Cycler 11a",1,0.169634,0.227273,0.156189,0
24,13,394.3419,17.0760,5,"Cycler 11b",1,0.158628,0.030303,0.141098,0
24,13,394.3419,17.0760,6,"Cycler 32",1,0.204421,0.484848,0.196472,0
24,13,394.3419,17.0760,7,"Resonant 2to1 Stable",1,0.00403701,0,0.0015117,0
24,13,394.3419,17.0760,8,"Resonant 2to1 Unstable",1,0.130884,0.121212,0.0944654,0
24,13,394.3419,17.0760,9,"Resonant 3to1 Stable",1,0.00670705,0,0.00277989,0
24,13,394.3419,17.0760,10,"Resonant 3to1 Unstable",1,0.0184351,0,0.0104224,0
24,13,394.3419,17.0760,11,"Resonant 5to2 Stable",1,0.0093207,0,0.0083032,0
24,13,394.3419,17.0760,12,"Resonant 5to2 Unstable",1,0.182654,0.287879,0.121169,0
24,13,394.3419,17.0760,13,"Distant Prograde Orbit",1,0.134872,0,0.108728,0
24,14,394.3419,17.9298,1,"Lyapunov L1",1,0.10606,0,0.101231,0
24,14,394.3419,17.9298,2,"Lyapunov L2",1,0.0620339,0,0.0494441,0
24,14,394.3419,17.9298,3,"Cycler 21",1,0.163621,0,0.141967,0
24,14,394.3419,17.9298,4,"Cycler 11a",1,0.170036,0.227273,0.15804,0
24,14,394.3419,17.9298,5,"Cycler 11b",1,0.161213,0.030303,0.144768,0
24,14,394.3419,17.9298,6,"Cycler 32",1,0.206359,0.484848,0.198947,0
24,14,394.3419,17.9298,7,"Resonant 2to1 Stable",1,0.00405892,0,0.00151403,0
24,14,394.3419,17.9298,8,"Resonant 2to1 Unstable",1,0.131122,0.121212,0.0965086,0
24,14,394.3419,17.9298,9,"Resonant 3to1 Stable",1,0.00678155,0,0.0028098,0
24,14,394.3419,17.9298,10,"Resonant 3to1 Unstable",1,0.0195805,0,0.0110323,0
24,14,394.3419,17.9298,11,"Resonant 5to2 Stable",1,0.00933375,0,0.00850767,0
24,14,394.3419,17.9298,12,"Resonant 5to2 Unstable",1,0.18427,0.287879,0.12519,0
24,14,394.3419,17.9298,13,"Distant Prograde Orbit",1,0.136762,0,0.111178,0
24,15,394.3419,18.7836,1,"Lyapunov L1",1,0.107188,0,0.102613,0
24,15,394.3419,18.7836,2,"Lyapunov L2",1,0.0638233,0,0.052527,0
24,15,394.3419,18.7836,3,"Cycler 21",1,0.163957,0,0.145491,0
24,15,394.3419,18.7836,4,"Cycler 11a",1,0.170198,0.227273,0.15832,0
24,15,394.3419,18.7836,5,"Cycler 11b",1,0.162144,0.0151515,0.145964,0
24,15,394.3419,18.7836,6,"Cycler 32",1,0.206907,0.484848,0.199691,0
24,15,394.3419,18.7836,7,"Resonant 2to1 Stable",1,0.00413468,0,0.00153673,0
24,15,394.3419,18.7836,8,"Resonant 2to1 Unstable",1,0.131255,0.121212,0.0971543,0
24,15,394.3419,18.7836,9,"Resonant 3to1 Stable",1,0.00692229,0,0.00283462,0
24,15,394.3419,18.7836,10,"Resonant 3to1 Unstable",1,0.0202038,0,0.0114403,0
24,15,394.3419,18.7836,11,"Resonant 5to2 Stable",1,0.00935628,0,0.00882695,0
24,15,394.3419,18.7836,12,"Resonant 5to2 Unstable",1,0.184742,0.287879,0.127703,0
24,15,394.3419,18.7836,13,"Distant Prograde Orbit",1,0.137375,0,0.111943,0
24,16,394.3419,19.6374,1,"Lyapunov L1",1,0.114393,0,0.11006,0
24,16,394.3419,19.6374,2,"Lyapunov L2",1,0.0704794,0,0.0584708,0
24,16,394.3419,19.6374,3,"Cycler 21",1,0.165656,0,0.147464,0
24,16,394.3419,19.6374,4,"Cycler 11a",1,0.177157,0.227273,0.165422,0
24,16,394.3419,19.6374,5,"Cycler 11b",1,0.162156,0,0.146165,0
24,16,394.3419,19.6374,6,"Cycler 32",1,0.207396,0.469697,0.200253,0
24,16,394.3419,19.6374,7,"Resonant 2to1 Stable",1,0.00420634,0,0.00179157,0
24,16,394.3419,19.6374,8,"Resonant 2to1 Unstable",1,0.132082,0.121212,0.0975214,0
24,16,394.3419,19.6374,9,"Resonant 3to1 Stable",1,0.00693149,0,0.00288038,0
24,16,394.3419,19.6374,10,"Resonant 3to1 Unstable",1,0.0202392,0,0.012024,0
24,16,394.3419,19.6374,11,"Resonant 5to2 Stable",1,0.00944523,0,0.00894944,0
24,16,394.3419,19.6374,12,"Resonant 5to2 Unstable",1,0.185144,0.272727,0.12825,0
24,16,394.3419,19.6374,13,"Distant Prograde Orbit",1,0.13808,0,0.112667,0
24,17,394.3419,20.4912,1,"Lyapunov L1",1,0.115849,0,0.111761,0
24,17,394.3419,20.4912,2,"Lyapunov L2",1,0.0742846,0,0.0613084,0
24,17,394.3419,20.4912,3,"Cycler 21",1,0.166496,0,0.148359,0
24,17,394.3419,20.4912,4,"Cycler 11a",1,0.179193,0.227273,0.16752,0
24,17,394.3419,20.4912,5,"Cycler 11b",1,0.162167,0,0.146418,0
24,17,394.3419,20.4912,6,"Cycler 32",1,0.208142,0.469697,0.200998,0
24,17,394.3419,20.4912,7,"Resonant 2to1 Stable",1,0.00425624,0,0.00181655,0
24,17,394.3419,20.4912,8,"Resonant 2to1 Unstable",1,0.132504,0.121212,0.0976452,0
24,17,394.3419,20.4912,9,"Resonant 3to1 Stable",1,0.00693969,0,0.00337074,0
24,17,394.3419,20.4912,10,"Resonant 3to1 Unstable",1,0.0202802,0,0.012269,0
24,17,394.3419,20.4912,11,"Resonant 5to2 Stable",1,0.009538,0,0.00909653,0
24,17,394.3419,20.4912,12,"Resonant 5to2 Unstable",1,0.185747,0.272727,0.12887,0
24,17,394.3419,20.4912,13,"Distant Prograde Orbit",1,0.138654,0,0.113808,0
24,18,394.3419,21.3450,1,"Lyapunov L1",1,0.116961,0,0.112352,0
24,18,394.3419,21.3450,2,"Lyapunov L2",1,0.0798688,0,0.0677171,0
24,18,394.3419,21.3450,3,"Cycler 21",1,0.174268,0,0.153114,0
24,18,394.3419,21.3450,4,"Cycler 11a",1,0.187316,0.242424,0.174549,0
24,18,394.3419,21.3450,5,"Cycler 11b",1,0.17109,0,0.151077,0
24,18,394.3419,21.3450,6,"Cycler 32",1,0.267796,0.5,0.26068,0
24,18,394.3419,21.3450,7,"Resonant 2to1 Stable",1,0.00435068,0,0.00185379,0
24,18,394.3419,21.3450,8,"Resonant 2to1 Unstable",1,0.136319,0.136364,0.0992571,0
24,18,394.3419,21.3450,9,"Resonant 3to1 Stable",1,0.00696498,0,0.00408521,0
24,18,394.3419,21.3450,10,"Resonant 3to1 Unstable",1,0.0205676,0,0.0124015,0
24,18,394.3419,21.3450,11,"Resonant 5to2 Stable",1,0.0101641,0,0.00930115,0
24,18,394.3419,21.3450,12,"Resonant 5to2 Unstable",1,0.250929,0.30303,0.182754,0
24,18,394.3419,21.3450,13,"Distant Prograde Orbit",1,0.150884,0,0.121971,0
24,19,394.3419,22.1988,1,"Lyapunov L1",1,0.118421,0,0.113813,0
24,19,394.3419,22.1988,2,"Lyapunov L2",1,0.0898241,0,0.0740454,0
24,19,394.3419,22.1988,3,"Cycler 21",1,0.180564,0,0.160823,0
24,19,394.3419,22.1988,4,"Cycler 11a",1,0.189044,0.242424,0.176446,0
24,19,394.3419,22.1988,5,"Cycler 11b",1,0.173568,0,0.154128,0
24,19,394.3419,22.1988,6,"Cycler 32",1,0.276029,0.5,0.269178,0
24,19,394.3419,22.1988,7,"Resonant 2to1 Stable",1,0.0043577,0,0.00185379,0
24,19,394.3419,22.1988,8,"Resonant 2to1 Unstable",1,0.137175,0.136364,0.104568,0
24,19,394.3419,22.1988,9,"Resonant 3to1 Stable",1,0.00716941,0,0.00445852,0
24,19,394.3419,22.1988,10,"Resonant 3to1 Unstable",1,0.020737,0,0.0125057,0
24,19,394.3419,22.1988,11,"Resonant 5to2 Stable",1,0.0107394,0,0.00956302,0
24,19,394.3419,22.1988,12,"Resonant 5to2 Unstable",1,0.257333,0.30303,0.183524,0
24,19,394.3419,22.1988,13,"Distant Prograde Orbit",1,0.154831,0,0.125768,0
24,20,394.3419,23.0527,1,"Lyapunov L1",1,0.119326,0,0.115191,0
24,20,394.3419,23.0527,2,"Lyapunov L2",1,0.092311,0,0.0770867,0
24,20,394.3419,23.0527,3,"Cycler 21",1,0.181575,0,0.162014,0
24,20,394.3419,23.0527,4,"Cycler 11a",1,0.189498,0.242424,0.177,0
24,20,394.3419,23.0527,5,"Cycler 11b",1,0.176181,0,0.156714,0
24,20,394.3419,23.0527,6,"Cycler 32",1,0.277668,0.530303,0.270952,0
24,20,394.3419,23.0527,7,"Resonant 2to1 Stable",1,0.00435998,0,0.00185721,0
24,20,394.3419,23.0527,8,"Resonant 2to1 Unstable",1,0.137511,0.136364,0.105542,0
24,20,394.3419,23.0527,9,"Resonant 3to1 Stable",1,0.00730427,0,0.00474911,0
24,20,394.3419,23.0527,10,"Resonant 3to1 Unstable",1,0.0207988,0,0.0125576,0
24,20,394.3419,23.0527,11,"Resonant 5to2 Stable",1,0.0116515,0,0.00984055,0
24,20,394.3419,23.0527,12,"Resonant 5to2 Unstable",1,0.25854,0.166667,0.185726,0
24,20,394.3419,23.0527,13,"Distant Prograde Orbit",1,0.157208,0,0.128071,0
24,21,394.3419,23.9065,1,"Lyapunov L1",1,0.119646,0,0.117825,0
24,21,394.3419,23.9065,2,"Lyapunov L2",1,0.0924901,0,0.0775836,0
24,21,394.3419,23.9065,3,"Cycler 21",1,0.182214,0,0.162722,0
24,21,394.3419,23.9065,4,"Cycler 11a",1,0.197163,0.242424,0.183287,0
24,21,394.3419,23.9065,5,"Cycler 11b",1,0.176832,0,0.157908,0
24,21,394.3419,23.9065,6,"Cycler 32",1,0.283833,0.5,0.279657,0
24,21,394.3419,23.9065,7,"Resonant 2to1 Stable",1,0.00436627,0,0.00186102,0
24,21,394.3419,23.9065,8,"Resonant 2to1 Unstable",1,0.140827,0.136364,0.10998,0
24,21,394.3419,23.9065,9,"Resonant 3to1 Stable",1,0.00731202,0,0.00519984,0
24,21,394.3419,23.9065,10,"Resonant 3to1 Unstable",1,0.0209052,0,0.0125693,0
24,21,394.3419,23.9065,11,"Resonant 5to2 Stable",1,0.0121126,0,0.00999399,0
24,21,394.3419,23.9065,12,"Resonant 5to2 Unstable",1,0.263439,0.166667,0.191082,0
24,21,394.3419,23.9065,13,"Distant Prograde Orbit",1,0.15842,0,0.129408,0
24,22,394.3419,24.7603,1,"Lyapunov L1",1,0.121008,0,0.119181,0
24,22,394.3419,24.7603,2,"Lyapunov L2",1,0.0934,0,0.0786505,0
24,22,394.3419,24.7603,3,"Cycler 21",1,0.182234,0,0.163236,0
24,22,394.3419,24.7603,4,"Cycler 11a",1,0.197184,0.242424,0.183336,0
24,22,394.3419,24.7603,5,"Cycler 11b",1,0.176852,0,0.158468,0
24,22,394.3419,24.7603,6,"Cycler 32",1,0.284276,0.5,0.280181,0
24,22,394.3419,24.7603,7,"Resonant 2to1 Stable",1,0.00436668,0,0.00186213,0
24,22,394.3419,24.7603,8,"Resonant 2to1 Unstable",1,0.14085,0.136364,0.110237,0
24,22,394.3419,24.7603,9,"Resonant 3to1 Stable",1,0.00731327,0,0.00534681,0
24,22,394.3419,24.7603,10,"Resonant 3to1 Unstable",1,0.0209371,0,0.0125977,0
24,22,394.3419,24.7603,11,"Resonant 5to2 Stable",1,0.0122999,0,0.0103226,0
24,22,394.3419,24.7603,12,"Resonant 5to2 Unstable",1,0.264239,0.166667,0.193101,0
24,22,394.3419,24.7603,13,"Distant Prograde Orbit",1,0.159219,0,0.130329,0
24,23,394.3419,25.6141,1,"Lyapunov L1",1,0.124571,0,0.122756,0
24,23,394.3419,25.6141,2,"Lyapunov L2",1,0.0946329,0,0.0798757,0
24,23,394.3419,25.6141,3,"Cycler 21",1,0.183132,0,0.164459,0
24,23,394.3419,25.6141,4,"Cycler 11a",1,0.197321,0.257576,0.18351,0
24,23,394.3419,25.6141,5,"Cycler 11b",1,0.176975,0,0.158764,0
24,23,394.3419,25.6141,6,"Cycler 32",1,0.285529,0.5,0.281389,0
24,23,394.3419,25.6141,7,"Resonant 2to1 Stable",1,0.00441422,0,0.00188386,0
24,23,394.3419,25.6141,8,"Resonant 2to1 Unstable",1,0.141257,0,0.110968,0
24,23,394.3419,25.6141,9,"Resonant 3to1 Stable",1,0.00731819,0,0.00539896,0
24,23,394.3419,25.6141,10,"Resonant 3to1 Unstable",1,0.0210032,0,0.0126048,0
24,23,394.3419,25.6141,11,"Resonant 5to2 Stable",1,0.0133598,0,0.0109711,0
24,23,394.3419,25.6141,12,"Resonant 5to2 Unstable",1,0.264787,0.166667,0.194979,0
24,23,394.3419,25.6141,13,"Distant Prograde Orbit",1,0.159703,0,0.131105,0
24,24,394.3419,26.4679,1,"Lyapunov L1",1,0.125057,0,0.123231,0
24,24,394.3419,26.4679,2,"Lyapunov L2",1,0.0950682,0,0.080321,0
24,24,394.3419,26.4679,3,"Cycler 21",1,0.183348,0,0.164536,0
24,24,394.3419,26.4679,4,"Cycler 11a",1,0.197558,0.242424,0.183686,0
24,24,394.3419,26.4679,5,"Cycler 11b",1,0.177187,0,0.15895,0
24,24,394.3419,26.4679,6,"Cycler 32",1,0.285742,0.454545,0.281569,0
24,24,394.3419,26.4679,7,"Resonant 2to1 Stable",1,0.00457042,0,0.00191658,0
24,24,394.3419,26.4679,8,"Resonant 2to1 Unstable",1,0.141588,0.136364,0.111447,0
24,24,394.3419,26.4679,9,"Resonant 3to1 Stable",1,0.00732441,0,0.00543595,0
24,24,394.3419,26.4679,10,"Resonant 3to1 Unstable",1,0.0210943,0,0.0126343,0
24,24,394.3419,26.4679,11,"Resonant 5to2 Stable",1,0.0153373,0,0.0122488,0
24,24,394.3419,26.4679,12,"Resonant 5to2 Unstable",1,0.265014,0.30303,0.195557,0
24,24,394.3419,26.4679,13,"Distant Prograde Orbit",1,0.159915,0,0.131126,0
24,25,394.3419,27.3217,1,"Lyapunov L1",1,0.126525,0,0.124797,0
24,25,394.3419,27.3217,2,"Lyapunov L2",1,0.0953766,0,0.0806171,0
24,25,394.3419,27.3217,3,"Cycler 21",1,0.184562,0,0.165748,0
24,25,394.3419,27.3217,4,"Cycler 11a",1,0.197624,0.242424,0.184055,0
24,25,394.3419,27.3217,5,"Cycler 11b",1,0.177246,0,0.15909,0
24,25,394.3419,27.3217,6,"Cycler 32",1,0.289086,0.5,0.284985,0
24,25,394.3419,27.3217,7,"Resonant 2to1 Stable",1,0.00466987,0,0.00241383,0
24,25,394.3419,27.3217,8,"Resonant 2to1 Unstable",1,0.141659,0.136364,0.11607,0
24,25,394.3419,27.3217,9,"Resonant 3to1 Stable",1,0.0073303,0,0.00551992,0
24,25,394.3419,27.3217,10,"Resonant 3to1 Unstable",1,0.0211363,0,0.0126905,0
24,25,394.3419,27.3217,11,"Resonant 5to2 Stable",1,0.0158095,0,0.0129557,0
24,25,394.3419,27.3217,12,"Resonant 5to2 Unstable",1,0.267285,0.166667,0.198406,0
24,25,394.3419,27.3217,13,"Distant Prograde Orbit",1,0.165494,0,0.135956,0
25,1,409.2629,6.8304,1,"Lyapunov L1",1,0.0442337,0,0.0326932,0
25,1,409.2629,6.8304,2,"Lyapunov L2",1,0.0116784,0,0.00826389,0
25,1,409.2629,6.8304,3,"Cycler 21",1,0.119884,0.0606061,0.101633,0
25,1,409.2629,6.8304,4,"Cycler 11a",1,0.124411,0.227273,0.11541,0
25,1,409.2629,6.8304,5,"Cycler 11b",1,0.104347,0.136364,0.0906809,0
25,1,409.2629,6.8304,6,"Cycler 32",1,0.0878977,0.5,0.075464,0
25,1,409.2629,6.8304,7,"Resonant 2to1 Stable",0.833333,0.00265863,0,0.00101499,0
25,1,409.2629,6.8304,8,"Resonant 2to1 Unstable",1,0.099927,0.121212,0.0615188,0
25,1,409.2629,6.8304,9,"Resonant 3to1 Stable",0.916667,0.00471142,0,0.00203528,0
25,1,409.2629,6.8304,10,"Resonant 3to1 Unstable",0.916667,0.00625675,0,0.00485046,0
25,1,409.2629,6.8304,11,"Resonant 5to2 Stable",1,0.00863125,0,0.0043237,0
25,1,409.2629,6.8304,12,"Resonant 5to2 Unstable",1,0.0508087,0.136364,0.0241252,0
25,1,409.2629,6.8304,13,"Distant Prograde Orbit",1,0.0634452,0,0.0462702,0
25,2,409.2629,7.6842,1,"Lyapunov L1",1,0.0492779,0,0.037149,0
25,2,409.2629,7.6842,2,"Lyapunov L2",1,0.0143158,0,0.0104966,0
25,2,409.2629,7.6842,3,"Cycler 21",1,0.124359,0.0151515,0.106272,0
25,2,409.2629,7.6842,4,"Cycler 11a",1,0.130716,0.227273,0.12089,0
25,2,409.2629,7.6842,5,"Cycler 11b",1,0.112418,0.106061,0.0985783,0
25,2,409.2629,7.6842,6,"Cycler 32",1,0.0979397,0.515152,0.084745,0
25,2,409.2629,7.6842,7,"Resonant 2to1 Stable",0.916667,0.00308093,0,0.0010807,0
25,2,409.2629,7.6842,8,"Resonant 2to1 Unstable",1,0.103629,0.121212,0.0640256,0
25,2,409.2629,7.6842,9,"Resonant 3to1 Stable",0.916667,0.00491305,0,0.00208127,0
25,2,409.2629,7.6842,10,"Resonant 3to1 Unstable",1,0.00669311,0,0.00519612,0
25,2,409.2629,7.6842,11,"Resonant 5to2 Stable",1,0.00875946,0,0.00465857,0
25,2,409.2629,7.6842,12,"Resonant 5to2 Unstable",1,0.0579925,0.151515,0.0277947,0
25,2,409.2629,7.6842,13,"Distant Prograde Orbit",1,0.0717357,0,0.0527847,0
25,3,409.2629,8.5380,1,"Lyapunov L1",1,0.0599771,0,0.043661,0
25,3,409.2629,8.5380,2,"Lyapunov L2",1,0.0174045,0,0.0130982,0
25,3,409.2629,8.5380,3,"Cycler 21",1,0.129862,0,0.111466,0
25,3,409.2629,8.5380,4,"Cycler 11a",1,0.136332,0.257576,0.125163,0
25,3,409.2629,8.5380,5,"Cycler 11b",1,0.122069,0.166667,0.107515,0
25,3,409.2629,8.5380,6,"Cycler 32",1,0.107216,0.515152,0.093101,0
25,3,409.2629,8.5380,7,"Resonant 2to1 Stable",1,0.00347791,0,0.00133777,0
25,3,409.2629,8.5380,8,"Resonant 2to1 Unstable",1,0.106724,0.121212,0.066952,0
25,3,409.2629,8.5380,9,"Resonant 3to1 Stable",1,0.00535494,0,0.00232772,0
25,3,409.2629,8.5380,10,"Resonant 3to1 Unstable",1,0.00711939,0,0.00549182,0
25,3,409.2629,8.5380,11,"Resonant 5to2 Stable",1,0.00887263,0,0.00503375,0
25,3,409.2629,8.5380,12,"Resonant 5to2 Unstable",1,0.062755,0.151515,0.029861,0
25,3,409.2629,8.5380,13,"Distant Prograde Orbit",1,0.0793004,0,0.058741,0
25,4,409.2629,9.3918,1,"Lyapunov L1",1,0.0631119,0,0.0470634,0
25,4,409.2629,9.3918,2,"Lyapunov L2",1,0.0199696,0,0.0153588,0
25,4,409.2629,9.3918,3,"Cycler 21",1,0.133133,0,0.115552,0
25,4,409.2629,9.3918,4,"Cycler 11a",1,0.140476,0.227273,0.129271,0
25,4,409.2629,9.3918,5,"Cycler 11b",1,0.12816,0.136364,0.112734,0
25,4,409.2629,9.3918,6,"Cycler 32",1,0.114775,0.515152,0.101041,0
25,4,409.2629,9.3918,7,"Resonant 2to1 Stable",1,0.00358656,0,0.00137082,0
25,4,409.2629,9.3918,8,"Resonant 2to1 Unstable",1,0.109097,0.121212,0.070422,0
25,4,409.2629,9.3918,9,"Resonant 3to1 Stable",1,0.00555944,0,0.00237409,0
25,4,409.2629,9.3918,10,"Resonant 3to1 Unstable",1,0.00737602,0,0.00572972,0
25,4,409.2629,9.3918,11,"Resonant 5to2 Stable",1,0.00894596,0,0.00531625,0
25,4,409.2629,9.3918,12,"Resonant 5to2 Unstable",1,0.0713015,0.272727,0.0338463,0
25,4,409.2629,9.3918,13,"Distant Prograde Orbit",1,0.0878921,0.0757576,0.0667471,0
25,5,409.2629,10.2456,1,"Lyapunov L1",1,0.0647321,0,0.0485662,0
25,5,409.2629,10.2456,2,"Lyapunov L2",1,0.0229181,0,0.0178634,0
25,5,409.2629,10.2456,3,"Cycler 21",1,0.135408,0,0.11632,0
25,5,409.2629,10.2456,4,"Cycler 11a",1,0.144319,0.227273,0.131057,0
25,5,409.2629,10.2456,5,"Cycler 11b",1,0.131885,0.136364,0.114791,0
25,5,409.2629,10.2456,6,"Cycler 32",1,0.126486,0.515152,0.113295,0
25,5,409.2629,10.2456,7,"Resonant 2to1 Stable",1,0.00366603,0,0.00139093,0
25,5,409.2629,10.2456,8,"Resonant 2to1 Unstable",1,0.111778,0.121212,0.0716876,0
25,5,409.2629,10.2456,9,"Resonant 3to1 Stable",1,0.00572809,0,0.00239791,0
25,5,409.2629,10.2456,10,"Resonant 3to1 Unstable",1,0.00758718,0,0.00585543,0
25,5,409.2629,10.2456,11,"Resonant 5to2 Stable",1,0.009014,0,0.00572501,0
25,5,409.2629,10.2456,12,"Resonant 5to2 Unstable",1,0.0913252,0.272727,0.0440257,0
25,5,409.2629,10.2456,13,"Distant Prograde Orbit",1,0.0933289,0,0.0691464,0
25,6,409.2629,11.0994,1,"Lyapunov L1",1,0.0657568,0,0.0506941,0
25,6,409.2629,11.0994,2,"Lyapunov L2",1,0.0235616,0,0.0185144,0
25,6,409.2629,11.0994,3,"Cycler 21",1,0.138469,0,0.116402,0
25,6,409.2629,11.0994,4,"Cycler 11a",1,0.148022,0.227273,0.13208,0
25,6,409.2629,11.0994,5,"Cycler 11b",1,0.134889,0.136364,0.115002,0
25,6,409.2629,11.0994,6,"Cycler 32",1,0.181689,0.515152,0.168932,0
25,6,409.2629,11.0994,7,"Resonant 2to1 Stable",1,0.00373723,0,0.00161602,0
25,6,409.2629,11.0994,8,"Resonant 2to1 Unstable",1,0.113949,0.121212,0.0725558,0
25,6,409.2629,11.0994,9,"Resonant 3to1 Stable",1,0.00589287,0,0.00242788,0
25,6,409.2629,11.0994,10,"Resonant 3to1 Unstable",1,0.00777088,0,0.00612675,0
25,6,409.2629,11.0994,11,"Resonant 5to2 Stable",1,0.00905107,0,0.0063842,0
25,6,409.2629,11.0994,12,"Resonant 5to2 Unstable",1,0.165203,0.272727,0.0995602,0
25,6,409.2629,11.0994,13,"Distant Prograde Orbit",1,0.100946,0,0.0707507,0
25,7,409.2629,11.9532,1,"Lyapunov L1",1,0.0661963,0,0.0538787,0
25,7,409.2629,11.9532,2,"Lyapunov L2",1,0.0277187,0,0.0214166,0
25,7,409.2629,11.9532,3,"Cycler 21",1,0.139006,0,0.11728,0
25,7,409.2629,11.9532,4,"Cycler 11a",1,0.148659,0.227273,0.133313,0
25,7,409.2629,11.9532,5,"Cycler 11b",1,0.135373,0.136364,0.115777,0
25,7,409.2629,11.9532,6,"Cycler 32",1,0.182497,0.515152,0.171407,0
25,7,409.2629,11.9532,7,"Resonant 2to1 Stable",1,0.00379453,0,0.00163393,0
25,7,409.2629,11.9532,8,"Resonant 2to1 Unstable",1,0.114595,0.121212,0.0738722,0
25,7,409.2629,11.9532,9,"Resonant 3to1 Stable",1,0.0059976,0,0.00244949,0
25,7,409.2629,11.9532,10,"Resonant 3to1 Unstable",1,0.00871775,0,0.00628311,0
25,7,409.2629,11.9532,11,"Resonant 5to2 Stable",1,0.00909435,0,0.00678398,0
25,7,409.2629,11.9532,12,"Resonant 5to2 Unstable",1,0.165963,0.272727,0.100925,0
25,7,409.2629,11.9532,13,"Distant Prograde Orbit",1,0.101696,0,0.0719965,0
25,8,409.2629,12.8070,1,"Lyapunov L1",1,0.0753228,0,0.0613495,0
25,8,409.2629,12.8070,2,"Lyapunov L2",1,0.0331949,0,0.0256748,0
25,8,409.2629,12.8070,3,"Cycler 21",1,0.142726,0,0.120966,0
25,8,409.2629,12.8070,4,"Cycler 11a",1,0.153452,0.227273,0.137279,0
25,8,409.2629,12.8070,5,"Cycler 11b",1,0.141628,0.136364,0.12252,0
25,8,409.2629,12.8070,6,"Cycler 32",1,0.18734,0.530303,0.175745,0
25,8,409.2629,12.8070,7,"Resonant 2to1 Stable",1,0.00386624,0,0.0016477,0
25,8,409.2629,12.8070,8,"Resonant 2to1 Unstable",1,0.117196,0.121212,0.0770648,0
25,8,409.2629,12.8070,9,"Resonant 3to1 Stable",1,0.00610562,0,0.00245772,0
25,8,409.2629,12.8070,10,"Resonant 3to1 Unstable",1,0.00992993,0,0.00659807,0
25,8,409.2629,12.8070,11,"Resonant 5to2 Stable",1,0.00915056,0,0.00714141,0
25,8,409.2629,12.8070,12,"Resonant 5to2 Unstable",1,0.169685,0.287879,0.102201,0
25,8,409.2629,12.8070,13,"Distant Prograde Orbit",1,0.105989,0,0.0782181,0
25,9,409.2629,13.6608,1,"Lyapunov L1",1,0.0817384,0,0.0685151,0
25,9,409.2629,13.6608,2,"Lyapunov L2",1,0.0401679,0,0.0309498,0
25,9,409.2629,13.6608,3,"Cycler 21",1,0.152943,0,0.130403,0
25,9,409.2629,13.6608,4,"Cycler 11a",1,0.15749,0.227273,0.142242,0
25,9,409.2629,13.6608,5,"Cycler 11b",1,0.150046,0.121212,0.129719,0
25,9,409.2629,13.6608,6,"Cycler 32",1,0.197089,0.484848,0.185471,0
25,9,409.2629,13.6608,7,"Resonant 2to1 Stable",1,0.0039003,0,0.00166984,0
25,9,409.2629,13.6608,8,"Resonant 2to1 Unstable",1,0.120255,0.121212,0.0803526,0
25,9,409.2629,13.6608,9,"Resonant 3to1 Stable",1,0.0061936,0,0.0024672,0
25,9,409.2629,13.6608,10,"Resonant 3to1 Unstable",1,0.0114269,0,0.00731878,0
25,9,409.2629,13.6608,11,"Resonant 5to2 Stable",1,0.009199,0,0.00744603,0
25,9,409.2629,13.6608,12,"Resonant 5to2 Unstable",1,0.176689,0.287879,0.104084,0
25,9,409.2629,13.6608,13,"Distant Prograde Orbit",1,0.112048,0,0.084297,0
25,10,409.2629,14.5146,1,"Lyapunov L1",1,0.0859469,0,0.0751007,0
25,10,409.2629,14.5146,2,"Lyapunov L2",1,0.0439825,0,0.0343276,0
25,10,409.2629,14.5146,3,"Cycler 21",1,0.15781,0.0151515,0.135795,0
25,10,409.2629,14.5146,4,"Cycler 11a",1,0.160899,0.227273,0.146091,0
25,10,409.2629,14.5146,5,"Cycler 11b",1,0.153507,0.106061,0.133687,0
25,10,409.2629,14.5146,6,"Cycler 32",1,0.199628,0.484848,0.188795,0
25,10,409.2629,14.5146,7,"Resonant 2to1 Stable",1,0.0039467,0,0.00169341,0
25,10,409.2629,14.5146,8,"Resonant 2to1 Unstable",1,0.122882,0.121212,0.0832422,0
25,10,409.2629,14.5146,9,"Resonant 3to1 Stable",1,0.00623833,0,0.00248497,0
25,10,409.2629,14.5146,10,"Resonant 3to1 Unstable",1,0.0120635,0,0.0078797,0
25,10,409.2629,14.5146,11,"Resonant 5to2 Stable",1,0.0092287,0,0.00770594,0
25,10,409.2629,14.5146,12,"Resonant 5to2 Unstable",1,0.178574,0.287879,0.106187,0
25,10,409.2629,14.5146,13,"Distant Prograde Orbit",1,0.119714,0,0.0916065,0
25,11,409.2629,15.3684,1,"Lyapunov L1",1,0.088552,0,0.0795993,0
25,11,409.2629,15.3684,2,"Lyapunov L2",1,0.0470697,0,0.0373883,0
25,11,409.2629,15.3684,3,"Cycler 21",1,0.160453,0.0151515,0.138843,0
25,11,409.2629,15.3684,4,"Cycler 11a",1,0.164,0.227273,0.150421,0
25,11,409.2629,15.3684,5,"Cycler 11b",1,0.155622,0.106061,0.136579,0
25,11,409.2629,15.3684,6,"Cycler 32",1,0.199789,0.484848,0.189908,0
25,11,409.2629,15.3684,7,"Resonant 2to1 Stable",1,0.00398508,0,0.00192094,0
25,11,409.2629,15.3684,8,"Resonant 2to1 Unstable",1,0.125623,0.121212,0.0864174,0
25,11,409.2629,15.3684,9,"Resonant 3to1 Stable",1,0.00637386,0,0.002513,0
25,11,409.2629,15.3684,10,"Resonant 3to1 Unstable",1,0.0124604,0,0.00834364,0
25,11,409.2629,15.3684,11,"Resonant 5to2 Stable",1,0.00926862,0,0.00793061,0
25,11,409.2629,15.3684,12,"Resonant 5to2 Unstable",1,0.178725,0.287879,0.108347,0
25,11,409.2629,15.3684,13,"Distant Prograde Orbit",1,0.127907,0,0.0996339,0
25,12,409.2629,16.2222,1,"Lyapunov L1",1,0.0939259,0,0.0900098,0
25,12,409.2629,16.2222,2,"Lyapunov L2",1,0.0502139,0,0.0395739,0
25,12,409.2629,16.2222,3,"Cycler 21",1,0.16139,0,0.140615,0
25,12,409.2629,16.2222,4,"Cycler 11a",1,0.165616,0.227273,0.152534,0
25,12,409.2629,16.2222,5,"Cycler 11b",1,0.156477,0.0909091,0.138838,0
25,12,409.2629,16.2222,6,"Cycler 32",1,0.200976,0.515152,0.192931,0
25,12,409.2629,16.2222,7,"Resonant 2to1 Stable",1,0.00400279,0,0.00192791,0
25,12,409.2629,16.2222,8,"Resonant 2to1 Unstable",1,0.12929,0.121212,0.0913552,0
25,12,409.2629,16.2222,9,"Resonant 3to1 Stable",1,0.00659831,0,0.00276172,0
25,12,409.2629,16.2222,10,"Resonant 3to1 Unstable",1,0.0144311,0,0.00935288,0
25,12,409.2629,16.2222,11,"Resonant 5to2 Stable",1,0.00930161,0,0.00806439,0
25,12,409.2629,16.2222,12,"Resonant 5to2 Unstable",1,0.179742,0.151515,0.115826,0
25,12,409.2629,16.2222,13,"Distant Prograde Orbit",1,0.130044,0,0.103308,0
25,13,409.2629,17.0760,1,"Lyapunov L1",1,0.102455,0,0.0969011,0
25,13,409.2629,17.0760,2,"Lyapunov L2",1,0.0555822,0,0.043182,0
25,13,409.2629,17.0760,3,"Cycler 21",1,0.16246,0,0.141172,0
25,13,409.2629,17.0760,4,"Cycler 11a",1,0.169634,0.227273,0.156189,0
25,13,409.2629,17.0760,5,"Cycler 11b",1,0.158628,0.030303,0.141308,0
25,13,409.2629,17.0760,6,"Cycler 32",1,0.204421,0.484848,0.196472,0
25,13,409.2629,17.0760,7,"Resonant 2to1 Stable",1,0.00403701,0,0.00193292,0
25,13,409.2629,17.0760,8,"Resonant 2to1 Unstable",1,0.130884,0.121212,0.0944654,0
25,13,409.2629,17.0760,9,"Resonant 3to1 Stable",1,0.00670705,0,0.00278091,0
25,13,409.2629,17.0760,10,"Resonant 3to1 Unstable",1,0.0184351,0,0.0106325,0
25,13,409.2629,17.0760,11,"Resonant 5to2 Stable",1,0.0093207,0,0.0083032,0
25,13,409.2629,17.0760,12,"Resonant 5to2 Unstable",1,0.182654,0.287879,0.121169,0
25,13,409.2629,17.0760,13,"Distant Prograde Orbit",1,0.134872,0,0.108728,0
25,14,409.2629,17.9298,1,"Lyapunov L1",1,0.10606,0,0.101231,0
25,14,409.2629,17.9298,2,"Lyapunov L2",1,0.0620339,0,0.0494441,0
25,14,409.2629,17.9298,3,"Cycler 21",1,0.163621,0,0.141968,0
25,14,409.2629,17.9298,4,"Cycler 11a",1,0.170036,0.227273,0.15804,0
25,14,409.2629,17.9298,5,"Cycler 11b",1,0.161213,0.030303,0.144979,0
25,14,409.2629,17.9298,6,"Cycler 32",1,0.206359,0.484848,0.198947,0
25,14,409.2629,17.9298,7,"Resonant 2to1 Stable",1,0.00405892,0,0.00193507,0
25,14,409.2629,17.9298,8,"Resonant 2to1 Unstable",1,0.131122,0.121212,0.0965086,0
25,14,409.2629,17.9298,9,"Resonant 3to1 Stable",1,0.00678155,0,0.0028103,0
25,14,409.2629,17.9298,10,"Resonant 3to1 Unstable",1,0.0195805,0,0.0112422,0
25,14,409.2629,17.9298,11,"Resonant 5to2 Stable",1,0.00933375,0,0.00850767,0
25,14,409.2629,17.9298,12,"Resonant 5to2 Unstable",1,0.18427,0.287879,0.12519,0
25,14,409.2629,17.9298,13,"Distant Prograde Orbit",1,0.136762,0,0.111178,0
25,15,409.2629,18.7836,1,"Lyapunov L1",1,0.107188,0,0.102613,0
25,15,409.2629,18.7836,2,"Lyapunov L2",1,0.0638233,0,0.052527,0
25,15,409.2629,18.7836,3,"Cycler 21",1,0.163957,0,0.145492,0
25,15,409.2629,18.7836,4,"Cycler 11a",1,0.170198,0.227273,0.15832,0
25,15,409.2629,18.7836,5,"Cycler 11b",1,0.162144,0.0151515,0.146175,0
25,15,409.2629,18.7836,6,"Cycler 32",1,0.206907,0.484848,0.199691,0
25,15,409.2629,18.7836,7,"Resonant 2to1 Stable",1,0.00413468,0,0.00195787,0
25,15,409.2629,18.7836,8,"Resonant 2to1 Unstable",1,0.131255,0.121212,0.0971543,0
25,15,409.2629,18.7836,9,"Resonant 3to1 Stable",1,0.00692229,0,0.00283482,0
25,15,409.2629,18.7836,10,"Resonant 3to1 Unstable",1,0.0202038,0,0.0116498,0
25,15,409.2629,18.7836,11,"Resonant 5to2 Stable",1,0.00935628,0,0.00882695,0
25,15,409.2629,18.7836,12,"Resonant 5to2 Unstable",1,0.184742,0.287879,0.127703,0
25,15,409.2629,18.7836,13,"Distant Prograde Orbit",1,0.137375,0,0.111943,0
25,16,409.2629,19.6374,1,"Lyapunov L1",1,0.114393,0,0.11006,0
25,16,409.2629,19.6374,2,"Lyapunov L2",1,0.0704794,0,0.0584708,0
25,16,409.2629,19.6374,3,"Cycler 21",1,0.165656,0,0.147465,0
25,16,409.2629,19.6374,4,"Cycler 11a",1,0.177157,0.227273,0.165422,0
25,16,409.2629,19.6374,5,"Cycler 11b",1,0.162156,0,0.146376,0
25,16,409.2629,19.6374,6,"Cycler 32",1,0.207396,0.469697,0.200253,0
25,16,409.2629,19.6374,7,"Resonant 2to1 Stable",1,0.00420634,0,0.00200327,0
25,16,409.2629,19.6374,8,"Resonant 2to1 Unstable",1,0.132082,0.121212,0.0975214,0
25,16,409.2629,19.6374,9,"Resonant 3to1 Stable",1,0.00693149,0,0.00288039,0
25,16,409.2629,19.6374,10,"Resonant 3to1 Unstable",1,0.0202392,0,0.012024,0
25,16,409.2629,19.6374,11,"Resonant 5to2 Stable",1,0.00944523,0,0.00894944,0
25,16,409.2629,19.6374,12,"Resonant 5to2 Unstable",1,0.185144,0.272727,0.12825,0
25,16,409.2629,19.6374,13,"Distant Prograde Orbit",1,0.13808,0,0.112667,0
25,17,409.2629,20.4912,1,"Lyapunov L1",1,0.115849,0,0.111772,0
25,17,409.2629,20.4912,2,"Lyapunov L2",1,0.0742846,0,0.0613084,0
25,17,409.2629,20.4912,3,"Cycler 21",1,0.166496,0,0.148614,0
25,17,409.2629,20.4912,4,"Cycler 11a",1,0.179193,0.227273,0.16752,0
25,17,409.2629,20.4912,5,"Cycler 11b",1,0.162167,0,0.14665,0
25,17,409.2629,20.4912,6,"Cycler 32",1,0.208142,0.469697,0.200998,0
25,17,409.2629,20.4912,7,"Resonant 2to1 Stable",1,0.00425624,0,0.00202824,0
25,17,409.2629,20.4912,8,"Resonant 2to1 Unstable",1,0.132504,0.121212,0.0976452,0
25,17,409.2629,20.4912,9,"Resonant 3to1 Stable",1,0.00693969,0,0.00365735,0
25,17,409.2629,20.4912,10,"Resonant 3to1 Unstable",1,0.0202802,0,0.012269,0
25,17,409.2629,20.4912,11,"Resonant 5to2 Stable",1,0.009538,0,0.00909653,0
25,17,409.2629,20.4912,12,"Resonant 5to2 Unstable",1,0.185747,0.272727,0.12887,0
25,17,409.2629,20.4912,13,"Distant Prograde Orbit",1,0.138654,0,0.113808,0
25,18,409.2629,21.3450,1,"Lyapunov L1",1,0.116961,0,0.112352,0
25,18,409.2629,21.3450,2,"Lyapunov L2",1,0.0798688,0,0.0677171,0
25,18,409.2629,21.3450,3,"Cycler 21",1,0.174268,0,0.153124,0
25,18,409.2629,21.3450,4,"Cycler 11a",1,0.187316,0.242424,0.174549,0
25,18,409.2629,21.3450,5,"Cycler 11b",1,0.17109,0,0.151293,0
25,18,409.2629,21.3450,6,"Cycler 32",1,0.267796,0.5,0.26068,0
25,18,409.2629,21.3450,7,"Resonant 2to1 Stable",1,0.00435068,0,0.00206548,0
25,18,409.2629,21.3450,8,"Resonant 2to1 Unstable",1,0.136319,0.136364,0.0992571,0
25,18,409.2629,21.3450,9,"Resonant 3to1 Stable",1,0.00696498,0,0.00413076,0
25,18,409.2629,21.3450,10,"Resonant 3to1 Unstable",1,0.0205676,0,0.0124162,0
25,18,409.2629,21.3450,11,"Resonant 5to2 Stable",1,0.0101641,0,0.00930115,0
25,18,409.2629,21.3450,12,"Resonant 5to2 Unstable",1,0.250929,0.30303,0.182754,0
25,18,409.2629,21.3450,13,"Distant Prograde Orbit",1,0.150884,0,0.121987,0
25,19,409.2629,22.1988,1,"Lyapunov L1",1,0.118421,0,0.113813,0
25,19,409.2629,22.1988,2,"Lyapunov L2",1,0.0898241,0,0.0740454,0
25,19,409.2629,22.1988,3,"Cycler 21",1,0.180564,0,0.160824,0
25,19,409.2629,22.1988,4,"Cycler 11a",1,0.189044,0.242424,0.176446,0
25,19,409.2629,22.1988,5,"Cycler 11b",1,0.173568,0,0.154338,0
25,19,409.2629,22.1988,6,"Cycler 32",1,0.276029,0.5,0.269178,0
25,19,409.2629,22.1988,7,"Resonant 2to1 Stable",1,0.0043577,0,0.00206548,0
25,19,409.2629,22.1988,8,"Resonant 2to1 Unstable",1,0.137175,0.136364,0.104568,0
25,19,409.2629,22.1988,9,"Resonant 3to1 Stable",1,0.00716941,0,0.00445852,0
25,19,409.2629,22.1988,10,"Resonant 3to1 Unstable",1,0.020737,0,0.0125057,0
25,19,409.2629,22.1988,11,"Resonant 5to2 Stable",1,0.0107394,0,0.00956302,0
25,19,409.2629,22.1988,12,"Resonant 5to2 Unstable",1,0.257333,0.30303,0.183524,0
25,19,409.2629,22.1988,13,"Distant Prograde Orbit",1,0.154831,0,0.125768,0
25,20,409.2629,23.0527,1,"Lyapunov L1",1,0.119326,0,0.115191,0
25,20,409.2629,23.0527,2,"Lyapunov L2",1,0.092311,0,0.0773088,0
25,20,409.2629,23.0527,3,"Cycler 21",1,0.181575,0,0.162015,0
25,20,409.2629,23.0527,4,"Cycler 11a",1,0.189498,0.242424,0.177,0
25,20,409.2629,23.0527,5,"Cycler 11b",1,0.176181,0,0.156925,0
25,20,409.2629,23.0527,6,"Cycler 32",1,0.277668,0.530303,0.270952,0
25,20,409.2629,23.0527,7,"Resonant 2to1 Stable",1,0.00435998,0,0.00206891,0
25,20,409.2629,23.0527,8,"Resonant 2to1 Unstable",1,0.137511,0.136364,0.105542,0
25,20,409.2629,23.0527,9,"Resonant 3to1 Stable",1,0.00730427,0,0.00497112,0
25,20,409.2629,23.0527,10,"Resonant 3to1 Unstable",1,0.0207988,0,0.0125576,0
25,20,409.2629,23.0527,11,"Resonant 5to2 Stable",1,0.0116515,0,0.00984055,0
25,20,409.2629,23.0527,12,"Resonant 5to2 Unstable",1,0.25854,0.166667,0.185726,0
25,20,409.2629,23.0527,13,"Distant Prograde Orbit",1,0.157208,0,0.128071,0
25,21,409.2629,23.9065,1,"Lyapunov L1",1,0.119646,0,0.117825,0
25,21,409.2629,23.9065,2,"Lyapunov L2",1,0.0924901,0,0.0775941,0
25,21,409.2629,23.9065,3,"Cycler 21",1,0.182214,0,0.162723,0
25,21,409.2629,23.9065,4,"Cycler 11a",1,0.197163,0.242424,0.183287,0
25,21,409.2629,23.9065,5,"Cycler 11b",1,0.176832,0,0.158119,0
25,21,409.2629,23.9065,6,"Cycler 32",1,0.283833,0.5,0.279657,0
25,21,409.2629,23.9065,7,"Resonant 2to1 Stable",1,0.00436627,0,0.00207272,0
25,21,409.2629,23.9065,8,"Resonant 2to1 Unstable",1,0.140827,0.136364,0.10998,0
25,21,409.2629,23.9065,9,"Resonant 3to1 Stable",1,0.00731202,0,0.00521033,0
25,21,409.2629,23.9065,10,"Resonant 3to1 Unstable",1,0.0209052,0,0.0125693,0
25,21,409.2629,23.9065,11,"Resonant 5to2 Stable",1,0.0121126,0,0.00999399,0
25,21,409.2629,23.9065,12,"Resonant 5to2 Unstable",1,0.263439,0.166667,0.191082,0
25,21,409.2629,23.9065,13,"Distant Prograde Orbit",1,0.15842,0,0.129408,0
25,22,409.2629,24.7603,1,"Lyapunov L1",1,0.121008,0,0.119181,0
25,22,409.2629,24.7603,2,"Lyapunov L2",1,0.0934,0,0.0786505,0
25,22,409.2629,24.7603,3,"Cycler 21",1,0.182234,0,0.163237,0
25,22,409.2629,24.7603,4,"Cycler 11a",1,0.197184,0.242424,0.183336,0
25,22,409.2629,24.7603,5,"Cycler 11b",1,0.176852,0,0.158678,0
25,22,409.2629,24.7603,6,"Cycler 32",1,0.284276,0.5,0.280181,0
25,22,409.2629,24.7603,7,"Resonant 2to1 Stable",1,0.00436668,0,0.00207382,0
25,22,409.2629,24.7603,8,"Resonant 2to1 Unstable",1,0.14085,0.136364,0.110237,0
25,22,409.2629,24.7603,9,"Resonant 3to1 Stable",1,0.00731327,0,0.00534681,0
25,22,409.2629,24.7603,10,"Resonant 3to1 Unstable",1,0.0209371,0,0.0125977,0
25,22,409.2629,24.7603,11,"Resonant 5to2 Stable",1,0.0122999,0,0.0103226,0
25,22,409.2629,24.7603,12,"Resonant 5to2 Unstable",1,0.264239,0.166667,0.193101,0
25,22,409.2629,24.7603,13,"Distant Prograde Orbit",1,0.159219,0,0.130329,0
25,23,409.2629,25.6141,1,"Lyapunov L1",1,0.124571,0,0.122756,0
25,23,409.2629,25.6141,2,"Lyapunov L2",1,0.0946329,0,0.0798757,0
25,23,409.2629,25.6141,3,"Cycler 21",1,0.183132,0,0.16446,0
25,23,409.2629,25.6141,4,"Cycler 11a",1,0.197321,0.257576,0.18351,0
25,23,409.2629,25.6141,5,"Cycler 11b",1,0.176975,0,0.158974,0
25,23,409.2629,25.6141,6,"Cycler 32",1,0.285529,0.5,0.281389,0
25,23,409.2629,25.6141,7,"Resonant 2to1 Stable",1,0.00441422,0,0.00209541,0
25,23,409.2629,25.6141,8,"Resonant 2to1 Unstable",1,0.141257,0,0.110968,0
25,23,409.2629,25.6141,9,"Resonant 3to1 Stable",1,0.00731819,0,0.00539896,0
25,23,409.2629,25.6141,10,"Resonant 3to1 Unstable",1,0.0210032,0,0.0126048,0
25,23,409.2629,25.6141,11,"Resonant 5to2 Stable",1,0.0133598,0,0.0109711,0
25,23,409.2629,25.6141,12,"Resonant 5to2 Unstable",1,0.264787,0.166667,0.194979,0
25,23,409.2629,25.6141,13,"Distant Prograde Orbit",1,0.159703,0,0.131105,0
25,24,409.2629,26.4679,1,"Lyapunov L1",1,0.125057,0,0.123231,0
25,24,409.2629,26.4679,2,"Lyapunov L2",1,0.0950682,0,0.080321,0
25,24,409.2629,26.4679,3,"Cycler 21",1,0.183348,0,0.164537,0
25,24,409.2629,26.4679,4,"Cycler 11a",1,0.197558,0.242424,0.183927,0
25,24,409.2629,26.4679,5,"Cycler 11b",1,0.177187,0,0.159161,0
25,24,409.2629,26.4679,6,"Cycler 32",1,0.285742,0.454545,0.281569,0
25,24,409.2629,26.4679,7,"Resonant 2to1 Stable",1,0.00457042,0,0.00261356,0
25,24,409.2629,26.4679,8,"Resonant 2to1 Unstable",1,0.141588,0.136364,0.111691,0
25,24,409.2629,26.4679,9,"Resonant 3to1 Stable",1,0.00732441,0,0.00543595,0
25,24,409.2629,26.4679,10,"Resonant 3to1 Unstable",1,0.0210943,0,0.0126343,0
25,24,409.2629,26.4679,11,"Resonant 5to2 Stable",1,0.0153373,0,0.0122488,0
25,24,409.2629,26.4679,12,"Resonant 5to2 Unstable",1,0.265014,0.30303,0.195557,0
25,24,409.2629,26.4679,13,"Distant Prograde Orbit",1,0.159915,0,0.131126,0
25,25,409.2629,27.3217,1,"Lyapunov L1",1,0.126525,0,0.124797,0
25,25,409.2629,27.3217,2,"Lyapunov L2",1,0.0953766,0,0.0806171,0
25,25,409.2629,27.3217,3,"Cycler 21",1,0.184562,0,0.165748,0
25,25,409.2629,27.3217,4,"Cycler 11a",1,0.197624,0.242424,0.184059,0
25,25,409.2629,27.3217,5,"Cycler 11b",1,0.177246,0,0.159301,0
25,25,409.2629,27.3217,6,"Cycler 32",1,0.289086,0.5,0.284985,0
25,25,409.2629,27.3217,7,"Resonant 2to1 Stable",1,0.00466987,0,0.00263163,0
25,25,409.2629,27.3217,8,"Resonant 2to1 Unstable",1,0.141659,0.136364,0.116073,0
25,25,409.2629,27.3217,9,"Resonant 3to1 Stable",1,0.0073303,0,0.00551992,0
25,25,409.2629,27.3217,10,"Resonant 3to1 Unstable",1,0.0211363,0,0.0126905,0
25,25,409.2629,27.3217,11,"Resonant 5to2 Stable",1,0.0158095,0,0.0129557,0
25,25,409.2629,27.3217,12,"Resonant 5to2 Unstable",1,0.267285,0.166667,0.198406,0
25,25,409.2629,27.3217,13,"Distant Prograde Orbit",1,0.165494,0,0.135956,0
